label,Te_eV,n_lower,n_upper,Upsilon_interp,K_CCC_stored,K_And2002,pct_err
1S->2S,1.0,1,2,0.296,3.960331767114874e-13,4.3875585825013597e-13,-9.737233300778458
1S->2S,1.0481131341546857,1,2,0.2972247904854128,6.218274219598877e-13,6.874591812142996e-13,-9.54700454192533
1S->2S,1.0985411419875581,1,2,0.2984546489158699,9.553540447848357e-13,1.0542226174131344e-12,-9.378339166247795
1S->2S,1.1513953993264474,1,2,0.2996895962615435,1.4376185129280115e-12,1.5838273922177378e-12,-9.23136447873899
1S->2S,1.2067926406393286,1,2,0.3009296535793756,2.1208851490975055e-12,2.3333639406392202e-12,-9.10611447451728
1S->2S,1.264855216855296,1,2,0.3021748420134384,3.0702642691655118e-12,3.3740106993564697e-12,-9.002533105449018
1S->2S,1.3257113655901092,1,2,0.30342518279529374,4.365086281048879e-12,4.792609958640101e-12,-8.920477178003672
1S->2S,1.3894954943731377,1,2,0.30468069724435554,6.099931556330866e-12,6.692904038319495e-12,-8.859718869322341
1S->2S,1.4563484775012439,1,2,0.30594140676825354,8.385186901643391e-12,9.196295357539116e-12,-8.819947863361943
1S->2S,1.5264179671752334,1,2,0.307207332863198,1.1347012720953374e-11,1.2442005386514552e-11,-8.80077311932369
1S->2S,1.599858719606058,1,2,0.3084784971143462,1.51266293059652e-11,1.6586529940776635e-11,-8.801724290880086
1S->2S,1.676832936811008,1,2,0.3097549211961708,1.9878864756452515e-11,2.1802320599959203e-11,-8.822252817942179
1S->2S,1.7575106248547918,1,2,0.31103662687282907,2.576994838574181e-11,2.8275661972940003e-11,-8.861732714148928
1S->2S,1.842069969326716,1,2,0.31232363599853424,3.29745788783663e-11,3.620375907668218e-11,-8.919461074404577
1S->2S,1.93069772888325,1,2,0.3136159705179279,4.167234226475317e-11,4.579109478590868e-11,-8.994658329118987
1S->2S,2.023589647725157,1,2,0.31491365246645436,5.204359724588717e-11,5.724516060404476e-11,-9.086468276569148
1S->2S,2.120950887920191,1,2,0.3162167039707365,6.426498116341067e-11,7.077170164057855e-11,-9.193957932808983
1S->2S,2.2229964825261948,1,2,0.31752514724895253,7.850471625320628e-11,8.656964597518221e-11,-9.31611725002085
1S->2S,2.329951810515372,1,2,0.31883900461121534,9.491791091625604e-11,1.04825907661351e-10,-9.45185876863912
1S->2S,2.442053094548651,1,2,0.3201582984599528,1.1364205376403228e-10,1.257102605009429e-10,-9.600017284842155
1S->2S,2.5595479226995357,1,2,0.32148305129028953,1.34792889324832e-10,1.4937047635878087e-10,-9.75934963140519
1S->2S,2.6826957952797255,1,2,0.32281328569043083,1.5846084461733118e-10,1.759279079808456e-10,-9.928534684455059
1S->2S,2.8117686979742302,1,2,0.3241490243420473,1.84708147128813e-10,2.0547367352250868e-10,-10.106173719340694
1S->2S,2.9470517025518106,1,2,0.32549029002066204,2.1356673941555463e-10,2.3806557027638544e-10,-10.290791243936937
1S->2S,3.088843596477481,1,2,0.3267291036859371,2.450370561886324e-10,2.736353591783259e-10,-10.451245436835599
1S->2S,3.237457542817644,1,2,0.3279065012367778,2.790876890247956e-10,3.1217022510628153e-10,-10.597594972493829
1S->2S,3.393221771895328,1,2,0.3290881416450105,3.156559242566821e-10,3.536611988353531e-10,-10.746238123895624
1S->2S,3.5564803062231287,1,2,0.3302740402001511,3.5464910333479573e-10,3.9801442486850917e-10,-10.895414543842197
1S->2S,3.72759372031494,1,2,0.33146421224681316,3.959467237609284e-10,4.4510050086130584e-10,-11.043298537130564
1S->2S,3.906939937054617,1,2,0.3326586731849054,4.3940317380794545e-10,4.947565614157351e-10,-11.188004753165293
1S->2S,4.094915062380425,1,2,0.3338574384698319,4.848509763767349e-10,5.467890216866322e-10,-11.327594895530712
1S->2S,4.2919342601287775,1,2,0.3350605236126913,5.321044067069971e-10,6.009768693520235e-10,-11.460085430456745
1S->2S,4.498432668969445,1,2,0.3362679441804783,5.809633450166139e-10,6.57075384768765e-10,-11.58345625425249
1S->2S,4.714866363457394,1,2,0.3374797157962842,6.312172278899418e-10,7.14820165984321e-10,-11.695660261522756
1S->2S,4.941713361323834,1,2,0.3386958541395,6.826489704905195e-10,7.739313371123723e-10,-11.7946337413391
1S->2S,5.17947467923121,1,2,0.340652505024233,7.350387443845278e-10,8.359242078220756e-10,-12.068733324567283
1S->2S,5.428675439323859,1,2,0.3428669908058271,7.881675117905549e-10,8.996094540874315e-10,-12.387813599616281
1S->2S,5.689866029018296,1,2,0.3450958723344203,8.418202352792263e-10,9.64135607948445e-10,-12.686532025250052
1S->2S,5.963623316594643,1,2,0.34733924319270015,8.957887012566871e-10,1.0292052756912233e-09,-12.963067483785728
1S->2S,6.250551925273971,1,2,0.34959719757170926,9.498739150137212e-10,1.0945223145882003e-09,-13.215664737625854
1S->2S,6.551285568595508,1,2,0.3518698302747997,1.0038880438845025e-09,1.1597952174501739e-09,-13.442646703478866
1S->2S,6.866488450043,1,2,0.3541572367216128,1.0576559024701987e-09,1.224740182389733e-09,-13.642426558873645
1S->2S,7.196856730011519,1,2,0.3564595129520867,1.1110159894378903e-09,1.2890838371186836e-09,-13.813519536386753
1S->2S,7.543120063354617,1,2,0.3587767556304878,1.1638210987534346e-09,1.3525655991067163e-09,-13.954554254369288
1S->2S,7.906043210907698,1,2,0.3611090620494694,1.2159385391381985e-09,1.4149396637872485e-09,-14.06428342791668
1S->2S,8.286427728546842,1,2,0.36345653013415724,1.2672500039688313e-09,1.475976622529657e-09,-14.141593801336217
1S->2S,8.685113737513525,1,2,0.3658192584462605,1.3176511397880689e-09,1.535464720209158e-09,-14.185515144328352
1S->2S,9.102981779915218,1,2,0.3681973461882101,1.3670508651727312e-09,1.5932107688708724e-09,-14.195228159198514
1S->2S,9.54095476349994,1,2,0.3705908932073242,1.4153704930925427e-09,1.649040739235426e-09,-14.170071156108854
1S->2S,10.0,1,2,0.373,1.4625427093233442e-09,1.7028000557064159e-09,-14.109545367814757
1S->2P,1.0,1,2,0.529,6.796180930819734e-13,7.841278682916282e-13,-13.328154684432947
1S->2P,1.0481131341546857,1,2,0.5399218419606195,1.079328529436249e-12,1.2487996939548033e-12,-13.57072437949267
1S->2P,1.0985411419875581,1,2,0.5510691784993349,1.678177715967338e-12,1.946525523537869e-12,-13.78598966854545
1S->2P,1.1513953993264474,1,2,0.5624466652232256,2.5571204917868096e-12,2.972470336489873e-12,-13.97322084611755
1S->2P,1.2067926406393286,1,2,0.5740590538599846,3.8221443567213754e-12,4.451168836776139e-12,-14.131669750598563
1S->2P,1.264855216855296,1,2,0.5859111942424449,5.60919475760766e-12,6.542141711978854e-12,-14.26057391363046
1S->2P,1.3257113655901092,1,2,0.5980080363340778,8.089252665997558e-12,9.44555505867513e-12,-14.359160306115582
1S->2P,1.3894954943731377,1,2,0.6103546322963106,1.1473355308115721e-11,1.3407626476667672e-11,-14.426648683255184
1S->2P,1.4563484775012439,1,2,0.6229561385985268,1.6017322528677168e-11,1.8725443887638532e-11,-14.462254540994412
1S->2P,1.5264179671752334,1,2,0.6358178181716286,2.202593675969847e-11,2.5750845999682242e-11,-14.465191706826786
1S->2P,1.599858719606058,1,2,0.6489450426060642,2.985632613202738e-11,3.4893020031519957e-11,-14.434674599512364
1S->2P,1.676832936811008,1,2,0.6623432943952341,3.992031865194078e-11,4.6619504206335655e-11,-14.369920204952425
1S->2P,1.7575106248547918,1,2,0.6760181692252167,5.2685569756624816e-11,6.145533866142817e-11,-14.270149828834333
1S->2P,1.842069969326716,1,2,0.6899753783117671,6.867531369923076e-11,7.99801855705826e-11,-14.134590699811866
1S->2P,1.93069772888325,1,2,0.7042207507855662,8.846664764930937e-11,1.028233322944956e-10,-13.962477508574956
1S->2P,2.023589647725157,1,2,0.718760236126717,1.126873218773268e-10,1.3065659373805018e-10,-13.753053976555885
1S->2P,2.120950887920191,1,2,0.7335999066495026,1.420110753141212e-10,1.6418523457179388e-10,-13.505574551514554
1S->2P,2.2229964825261948,1,2,0.748745960038446,1.771516186213778e-10,2.0413713133421758e-10,-13.219306324364144
1S->2P,2.329951810515372,1,2,0.76420472193673,2.188554226583577e-10,2.5125048208512127e-10,-12.89353125133047
1S->2P,2.442053094548651,1,2,0.7799826485880572,2.6789351568055637e-10,3.062604418247961e-10,-12.527548747607586
1S->2P,2.5595479226995357,1,2,0.7960863295330556,3.250525255808213e-10,3.6988511147883855e-10,-12.120678693654895
1S->2P,2.6826957952797255,1,2,0.8125224903613536,3.911252229210003e-10,4.428113347656344e-10,-11.672264864671966
1S->2P,2.8117686979742302,1,2,0.8292979955204759,4.669008264296697e-10,5.256807603549577e-10,-11.181678759861368
1S->2P,2.9470517025518106,1,2,0.8464198511827314,5.531553260491837e-10,6.19076607637908e-10,-10.648323773732537
1S->2P,3.088843596477481,1,2,0.867684502414906,6.506420612552433e-10,7.266850665987643e-10,-10.464368794509404
1S->2P,3.237457542817644,1,2,0.8918618912912685,7.600827665113272e-10,8.490613218036516e-10,-10.479638279047766
1S->2P,3.393221771895328,1,2,0.9167129652815772,8.821592638786083e-10,9.85164049572825e-10,-10.455597292540308
1S->2P,3.5564803062231287,1,2,0.9422564961247935,1.0175059475052897e-09,1.1355166671787205e-09,-10.39268934437022
1S->2P,3.72759372031494,1,2,0.9685117786205436,1.1667031682905649e-09,1.3005478776486608e-09,-10.291409617313118
1S->2P,3.906939937054617,1,2,0.9954986452038185,1.3302715914246156e-09,1.4805851351463062e-09,-10.152306689668144
1S->2P,4.094915062380425,1,2,1.0232374809257865,1.5086675662681332e-09,1.6758500985116198e-09,-9.97598367491026
1S->2P,4.2919342601287775,1,2,1.0517492388520362,1.7022795182013288e-09,1.8864560888686223e-09,-9.763098741288545
1S->2P,4.498432668969445,1,2,1.0810554558898788,1.9114253462464794e-09,2.1124075069551416e-09,-9.514365009919945
1S->2P,4.714866363457394,1,2,1.1111782690566683,2.1363507886761855e-09,2.35360111303615e-09,-9.230549864913652
1S->2P,4.941713361323834,1,2,1.1421404322014237,2.3772287014020857e-09,2.6098290281984952e-09,-8.912473739974002
1S->2P,5.17947467923121,1,2,1.1768463495496926,2.634159180448161e-09,2.887852982045874e-09,-8.784858619014102
1S->2P,5.428675439323859,1,2,1.2135955219620145,2.9071704499016777e-09,3.184214387128003e-09,-8.700542851205583
1S->2P,5.689866029018296,1,2,1.251492254269056,3.1962204300260413e-09,3.4964435745066946e-09,-8.58652908542965
1S->2P,5.963623316594643,1,2,1.2905723811202947,3.50119889635078e-09,3.8241112380540445e-09,-8.444114765541787
1S->2P,6.250551925273971,1,2,1.3308728561674557,3.821930139196019e-09,4.166709713558905e-09,-8.274624297462763
1S->2P,6.551285568595508,1,2,1.3724317870074005,4.158176033945646e-09,4.523660984531348e-09,-8.0794063002395
1S->2P,6.866488450043,1,2,1.4152884712161626,4.50963943517503e-09,4.894325120720001e-09,-7.859831050381461
1S->2P,7.196856730011519,1,2,1.4594834335082203,4.875967812180961e-09,5.278008964038546e-09,-7.617288159168966
1S->2P,7.543120063354617,1,2,1.505058464056128,5.256757049246015e-09,5.673974891571053e-09,-7.353184501130494
1S->2P,7.906043210907698,1,2,1.552056658006754,5.651555340761109e-09,6.081449502804201e-09,-7.068942393501166
1S->2P,8.286427728546842,1,2,1.600522456231481,6.05986711876869e-09,6.4996320972949354e-09,-6.765998012553198
1S->2P,8.685113737513525,1,2,1.6505016873489078,6.481156958215726e-09,6.927702828806168e-09,-6.445800023835524
1S->2P,9.102981779915218,1,2,1.7020416110597827,6.914853412891277e-09,7.364830441826812e-09,-6.109808399389571
1S->2P,9.54095476349994,1,2,1.7551909628351572,7.360352742406546e-09,7.810179515754554e-09,-5.7594933950061655
1S->2P,10.0,1,2,1.81,7.81702249749311e-09,8.262917160398426e-09,-5.39633466304551
1S->3S,1.0,1,3,0.06959999999999998,1.377083735144781e-14,1.5590375915759628e-14,-11.670908861617157
1S->3S,1.0481131341546857,1,3,0.06992466515220193,2.3542089338189185e-14,2.6655173555529962e-14,-11.679099409558813
1S->3S,1.0985411419875581,1,3,0.070250844779419,3.922886870065187e-14,4.442613183450687e-14,-11.698662294560059
1S->3S,1.1513953993264474,1,3,0.07057854594626707,6.378915295687207e-14,7.226626592916023e-14,-11.730387426683897
1S->3S,1.2067926406393286,1,3,0.07090777575031641,1.0133259253638192e-13,1.1485703529235658e-13,-11.775023377148475
1S->3S,1.264855216855296,1,3,0.0712385413222457,1.5742426703736699e-13,1.7855291978319433e-13,-11.833272047011356
1S->3S,1.3257113655901092,1,3,0.07157084982599615,2.394155413368253e-13,2.717721444799206e-13,-11.905783502946854
1S->3S,1.3894954943731377,1,3,0.07190470845892687,3.567870115289861e-13,4.0540823302533667e-13,-11.993150985986977
1S->3S,1.4563484775012439,1,3,0.07224012445197076,5.214835433511333e-13,5.932414749422407e-13,-12.095906072328122
1S->3S,1.5264179671752334,1,3,0.07257710506979093,7.482172685720878e-13,8.523245722705694e-13,-12.21451394052182
1S->3S,1.599858719606058,1,3,0.07291565761093835,1.05471172001118e-12,1.203313318014703e-12,-12.349368678865336
1S->3S,1.676832936811008,1,3,0.07325578940800961,1.4618595606923855e-12,1.6707116973024257e-12,-12.500788553001584
1S->3S,1.7575106248547918,1,3,0.07359750782780593,1.9937679334155234e-12,2.2830016694483422e-12,-12.669011148936582
1S->3S,1.842069969326716,1,3,0.0739408202714927,2.6776694334120366e-12,3.0726312390339623e-12,-12.8541883127538
1S->3S,1.93069772888325,1,3,0.07428573417475966,3.543682945358741e-12,4.07584015830379e-12,-13.056380826438307
1S->3S,2.023589647725157,1,3,0.07463225700798207,4.624416697077238e-12,5.332310375939058e-12,-13.27555278957584
1S->3S,2.120950887920191,1,3,0.07498039627638252,5.954415267836054e-12,6.884637601877462e-12,-13.51156571825558
1S->3S,2.2229964825261948,1,3,0.07533015952019331,7.569462206781586e-12,8.777630388042109e-12,-13.764172422963117
1S->3S,2.329951810515372,1,3,0.07568155431482004,9.505759558821102e-12,1.1057453151979968e-11,-14.033010783147814
1S->3S,2.442053094548651,1,3,0.07603458827100541,1.1799014172176376e-11,1.3770638825150559e-11,-14.317597593026887
1S->3S,2.5595479226995357,1,3,0.07638926903499414,1.448346748171892e-11,1.6963004605561434e-11,-14.61732270608227
1S->3S,2.6826957952797255,1,3,0.07674560428869877,1.7590909993704793e-11,2.0678510097090156e-11,-14.931443749517737
1S->3S,2.8117686979742302,1,3,0.0771036017498657,2.1149723613273656e-11,2.49581005729824e-11,-15.259081710053612
1S->3S,2.9470517025518106,1,3,0.0774632691722427,2.5183994152756987e-11,2.983857906052656e-11,-15.59921770513235
1S->3S,3.088843596477481,1,3,0.07780677855478639,2.971273295420567e-11,3.534344761582745e-11,-15.931424468902799
1S->3S,3.237457542817644,1,3,0.07814088239810327,3.474924086895711e-11,4.149763532376007e-11,-16.262118075289635
1S->3S,3.393221771895328,1,3,0.07847642088991985,4.0300640333945396e-11,4.832307803513372e-11,-16.601669486690273
1S->3S,3.5564803062231287,1,3,0.07881340019064509,4.636759255008565e-11,5.5829934166465184e-11,-16.948509357303145
1S->3S,3.72759372031494,1,3,0.07915182648714088,5.2944207436339355e-11,6.402032319110288e-11,-17.300936956692535
1S->3S,3.906939937054617,1,3,0.0794917059928357,6.00181447358588e-11,7.288808829048126e-11,-17.657128697533963
1S->3S,4.094915062380425,1,3,0.07983304494783844,6.757089596838609e-11,8.241875791320376e-11,-18.015148882071408
1S->3S,4.2919342601287775,1,3,0.0801758496190533,7.55782293447263e-11,9.25897002641621e-11,-18.372962511922385
1S->3S,4.498432668969445,1,3,0.08052012630029463,8.40107736534092e-11,1.0337045815307985e-10,-18.72844993199233
1S->3S,4.714866363457394,1,3,0.08086588131240259,9.283471272976444e-11,1.1472324616668527e-10,-19.07942301869513
1S->3S,4.941713361323834,1,3,0.08121312100335902,1.0201255951848168e-10,1.2660358792961183e-10,-19.423642578599033
1S->3S,5.17947467923121,1,3,0.0815807718889224,1.1150397790800742e-10,1.389933035390218e-10,-19.777446057533897
1S->3S,5.428675439323859,1,3,0.08195640750318246,1.2126662130379875e-10,1.5182228976072836e-10,-20.12594363125816
1S->3S,5.689866029018296,1,3,0.08233377271758525,1.3125695908680452e-10,1.650214170572173e-10,-20.46065206112353
1S->3S,5.963623316594643,1,3,0.08271287549600992,1.4143106538573997e-10,1.7852798159347055e-10,-20.779328750943183
1S->3S,6.250551925273971,1,3,0.08309372383900504,1.5174534866077899e-10,1.9227688397033574e-10,-21.079775411697387
1S->3S,6.551285568595508,1,3,0.08347632578395749,1.6215720513477083e-10,2.062015601700959e-10,-21.35985537596944
1S->3S,6.866488450043,1,3,0.08386068940526183,1.7262558381950496e-10,2.2023488113055825e-10,-21.61750993605316
1S->3S,7.196856730011519,1,3,0.08424682281449104,1.8311145551020722e-10,2.3431000388321995e-10,-21.8507735583198
1S->3S,7.543120063354617,1,3,0.0846347341605674,1.935781824511139e-10,2.4836116036265124e-10,-22.05778787292848
1S->3S,7.906043210907698,1,3,0.0850244316299347,2.0399178925175374e-10,2.6232437318639904e-10,-22.23681437835595
1S->3S,8.286427728546842,1,3,0.08541592344673081,2.1432113895348516e-10,2.7613809079675744e-10,-22.386245832622443
1S->3S,8.685113737513525,1,3,0.08580921787296143,2.2453802085349155e-10,2.8974373725234324e-10,-22.50461632655163
1S->3S,9.102981779915218,1,3,0.08620432320867427,2.346171587748597e-10,3.0308617458800533e-10,-22.59061004884757
1S->3S,9.54095476349994,1,3,0.08660124779213436,2.4453614994539406e-10,3.161140779789362e-10,-22.643068758966066
1S->3S,10.0,1,3,0.08699999999999998,2.542753455572686e-10,3.287802259224227e-10,-22.66099798311285
1S->3P,1.0,1,3,0.12600000000000003,2.4507666314106138e-14,2.822395639922003e-14,-13.167147909910293
1S->3P,1.0481131341546857,1,3,0.12811658789134542,4.2093050035713254e-14,4.883784395896507e-14,-13.810589036074116
1S->3P,1.0985411419875581,1,3,0.1302687308961971,7.050469547238818e-14,8.238101379250366e-14,-14.416329410595552
1S->3P,1.1513953993264474,1,3,0.1324570262806084,1.1530197446882711e-13,1.3562442463277312e-13,-14.984358620486393
1S->3P,1.2067926406393286,1,3,0.13468208134369694,1.8431262668073046e-13,2.181592132379362e-13,-15.514626246974428
1S->3P,1.264855216855296,1,3,0.13694451358618318,2.8829655558682983e-13,3.432389587891062e-13,-16.007041682012037
1S->3P,1.3257113655901092,1,3,0.13924495088176014,4.4170776184446185e-13,5.287473741214649e-13,-16.461474143795574
1S->3P,1.3894954943731377,1,3,0.14158403165134206,6.635395043153846e-13,7.982694503123026e-13,-16.877752987316285
1S->3P,1.4563484775012439,1,3,0.14396240504023963,9.782286226624613e-13,1.1822303761268526e-12,-17.255668403033997
1S->3P,1.5264179671752334,1,3,0.14638073109831212,1.4165861392080326e-12,1.7190530526403306e-12,-17.594972590737246
1S->3P,1.599858719606058,1,3,0.14883968096314523,2.0167136808809822e-12,2.456273127339176e-12,-17.895381485297545
1S->3P,1.676832936811008,1,3,0.15133993704630636,2.8248597717726337e-12,3.4515415796561085e-12,-18.15657709520955
1S->3P,1.7575106248547918,1,3,0.15388219322272853,3.896167329386848e-12,4.773440220935466e-12,-18.378210492739676
1S->3P,1.842069969326716,1,3,0.15646715502327535,5.295264189395236e-12,6.502035907121809e-12,-18.55990546599061
1S->3P,1.93069772888325,1,3,0.15909553983054142,7.0966523151389156e-12,8.72910522392961e-12,-18.70126280887937
1S->3P,2.023589647725157,1,3,0.1617680770779413,9.384858329301106e-12,1.1557972791927747e-11,-18.801865186465704
1S->3P,2.120950887920191,1,3,0.1644855084521429,1.2254317652388902e-11,1.510292253296945e-11,-18.861282472727293
1S->3P,2.2229964825261948,1,3,0.16724858809890158,1.5808976130490264e-11,1.9488161164195142e-11,-18.879077418881906
1S->3P,2.329951810515372,1,3,0.170058082832352,2.016160572231955e-11,2.4846335425566668e-11,-18.85481147624921
1S->3P,2.442053094548651,1,3,0.17291477234781524,2.543284368292811e-11,3.131662749389685e-11,-18.788050571905945
1S->3P,2.5595479226995357,1,3,0.17581944943818137,3.174997686244871e-11,3.904247505236486e-11,-18.67837062106141
1S->3P,2.6826957952797255,1,3,0.17877292021392635,3.9245503487605964e-11,4.8168982054316014e-11,-18.525362559349524
1S->3P,2.8117686979742302,1,3,0.1817760043268252,4.80555135409473e-11,5.884010208059689e-11,-18.32863669216155
1S->3P,2.9470517025518106,1,3,0.18482953519742287,5.831793522919439e-11,7.11956874224575e-11,-18.08782618650724
1S->3P,3.088843596477481,1,3,0.18886243675590586,7.017069887259988e-11,8.579007850041953e-11,-18.206510473985958
1S->3P,3.237457542817644,1,3,0.19356425905257205,8.374987087069124e-11,1.0279457804116674e-10,-18.526956901217652
1S->3P,3.393221771895328,1,3,0.19838313550404613,9.918780937594081e-11,1.2215750449760756e-10,-18.803343450845144
1S->3P,3.5564803062231287,1,3,0.20332198023049117,1.1661139021580655e-10,1.4402947650279196e-10,-19.036440979117163
1S->3P,3.72759372031494,1,3,0.20838377990051019,1.3614034679533048e-10,1.6854692467749529e-10,-19.227035998534483
1S->3P,3.906939937054617,1,3,0.21357159553727498,1.5788576157150951e-10,1.9582955375574447e-10,-19.375927410610217
1S->3P,4.094915062380425,1,3,0.21888856436961918,1.819487396077169e-10,2.259781473766375e-10,-19.483922795214724
1S->3P,4.2919342601287775,1,3,0.2243379017292153,2.0841928706896523e-10,2.590727653987081e-10,-19.551834501703848
1S->3P,4.498432668969445,1,3,0.2299229029949831,2.373754096585547e-10,2.9517136788682074e-10,-19.58047579005937
1S->3P,4.714866363457394,1,3,0.2356469455859046,2.6888243824311477e-10,3.3430888414410847e-10,-19.570657258629932
1S->3P,4.941713361323834,1,3,0.24151349100345137,3.02992581549632e-10,3.7649673004413056e-10,-19.52318376998463
1S->3P,5.17947467923121,1,3,0.24769630864890999,3.397446990896222e-10,4.220127784572735e-10,-19.494215238788204
1S->3P,5.428675439323859,1,3,0.2540954823049132,3.791642815753392e-10,4.707058193087655e-10,-19.447717444380785
1S->3P,5.689866029018296,1,3,0.26065997704988636,4.212636211985037e-10,5.224402740588461e-10,-19.366166408707265
1S->3P,5.963623316594643,1,3,0.26739406391379805,4.660421503511079e-10,5.771449999088555e-10,-19.250422263953304
1S->3P,6.250551925273971,1,3,0.27430212426763295,5.134869247338056e-10,6.347285364513495e-10,-19.101333051036818
1S->3P,6.551285568595508,1,3,0.28138865267402585,5.635732253169409e-10,6.950806549118169e-10,-18.919736675963172
1S->3P,6.866488450043,1,3,0.2886582598115393,6.162652532329683e-10,7.580741106208853e-10,-18.706463576730158
1S->3P,7.196856730011519,1,3,0.29611567547449114,6.71516892275671e-10,8.235665482968929e-10,-18.462339969448173
1S->3P,7.543120063354617,1,3,0.3037657516502803,7.29272515106937e-10,8.914025111151927e-10,-18.18819152813719
1S->3P,7.906043210907698,1,3,0.31161346567621573,7.894678113413895e-10,9.614155072008159e-10,-17.88484734972251
1S->3P,8.286427728546842,1,3,0.31966392347790024,8.520306181935044e-10,1.0334300908288852e-09,-17.553144063173676
1S->3P,8.685113737513525,1,3,0.32792236289127835,9.168817371338201e-10,1.1072639199835538e-09,-17.193929957779297
1S->3P,9.102981779915218,1,3,0.3363941570705066,9.83935722831856e-10,1.1827297567600083e-09,-16.808069027766102
1S->3P,9.54095476349994,1,3,0.345084817983868,1.0531016334170025e-09,1.259637382169536e-09,-16.396444855963765
1S->3P,10.0,1,3,0.354,1.1242837336605247e-09,1.3377954020291684e-09,-15.959964284881611
1S->3D,1.0,1,3,0.06580000000000001,1.2729749881910319e-14,1.4739177230703794e-14,-13.633239612639658
1S->3D,1.0481131341546857,1,3,0.06628772131672217,2.1774557967317664e-14,2.5268776224410602e-14,-13.828205315765906
1S->3D,1.0985411419875581,1,3,0.06677905771069029,3.631600153648133e-14,4.223059852097917e-14,-14.00547752492689
1S->3D,1.1513953993264474,1,3,0.06727403597750066,5.912562298668431e-14,6.88827363740141e-14,-14.164816760982557
1S->3D,1.2067926406393286,1,3,0.06777268311136327,9.407383307116057e-14,1.0977878481747209e-13,-14.305998898078487
1S->3D,1.264855216855296,1,3,0.06827502630657402,1.4643380473868575e-13,1.711251391317637e-13,-14.428817716879106
1S->3D,1.3257113655901092,1,3,0.06878109295899777,2.2322141408059666e-13,2.611787505469853e-13,-14.533087545175395
1S->3D,1.3894954943731377,1,3,0.06929091066756236,3.3356044233147577e-13,3.906712962267138e-13,-14.61864601951599
1S->3D,1.4563484775012439,1,3,0.0698045072357639,4.890576582975379e-13,5.732399984677929e-13,-14.685356987520947
1S->3D,1.5264179671752334,1,3,0.07032191067318284,7.041682428202164e-13,8.258402202476056e-13,-14.733113554448728
1S->3D,1.599858719606058,1,3,0.07084314919701178,9.965287780959362e-13,1.1691111033205404e-12,-14.76184125994794
1S->3D,1.676832936811008,1,3,0.07136825123359399,1.3872331357989381e-12,1.6276634668132698e-12,-14.771501352491468
1S->3D,1.7575106248547918,1,3,0.07189724541997401,1.901026381508967e-12,2.230259368382083e-12,-14.762094110693248
1S->3D,1.842069969326716,1,3,0.07243016060545922,2.5663934391826085e-12,3.009855358750786e-12,-14.733662143560034
1S->3D,1.93069772888325,1,3,0.07296702585319312,3.4155227222695183e-12,4.003486503946874e-12,-14.686293586795063
1S->3D,2.023589647725157,1,3,0.07350787044174052,4.484130053923994e-12,5.2519754323891796e-12,-14.620125100544957
1S->3D,2.120950887920191,1,3,0.07405272386668407,5.811134627083371e-12,6.7994594930489565e-12,-14.535344566372421
1S->3D,2.2229964825261948,1,3,0.07460161584223304,7.438186037165925e-12,8.692738929330066e-12,-14.432193378443348
1S->3D,2.329951810515372,1,3,0.07515457630284357,9.409049028743678e-12,1.0980459031915863e-11,-14.310968226416731
1S->3D,2.442053094548651,1,3,0.07571163540485147,1.1768859991688886e-11,1.3712148769789149e-11,-14.172022275471164
1S->3D,2.5595479226995357,1,3,0.07627282352811655,1.4563275918079054e-11,1.693714671093285e-11,-14.015765662119895
1S->3D,2.6826957952797255,1,3,0.07683817127767958,1.7837542064379993e-11,2.070345155704787e-11,-13.842665242415887
1S->3D,2.8117686979742302,1,3,0.07740770948543146,2.1635508639663964e-11,2.505653892446039e-11,-13.653243550955041
1S->3D,2.9470517025518106,1,3,0.07798146921179437,2.599862927114401e-11,3.003818789468187e-11,-13.448076953580312
1S->3D,3.088843596477481,1,3,0.07881538528760784,3.096497472243766e-11,3.580160357458296e-11,-13.509531331660874
1S->3D,3.237457542817644,1,3,0.07981644311383468,3.6568294415682046e-11,4.238746156337172e-11,-13.728510585588339
1S->3D,3.393221771895328,1,3,0.08083021567548777,4.283715589432138e-11,4.977246382276079e-11,-13.9340257559601
1S->3D,3.5564803062231287,1,3,0.08185686446623183,4.979418869422893e-11,5.798586716431807e-11,-14.127025895596045
1S->3D,3.72759372031494,1,3,0.08289655303091106,5.74554544526439e-11,6.704916806094827e-11,-14.308475236536268
1S->3D,3.906939937054617,1,3,0.08394944699160162,6.582995978802296e-11,7.697551119122304e-11,-14.479347042609735
1S->3D,4.094915062380425,1,3,0.08501571407399537,7.491932284184872e-11,8.776928854036517e-11,-14.640617364246655
1S->3D,4.2919342601287775,1,3,0.08609552413411846,8.471759868044817e-11,9.942593451195023e-11,-14.79325882497411
1S->3D,4.498432668969445,1,3,0.08718904918538926,9.52112632729227e-11,1.1193191534017902e-10,-14.938234565574604
1S->3D,4.714866363457394,1,3,0.0882964634260202,1.0637935070935152e-10,1.25264904615804e-10,-15.076492465607782
1S->3D,4.941713361323834,1,3,0.08941794326676736,1.1819373387173697e-10,1.393941311822137e-10,-15.20895975366705
1S->3D,5.17947467923121,1,3,0.0905937898380644,1.30619535038574e-10,1.5434923987796017e-10,-15.374034143704641
1S->3D,5.428675439323859,1,3,0.09179861889063916,1.4361564996361892e-10,1.7005475156177507e-10,-15.547405382878543
1S->3D,5.689866029018296,1,3,0.09301947126057947,1.5713536684723534e-10,1.864387414140121e-10,-15.7174277966749
1S->3D,5.963623316594643,1,3,0.09425656004591688,1.7112706030320372e-10,2.0344394166000262e-10,-15.884907209872667
1S->3D,6.250551925273971,1,3,0.09551010117872599,1.855349398725892e-10,2.2100808332911054e-10,-16.05060906469068
1S->3D,6.551285568595508,1,3,0.09678031346281492,2.0029983278298032e-10,2.39064806007772e-10,-16.215257223403857
1S->3D,6.866488450043,1,3,0.0980674186119175,2.1535998141336601e-10,2.5754458297383363e-10,-16.379533622244168
1S->3D,7.196856730011519,1,3,0.09937164128839283,2.3065183720911461e-10,2.763756409833451e-10,-16.544078780439953
1S->3D,7.543120063354617,1,3,0.10069320914243998,2.461108344999706e-10,2.954848563216407e-10,-16.709493148415554
1S->3D,7.906043210907698,1,3,0.10203235285183387,2.6167212970792497e-10,3.1479861133429103e-10,-16.87633925740224
1S->3D,8.286427728546842,1,3,0.10338930616218973,2.7727129369459153e-10,3.3424359838752295e-10,-17.045144609434693
1S->3D,8.685113737513525,1,3,0.10476430592776322,2.928449473969145e-10,3.5374756095665054e-10,-17.216405222706054
1S->3D,9.102981779915218,1,3,0.10615759215279273,3.0833133334879293e-10,3.7323996420896464e-10,-17.39058972362122
1S->3D,9.54095476349994,1,3,0.1075694080333921,3.2367081810419045e-10,3.926525899584576e-10,-17.568143854995423
1S->3D,10.0,1,3,0.109,3.3880632289160017e-10,4.119200531671733e-10,-17.749495251181845
1S->4S,1.0,1,4,0.025500000000000002,2.840485724928823e-15,2.94814047655279e-15,-3.651615398932606
1S->4S,1.0481131341546857,1,4,0.025745416870555406,4.996411748295102e-15,5.221524005145778e-15,-4.311236654831607
1S->4S,1.0985411419875581,1,4,0.025993195679948202,8.555127058083709e-15,9.002708022015877e-15,-4.971625902313182
1S->4S,1.1513953993264474,1,4,0.026243359159928873,1.4276780010972398e-14,1.5129050965142403e-14,-5.633340492630046
1S->4S,1.2067926406393286,1,4,0.026495930261022645,2.324758653565139e-14,2.4809847591348212e-14,-6.2969393501700495
1S->4S,1.264855216855296,1,4,0.026750932154634987,3.697889967835861e-14,3.974643517563309e-14,-6.96297789989263
1S->4S,1.3257113655901092,1,4,0.027008388235177358,5.75202636501848e-14,6.227293590725786e-14,-7.63200287224477
1S->4S,1.3894954943731377,1,4,0.02726832212221355,8.758291640156526e-14,9.551500482519014e-14,-8.30454695379228
1S->4S,1.4563484775012439,1,4,0.0275307576626265,1.3066825303647942e-13,1.4356170685318947e-13,-8.981123239148502
1S->4S,1.5264179671752334,1,4,0.02779571893280615,1.911938824854348e-13,2.116433249541677e-13,-9.662219431282004
1S->4S,1.599858719606058,1,4,0.028063230240858196,2.7460832877416616e-13,3.063057403886936e-13,-10.3482917343646
1S->4S,1.676832936811008,1,4,0.028333316128834163,3.874843713367821e-13,4.355702775899878e-13,-11.039758387387044
1S->4S,1.7575106248547918,1,4,0.028606001374983002,5.375806790173643e-13,6.09066806202154e-13,-11.736992798957901
1S->4S,1.842069969326716,1,4,0.028881310996024267,7.338619016759592e-13,8.381276294854555e-13,-12.440316264660945
1S->4S,1.93069772888325,1,4,0.029159270249443155,9.86468791403059e-13,1.1358303753343702e-12,-13.149990278023827
1S->4S,2.023589647725157,1,4,0.029439904635807767,1.3066321887837596e-12,1.5169797657582876e-12,-13.866208483630116
1S->4S,2.120950887920191,1,4,0.029723239901108544,1.7065276928190715e-12,1.998020697985839e-12,-14.589088364330527
1S->4S,2.2229964825261948,1,4,0.030009302039120212,2.1990713209700364e-12,2.5968783603488623e-12,-15.318662801186612
1S->4S,2.329951810515372,1,4,0.03029811729378661,2.797660186246034e-12,3.332724891381075e-12,-16.05487169129376
1S->4S,2.442053094548651,1,4,0.03058971216162824,3.515865870841912e-12,4.225676087159167e-12,-16.7975538511861
1S->4S,2.5595479226995357,1,4,0.030884113394173237,4.367091462773642e-12,5.29642556926655e-12,-17.546439468262033
1S->4S,2.6826957952797255,1,4,0.031181348000411533,5.364205877789094e-12,6.5658273568469865e-12,-18.301143386062623
1S->4S,2.8117686979742302,1,4,0.03148144324927271,6.519170905092866e-12,8.054440694116819e-12,-19.061159518442473
1S->4S,2.9470517025518106,1,4,0.03178442667212777,7.842677258221603e-12,9.782053082877688e-12,-19.825856680850872
1S->4S,3.088843596477481,1,4,0.0320164051696745,9.343805731363585e-12,1.1740092597918429e-11,-20.411141109566
1S->4S,3.237457542817644,1,4,0.03220472870932737,1.1029728389940033e-11,1.3942509198498848e-11,-20.8913673076323
1S->4S,3.393221771895328,1,4,0.03239415998594819,1.2905462671847162e-11,1.641463393357475e-11,-21.37830959818041
1S->4S,3.5564803062231287,1,4,0.032584705515351156,1.4973688513849696e-11,1.91653073893298e-11,-21.870866928092003
1S->4S,3.72759372031494,1,4,0.03277637185167706,1.7234635361061825e-11,2.2200370301420685e-11,-22.367802306617758
1S->4S,3.906939937054617,1,4,0.032969165587618816,1.9686042403687547e-11,2.5522452757179555e-11,-22.867748680033127
1S->4S,4.094915062380425,1,4,0.03316309335464816,2.2323191853374538e-11,2.9130841421161595e-11,-23.369217076035977
1S->4S,4.2919342601287775,1,4,0.033358161823243804,2.5139011743533483e-11,3.302142669856025e-11,-23.870606884984912
1S->4S,4.498432668969445,1,4,0.03355437770312081,2.8124241802738968e-11,3.7186728678124554e-11,-24.370218079216745
1S->4S,4.714866363457394,1,4,0.03375174774346145,3.1267653552703165e-11,4.1615997928554734e-11,-24.866265116644183
1S->4S,4.941713361323834,1,4,0.03395027873314732,3.455631401674817e-11,4.629538486620728e-11,-25.356892233177852
1S->4S,5.17947467923121,1,4,0.03410383166430629,3.7975881333884916e-11,5.113897347786044e-11,-25.739844288572222
1S->4S,5.428675439323859,1,4,0.034242680150392626,4.1510920151482033e-11,5.615764334086894e-11,-26.081442022919965
1S->4S,5.689866029018296,1,4,0.03438209393665631,4.514522486789609e-11,6.134963690712173e-11,-26.413215882202824
1S->4S,5.963623316594643,1,4,0.03452207532462977,4.886213953410856e-11,6.66906316063703e-11,-26.733128241296733
1S->4S,6.250551925273971,1,4,0.034662626625215735,5.2644864396540655e-11,7.215494227857667e-11,-27.039142802874505
1S->4S,6.551285568595508,1,4,0.034803750158725444,5.6476740555971225e-11,7.771590931926527e-11,-27.329241785026625
1S->4S,6.866488450043,1,4,0.03494544825491688,6.03415059119186e-11,8.334628216091294e-11,-27.601442622935537
1S->4S,7.196856730011519,1,4,0.03508772325303335,6.422351734624412e-11,8.901858976883938e-11,-27.853814003324818
1S->4S,7.543120063354617,1,4,0.03523057750184197,6.810793587495457e-11,9.470549107646179e-11,-28.08449108830797
1S->4S,7.906043210907698,1,4,0.03537401335967249,7.198087318089175e-11,1.0038009960113297e-10,-28.291689820081313
1S->4S,8.286427728546842,1,4,0.035518033194456296,7.582949946873543e-11,1.0601627780757057e-10,-28.473720227781396
1S->4S,8.685113737513525,1,4,0.035662639383765404,7.964211391318572e-11,1.1158889807062769e-10,-28.628998681591046
1S->4S,9.102981779915218,1,4,0.03580783431485173,8.340818007491021e-11,1.1707406829289766e-10,-28.756059056358772
1S->4S,9.54095476349994,1,4,0.03595362038468653,8.711832952609972e-11,1.2244932132583522e-10,-28.853562777796405
1S->4S,10.0,1,4,0.0361,9.07643375604198e-11,1.2769376830587446e-10,-28.920307729500806
1S->4P,1.0,1,4,0.047900000000000005,4.844585116728412e-15,5.537879561838378e-15,-12.519131869307342
1S->4P,1.0481131341546857,1,4,0.048799488751590146,8.555874174345568e-15,9.897206296421969e-15,-13.55263376253275
1S->4P,1.0985411419875581,1,4,0.049715868526442025,1.471471099827666e-14,1.7219023544294657e-14,-14.543870850607988
1S->4P,1.1513953993264474,1,4,0.05064945651214284,2.467508753886651e-14,2.919893769159731e-14,-15.49320115859093
1S->4P,1.2067926406393286,1,4,0.051600575852577636,4.039251617766237e-14,4.831694565604744e-14,-16.400932159074166
1S->4P,1.264855216855296,1,4,0.05256955575977946,6.462055211067086e-14,7.810764978729444e-14,-17.267319799471792
1S->4P,1.3257113655901092,1,4,0.053556731627879925,1.0114351678090566e-13,1.2348515161379736e-13,-18.092567843918328
1S->4P,1.3894954943731377,1,4,0.05456244514919955,1.5504291909069227e-13,1.9112038461121542e-13,-18.876827604712776
1S->4P,1.4563484775012439,1,4,0.055587044432518114,2.329919756743734e-13,2.898638343139248e-13,-19.6201981437804
1S->4P,1.5264179671752334,1,4,0.05663088412356595,3.43569393074525e-13,4.3120124505431063e-13,-20.32272702940554
1S->4P,1.599858719606058,1,4,0.057694325527777895,4.975805030675191e-13,6.297244809431421e-13,-20.984411734749486
1S->4P,1.676832936811008,1,4,0.058777736735352346,7.083712646213775e-13,9.03594728887885e-13,-21.605201759729397
1S->4P,1.7575106248547918,1,4,0.05988149274865874,9.921188641663155e-13,1.2749712572879542e-12,-22.185001544529413
1S->4P,1.842069969326716,1,4,0.06100597561203755,1.3680818968914678e-12,1.7703764808738454e-12,-22.723674220062385
1S->4P,1.93069772888325,1,4,0.06215157454403777,1.8587935351100345e-12,2.4209675220978693e-12,-23.2210462080337
1S->4P,2.023589647725157,1,4,0.06331868607213752,2.4901827085275174e-12,3.2626860295262037e-12,-23.676912642154125
1S->4P,2.120950887920191,1,4,0.06450771416999465,3.291611039469847e-12,4.336261744016566e-12,-24.091043535095412
1S->4P,2.2229964825261948,1,4,0.06571907039727441,4.295816891502168e-12,5.687051020195232e-12,-24.463190566651605
1S->4P,2.329951810515372,1,4,0.06695317404210344,5.538762120010033e-12,7.364698853180793e-12,-24.793094321597998
1S->4P,2.442053094548651,1,4,0.068210452266198,7.059381630418161e-12,9.42262141966629e-12,-25.080491765441483
1S->4P,2.5595479226995357,1,4,0.06949134025271828,8.899240318198289e-12,1.1917315114719734e-11,-25.325123716781263
1S->4P,2.6826957952797255,1,4,0.07079628135689872,1.1102106076352007e-11,1.490750691374943e-11,-25.526742059650786
1S->4P,2.8117686979742302,1,4,0.0721257272595071,1.3713451057568285e-11,1.845316900282726e-11,-25.6851164400694
1S->4P,2.9470517025518106,1,4,0.07348013812318528,1.6779896089897944e-11,2.2614427470182982e-11,-25.800040208746566
1S->4P,3.088843596477481,1,4,0.07504562622254683,2.0348614966985808e-11,2.751847361539473e-11,-26.054710550507675
1S->4P,3.237457542817644,1,4,0.07676038218224104,2.446671624430202e-11,3.323214874175339e-11,-26.376363940735324
1S->4P,3.393221771895328,1,4,0.07851431947933375,2.918062021531628e-11,3.978444921418071e-11,-26.653200454726456
1S->4P,3.5564803062231287,1,4,0.08030833338827591,3.4535448010435633e-11,4.723485669023387e-11,-26.885672085512912
1S->4P,3.72759372031494,1,4,0.08214333964010304,4.057443838376503e-11,5.563802381966043e-11,-27.074263968686264
1S->4P,3.906939937054617,1,4,0.08402027488985825,4.733840587134994e-11,6.504269848209178e-11,-27.219492769993792
1S->4P,4.094915062380425,1,4,0.08594009719469557,5.486525176473786e-11,7.549076668829502e-11,-27.321904159115107
1S->4P,4.2919342601287775,1,4,0.08790378650290777,6.318953688302128e-11,8.701643867286074e-11,-27.382069587353442
1S->4P,4.498432668969445,1,4,0.08991234515412816,7.234212256905583e-11,9.964559657887728e-11,-27.400582612005962
1S->4P,4.714866363457394,1,4,0.09196679839096188,8.234988378940538e-11,1.1339531571592529e-10,-27.378055019745297
1S->4P,4.941713361323834,1,4,0.09406819488230748,9.323549577480988e-11,1.2827356499709352e-10,-27.31511299547771
1S->4P,5.17947467923121,1,4,0.09625405280629222,1.0501729337570603e-10,1.443337365152832e-10,-27.23995379653602
1S->4P,5.428675439323859,1,4,0.09850310621415605,1.1770920028888226e-10,1.615440813174456e-10,-27.134934731792914
1S->4P,5.689866029018296,1,4,0.1008047105649044,1.3132072358693105e-10,1.7987073163949988e-10,-26.99161092526917
1S->4P,5.963623316594643,1,4,0.1031600937536101,1.4585700758861297e-10,1.9928731816688416e-10,-26.81069275744299
1S->4P,6.250551925273971,1,4,0.10557051236610246,1.6131894006808803e-10,2.19759290271283e-10,-26.59289176400823
1S->4P,6.551285568595508,1,4,0.10803725234935017,1.777033031211161e-10,2.4124450004361705e-10,-26.33892043591156
1S->4P,6.866488450043,1,4,0.11056162969750763,1.9500296067713194e-10,2.6369387846219117e-10,-26.049492762460257
1S->4P,7.196856730011519,1,4,0.11314499115399171,2.1320707464134256e-10,2.870521828761123e-10,-25.725325442531222
1S->4P,7.543120063354617,1,4,0.11578871492996323,2.3230134192923255e-10,3.112587952321043e-10,-25.36713966395505
1S->4P,7.906043210907698,1,4,0.11849421143959574,2.5226824516345636e-10,3.362485513171767e-10,-24.975663337357656
1S->4P,8.286427728546842,1,4,0.12126292405252527,2.7308731047865126e-10,3.6195258261421436e-10,-24.55163366807076
1S->4P,8.685113737513525,1,4,0.12409632986388079,2.9473536665964726e-10,3.882991540559801e-10,-24.095799957072263
1S->4P,9.102981779915218,1,4,0.12699594048230775,3.1718680066304294e-10,4.1521448290381e-10,-23.608926537246166
1S->4P,9.54095476349994,1,4,0.1299633028364043,3.4041380539053374e-10,4.4262352606803974e-10,-23.09179577178516
1S->4P,10.0,1,4,0.13300000000000003,3.6438661635757837e-10,4.704507253374323e-10,-22.545211064087333
1S->4D,1.0,1,4,0.03189999999999999,3.0397473751111223e-15,3.688065929491528e-15,-17.578822254671266
1S->4D,1.0481131341546857,1,4,0.03222395551337474,5.361749480027589e-15,6.535460587016939e-15,-17.959118433381626
1S->4D,1.0985411419875581,1,4,0.032551200906832445,9.209610573385382e-15,1.1274064225825691e-14,-18.311529995644605
1S->4D,1.1513953993264474,1,4,0.03288176959024115,1.5423243067049364e-14,1.8956032454656856e-14,-18.63675532344642
1S->4D,1.2067926406393286,1,4,0.03321569531275766,2.5212677690921266e-14,3.1101996805994404e-14,-18.935501639361195
1S->4D,1.264855216855296,1,4,0.03355301216627315,4.027694633771724e-14,4.985294027531435e-14,-19.20848376186719
1S->4D,1.3257113655901092,1,4,0.033893754588893654,6.294355486522949e-14,7.814844739314898e-14,-19.456423045011707
1S->4D,1.3894954943731377,1,4,0.03423795736845614,9.632621172958277e-14,1.1992812203830882e-13,-19.680046604237546
1S->4D,1.4563484775012439,1,4,0.03458565564607999,1.4449636834984506e-13,1.8035013122534612e-13,-19.880086935285934
1S->4D,1.5264179671752334,1,4,0.034936884919754864,2.126619311581745e-13,2.6601788951143183e-13,-20.057282031389256
1S->4D,1.599858719606058,1,4,0.03529168104796469,3.0734443505686947e-13,3.852031430515703e-13,-20.212376092756134
1S->4D,1.676832936811008,1,4,0.03565008025334876,4.36544249633572e-13,5.480514628590846e-13,-20.346120899632268
1S->4D,1.7575106248547918,1,4,0.036012119126399685,6.098822357520753e-13,7.667547132284508e-13,-20.459277885082415
1S->4D,1.842069969326716,1,4,0.03637783462919924,8.387058530107406e-13,1.0556746647609505e-12,-20.55262089664156
1S->4D,1.93069772888325,1,4,0.03674726409919184,1.1361481465175867e-12,1.4314027208926247e-12,-20.626939579304192
1S->4D,2.023589647725157,1,4,0.03712044525299659,1.517129344931546e-12,1.9127427565184116e-12,-20.683043249734435
1S->4D,2.120950887920191,1,4,0.03749741619025783,1.998292928852566e-12,2.5206072392643255e-12,-20.72176506817478
1S->4D,2.2229964825261948,1,4,0.03787821539753501,2.5978708511412352e-12,3.2778209158701095e-12,-20.743966256264468
1S->4D,2.329951810515372,1,4,0.0382628817522318,3.3354759189147993e-12,4.2088311031056954e-12,-20.750540061977006
1S->4D,2.442053094548651,1,4,0.038651454526565404,4.231822950785426e-12,5.339328669189205e-12,-20.742415142837757
1S->4D,2.5595479226995357,1,4,0.03904397339157588,5.308383955941433e-12,6.695788749303066e-12,-20.72055802994146
1S->4D,2.6826957952797255,1,4,0.039440478421176456,6.586986004355052e-12,8.304944743937171e-12,-20.685974350838087
1S->4D,2.8117686979742302,1,4,0.03984101009624473,8.089363456908343e-12,1.0193212886493888e-11,-20.639708529713594
1S->4D,2.9470517025518106,1,4,0.040245609308755634,9.83667862910686e-12,1.2386087396575001e-11,-20.58284174688695
1S->4D,3.088843596477481,1,4,0.040760663000609716,1.1849026650842613e-11,1.49465236788347e-11,-20.72386258202873
1S->4D,3.237457542817644,1,4,0.041348164228428776,1.414494118883633e-11,1.790100967156851e-11,-20.982439268203954
1S->4D,3.393221771895328,1,4,0.04194413336788813,1.6740917800516343e-11,2.1253756701626936e-11,-21.23313522623106
1S->4D,3.5564803062231287,1,4,0.04254869247069448,1.9650971016739692e-11,2.5025813715908738e-11,-21.47719454873228
1S->4D,3.72759372031494,1,4,0.04316196534773907,2.2886239873373184e-11,2.923482861352351e-11,-21.715840458916126
1S->4D,3.906939937054617,1,4,0.04378407759445353,2.6454654626745656e-11,3.389461128311902e-11,-21.950263993966455
1S->4D,4.094915062380425,1,4,0.04441515661653131,3.036067491678595e-11,3.9014782796517464e-11,-22.181612351572543
1S->4D,4.2919342601287775,1,4,0.045055331656019694,3.460510682108522e-11,4.460051904364496e-11,-22.410977353825146
1S->4D,4.498432668969445,1,4,0.04570473381778803,3.918500321813377e-11,5.0652393283094945e-11,-22.63938448252627
1S->4D,4.714866363457394,1,4,0.04636349609637737,4.40936487948299e-11,5.716631838365114e-11,-22.867782915612523
1S->4D,4.941713361323834,1,4,0.04703175340323712,4.932062803297926e-11,6.41335861142595e-11,-23.097036948611727
1S->4D,5.17947467923121,1,4,0.047650970922609205,5.48519717212766e-11,7.145301918540827e-11,-23.2335143474551
1S->4D,5.428675439323859,1,4,0.04825859212698507,6.067037507527731e-11,7.914359486164869e-11,-23.34139587500985
1S->4D,5.689866029018296,1,4,0.048873961411218685,6.675547849807144e-11,8.720817854535077e-11,-23.452731599758547
1S->4D,5.963623316594643,1,4,0.049497177574925735,7.308420044293878e-11,9.561991867995749e-11,-23.56801652639591
1S->4D,6.250551925273971,1,4,0.05012834067756488,7.963111078255167e-11,1.0434891640552381e-10,-23.6876495457922
1S->4D,6.551285568595508,1,4,0.050767552054502715,8.636883255559839e-11,1.1336268229243316e-10,-23.81193633651043
1S->4D,6.866488450043,1,4,0.051414914333283386,9.326845993282614e-11,1.2262661294373476e-10,-23.941094274844833
1S->4D,7.196856730011519,1,4,0.05207053145010585,1.002999806789607e-10,1.3210447553908197e-10,-24.075259169180974
1S->4D,7.543120063354617,1,4,0.05273450866651117,1.0743269222443015e-10,1.4175888941010845e-10,-24.214493587328136
1S->4D,7.906043210907698,1,4,0.053406952586282634,1.1463560162743992e-10,1.5155179497149576e-10,-24.35879650979992
1S->4D,8.286427728546842,1,4,0.054087971172561325,1.2187780112079563e-10,1.614449017062446e-10,-24.508114017401972
1S->4D,8.685113737513525,1,4,0.05477767376517997,1.2912881251431607e-10,1.7140010834731921e-10,-24.662350707122105
1S->4D,9.102981779915218,1,4,0.05547617109821783,1.3635889538006553e-10,1.8137988984961942e-10,-24.821381525195786
1S->4D,9.54095476349994,1,4,0.056183575317779434,1.4353931560715582e-10,1.9134764715520093e-10,-24.985063709337417
1S->4D,10.0,1,4,0.0569,1.506425725075134e-10,2.0126801708045033e-10,-25.153248542564544
1S->4F,1.0,1,4,0.011400000000000002,8.339238093200735e-16,1.3179922130471298e-15,-36.72771348230618
1S->4F,1.0481131341546857,1,4,0.011359969644242351,1.4530498484428143e-15,2.3039578070680956e-15,-36.93244537789975
1S->4F,1.0985411419875581,1,4,0.011320079852465586,2.4647513860960455e-15,3.9206942829376386e-15,-37.134823369872805
1S->4F,1.1513953993264474,1,4,0.011280330131088461,4.075099589746512e-15,6.5030047570073095e-15,-37.33512826735379
1S->4F,1.2067926406393286,1,4,0.011240719988262916,6.574838585694502e-15,1.0525410769822151e-14,-37.533662775941266
1S->4F,1.264855216855296,1,4,0.011201248933867987,1.0363330887136248e-14,1.6642773869058396e-14,-37.73074747831938
1S->4F,1.3257113655901092,1,4,0.011161916479503712,1.5975121131142963e-14,2.5735904841036713e-14,-37.92671666367787
1S->4F,1.3894954943731377,1,4,0.01112272213848514,2.4107997953791862e-14,3.896047780150018e-14,-38.12191401599397
1S->4F,1.4563484775012439,1,4,0.011083665425836275,3.5650985574515966e-14,5.779680843592648e-14,-38.31668817139161
1S->4F,1.5264179671752334,1,4,0.011044745858284083,5.171030269213407e-14,8.409736558251441e-14,-38.51138815829241
1S->4F,1.599858719606058,1,4,0.011005962954252508,7.363104179700634e-14,1.2012835309616712e-13,-38.70635874108588
1S->4F,1.676832936811008,1,4,0.01096731623385652,1.0301219632302307e-13,1.686014074270884e-13,-38.90193569850795
1S->4F,1.7575106248547918,1,4,0.010928805218896175,1.4171273226432497e-13,2.3269146928377654e-13,-39.09844108143877
1S->4F,1.842069969326716,1,4,0.010890429432850695,1.918466817965096e-13,3.160372396492066e-13,-39.296178510654435
1S->4F,1.93069772888325,1,4,0.010852188400872582,2.5576572321635286e-13,4.2272132049661963e-13,-39.49542859208633
1S->4F,2.023589647725157,1,4,0.010814081649781706,3.3602837521871753e-13,5.572281313718575e-13,-39.696444543918005
1S->4F,2.120950887920191,1,4,0.010776108708059508,4.3535572488400734e-13,7.243789140781161e-13,-39.89944814475106
1S->4F,2.2229964825261948,1,4,0.010738269105843128,5.565744635085074e-13,9.292444933312513e-13,-40.104626123396
1S->4F,2.329951810515372,1,4,0.010700562374919594,7.025488505733503e-13,1.1770378414233586e-12,-40.312127117019635
1S->4F,2.442053094548651,1,4,0.010662988048720037,8.761039919417351e-13,1.4729897874508755e-12,-40.522059324124584
1S->4F,2.5595479226995357,1,4,0.010625545662313909,1.0799434399090417e-12,1.8222123139823164e-12,-40.73448897132621
1S->4F,2.6826957952797255,1,4,0.010588234752403244,1.31656455038318e-12,2.2295547131935944e-12,-40.9494396978783
1S->4F,2.8117686979742302,1,4,0.010551054857316909,1.5881752352937545e-12,2.6994583741199834e-12,-41.16689293971811
1S->4F,2.9470517025518106,1,4,0.0105140055170049,1.896615716110076e-12,3.2358161165511987e-12,-41.386789366401665
1S->4F,3.088843596477481,1,4,0.010499999999999997,2.2432886273167486e-12,3.850244011620144e-12,-41.736455649396746
1S->4F,3.237457542817644,1,4,0.010499999999999997,2.629100365104168e-12,4.545802820001321e-12,-42.16422336806496
1S->4F,3.393221771895328,1,4,0.010499999999999997,3.05441596863465e-12,5.32051630223774e-12,-42.59173743439143
1S->4F,3.5564803062231287,1,4,0.010499999999999997,3.5190291102855326e-12,6.175772479918763e-12,-43.018802559063474
1S->4F,3.72759372031494,1,4,0.010499999999999997,4.022148012126217e-12,7.111949096128831e-12,-43.44520808907999
1S->4F,3.906939937054617,1,4,0.010499999999999997,4.56239735198612e-12,8.128375382694677e-12,-43.870735083181934
1S->4F,4.094915062380425,1,4,0.010499999999999997,5.137835521466913e-12,9.223320383631377e-12,-44.29516369630802
1S->4F,4.2919342601287775,1,4,0.010499999999999997,5.745985988781429e-12,1.0394007384821975e-11,-44.71828067803663
1S->4F,4.498432668969445,1,4,0.010499999999999997,6.383881028996421e-12,1.163665303451573e-11,-45.139886786509386
1S->4F,4.714866363457394,1,4,0.010499999999999997,7.048115729020004e-12,1.2946528919660942e-11,-45.55980392306892
1S->4F,4.941713361323834,1,4,0.010499999999999997,7.734909959079906e-12,1.4318042715230245e-11,-45.977881803270456
1S->4F,5.17947467923121,1,4,0.010505064915178325,8.440175921040404e-12,1.5752430441496967e-11,-46.419849607421426
1S->4F,5.428675439323859,1,4,0.010511817704923087,9.159588923180122e-12,1.723927294664561e-11,-46.86789314416894
1S->4F,5.689866029018296,1,4,0.010518574835447244,9.888659171690027e-12,1.8768802974128376e-11,-47.31331995268464
1S->4F,5.963623316594643,1,4,0.010525336309541104,1.0622802588417685e-11,2.0333114963455255e-11,-47.75614750858357
1S->4F,6.250551925273971,1,4,0.010532102129996772,1.1357408938349877e-11,2.192399408962164e-11,-48.19644225444196
1S->4F,6.551285568595508,1,4,0.010538872299608143,1.2087905855772202e-11,2.3533039980702395e-11,-48.63432065859512
1S->4F,6.866488450043,1,4,0.01054564682117091,1.2809817673964101e-11,2.515178655357431e-11,-49.069949179639075
1S->4F,7.196856730011519,1,4,0.010552425697482562,1.3518818271923896e-11,2.677181552807507e-11,-49.50354316558404
1S->4F,7.543120063354617,1,4,0.010559208931342379,1.421077743904987e-11,2.8384861621114704e-11,-49.93536474217345
1S->4F,7.906043210907698,1,4,0.010565996525551466,1.488180051502315e-11,2.998290787183388e-11,-50.3657197672838
1S->4F,8.286427728546842,1,4,0.010572788482912704,1.5528261281288982e-11,3.155826998833104e-11,-50.79495394699804
1S->4F,8.685113737513525,1,4,0.010579584806230781,1.6146828259890246e-11,3.3103669020904624e-11,-51.22344822353773
1S->4F,9.102981779915218,1,4,0.01058638549831219,1.673448471519668e-11,3.461229204499224e-11,-51.65161355554364
1S->4F,9.54095476349994,1,4,0.010593190561965228,1.728854275669864e-11,3.6077840871356646e-11,-52.07988521723159
1S->4F,10.0,1,4,0.010599999999999998,1.7806652010408957e-11,3.7494569087043465e-11,-52.50871674489471
1S->5S,1.0,1,5,0.017199999999999997,7.907415244131728e-16,1.4641502738200864e-15,-45.99314438195854
1S->5S,1.0481131341546857,1,5,0.017281118876790375,1.423425974096722e-15,2.6171069091382237e-15,-45.61070588570506
1S->5S,1.0985411419875581,1,5,0.01736262032754421,2.4917652745092783e-15,4.550969222672049e-15,-45.24759117034267
1S->5S,1.1513953993264474,1,5,0.017444506156562126,4.247209598812441e-15,7.708709336695315e-15,-44.90375219370771
1S->5S,1.2067926406393286,1,5,0.017526778176654156,7.05751078831446e-15,1.2734394676793215e-14,-44.57914202097207
1S->5S,1.264855216855296,1,5,0.017609438209179987,1.144599047178374e-14,2.0539662240957028e-14,-44.273716200844284
1S->5S,1.3257113655901092,1,5,0.017692488084089176,1.8137970062692788e-14,3.2381965856727356e-14,-43.9874337989748
1S->5S,1.3894954943731377,1,5,0.01777592963996176,2.8113494416899548e-14,4.9953133053925246e-14,-43.72025797350777
1S->5S,1.4563484775012439,1,5,0.017859764724048884,4.2664641476312147e-14,7.547544437860826e-14,-43.47215597394424
1S->5S,1.5264179671752334,1,5,0.017943995192313707,6.345482196777811e-14,1.1180106776389111e-13,-43.24309844536888
1S->5S,1.599858719606058,1,5,0.01802862290947257,9.257662829241353e-14,1.625093868884884e-13,-43.0330579267164
1S->5S,1.676832936811008,1,5,0.01811364974903614,1.3260409294458198e-13,2.3199570995675714e-13,-42.84200644516283
1S->5S,1.7575106248547918,1,5,0.018199077593351036,1.8663476474570528e-13,3.2554418051491067e-13,-42.669912129743324
1S->5S,1.842069969326716,1,5,0.01828490833364136,2.583168905125599e-13,4.4937755292289626e-13,-42.5167347963013
1S->5S,1.93069772888325,1,5,0.018371143870050646,3.518572567731126e-13,6.106769145486186e-13,-42.38242049264501
1S->5S,2.023589647725157,1,5,0.01845778611168395,4.720059195574892e-13,8.175654502809934e-13,-42.26689503632242
1S->5S,2.120950887920191,1,5,0.018544836976650048,6.240151069405892e-13,1.0790519072520881e-12,-42.170056625940724
1S->5S,2.2229964825261948,1,5,0.018632298392103907,8.135709546424396e-13,1.4049314263928617e-12,-42.09176765792266
1S->5S,2.329951810515372,1,5,0.018720172294289402,1.0466983302903687e-12,1.8056437143788292e-12,-42.031845930887314
1S->5S,2.442053094548651,1,5,0.018808460628582133,1.329640692745392e-12,2.292090956866584e-12,-41.99005546607606
1S->5S,2.5595479226995357,1,5,0.01889716534953251,1.6687185831098736e-12,2.8754202335426864e-12,-41.96609721098351
1S->5S,2.6826957952797255,1,5,0.018986288420909023,2.0701718196192754e-12,3.5667773082557237e-12,-41.95959992154204
1S->5S,2.8117686979742302,1,5,0.019075831815741708,2.5399916508254545e-12,4.377040380300013e-12,-41.97011153341571
1S->5S,2.9470517025518106,1,5,0.019165797516365844,3.083749917913346e-12,5.316543581722124e-12,-41.997091333643056
1S->5S,3.088843596477481,1,5,0.019205699219426584,3.7064326294290714e-12,6.3780339303018584e-12,-41.88753666204384
1S->5S,3.237457542817644,1,5,0.019214879396846633,4.412285239988989e-12,7.568198929061545e-12,-41.69966617756291
1S->5S,3.393221771895328,1,5,0.019224063962321316,5.204676366552938e-12,8.90078678190108e-12,-41.525659539040284
1S->5S,3.5564803062231287,1,5,0.019233252917948092,6.0859857237453604e-12,1.0379395131494713e-11,-41.36473612726861
1S->5S,3.72759372031494,1,5,0.019242446265825417,7.0575207932901626e-12,1.20058516087229e-11,-41.215991807174326
1S->5S,3.906939937054617,1,5,0.019251644008052755,8.119465260637312e-12,1.3780116337908338e-11,-41.078398312929245
1S->5S,4.094915062380425,1,5,0.01926084614673057,9.27086066236125e-12,1.570023199068453e-11,-40.9508046259319
1S->5S,4.2919342601287775,1,5,0.019270052683960332,1.0509621098706665e-11,1.776232169428522e-11,-40.83194033081842
1S->5S,4.498432668969445,1,5,0.019279263621844518,1.1832579375706396e-11,1.996063324133923e-11,-40.720420877226104
1S->5S,4.714866363457394,1,5,0.019288478962486602,1.323556163381844e-11,2.2287626413109922e-11,-40.61475462441761
1S->5S,4.941713361323834,1,5,0.019297698707991074,1.47134864577389e-11,2.4734098877286763e-11,-40.513351504185
1S->5S,5.17947467923121,1,5,0.019305075300528923,1.6260483684710176e-11,2.7286733659709155e-11,-40.40883057864869
1S->5S,5.428675439323859,1,5,0.019311840205910966,1.787002765286147e-11,2.9934659264713785e-11,-40.30322010738166
1S->5S,5.689866029018296,1,5,0.019318607481858485,1.9535079452070067e-11,3.2665495523465824e-11,-40.196592339960965
1S->5S,5.963623316594643,1,5,0.01932537712920216,2.1248232834517635e-11,3.5465189655770194e-11,-40.08707399916429
1S->5S,6.250551925273971,1,5,0.01933214914877299,2.3001858773585494e-11,3.831902974592295e-11,-39.9727526346545
1S->5S,6.551285568595508,1,5,0.01933892354140224,2.4788244181764868e-11,4.1211871770929306e-11,-39.851690504262905
1S->5S,6.866488450043,1,5,0.019345700307921498,2.659972095999055e-11,4.412836171303529e-11,-39.72193861859791
1S->5S,7.196856730011519,1,5,0.019352479449162605,2.8428782300924885e-11,4.705314795772157e-11,-39.5815507891866
1S->5S,7.543120063354617,1,5,0.01935926096595773,3.026818395890692e-11,4.9971079966804725e-11,-39.42859754279122
1S->5S,7.906043210907698,1,5,0.019366044859139304,3.21110289867947e-11,5.2867390037196386e-11,-39.26117978549337
1S->5S,8.286427728546842,1,5,0.019372831129540077,3.3950835189215756e-11,5.572785577236635e-11,-39.07744211818234
1S->5S,8.685113737513525,1,5,0.019379619777993063,3.578158522522648e-11,5.853894167537147e-11,-38.87558571924008
1S->5S,9.102981779915218,1,5,0.019386410805331593,3.7597759891481423e-11,6.128791899596895e-11,-38.653880720025235
1S->5S,9.54095476349994,1,5,0.019393204212389267,3.9394355617615e-11,6.396296361295814e-11,-38.41067800424093
1S->5S,10.0,1,5,0.0194,4.1166887603084975e-11,6.655323229572601e-11,-38.14442036389467
1S->5P,1.0,1,5,0.0315,1.4505968438859234e-15,2.6814380014728333e-15,-45.902279184185716
1S->5P,1.0481131341546857,1,5,0.0318370723632355,2.6198578905843234e-15,4.821506213956005e-15,-45.66308173572274
1S->5P,1.0985411419875581,1,5,0.0321777516400601,4.602988676146633e-15,8.434208351396416e-15,-45.42476917368854
1S->5P,1.1513953993264474,1,5,0.03252207642700994,7.87752068668796e-15,1.4371472138653963e-14,-45.18640393491539
1S->5P,1.2067926406393286,1,5,0.03287008573363145,1.3147946359194865e-14,2.388234965794492e-14,-44.947015065492316
1S->5P,1.264855216855296,1,5,0.03322181898690093,2.1426557868018315e-14,3.874995516128585e-14,-44.70559313207909
1S->5P,1.3257113655901092,1,5,0.03357731603569128,3.4131679873154766e-14,6.145543217327955e-14,-44.461085593024244
1S->5P,1.3894954943731377,1,5,0.033936617155286695,5.32030700370349e-14,9.536718396697059e-14,-44.21239274983603
1S->5P,1.4563484775012439,1,5,0.03429976305194545,8.123288304373655e-14,1.449509497143959e-13,-43.958364395822336
1S->5P,1.5264179671752334,1,5,0.0346667948675117,1.2160904668432329e-13,2.1599340841329343e-13,-43.697797271836194
1S->5P,1.599858719606058,1,5,0.03503775418407652,1.7866631762849478e-13,3.1582911124133233e-13,-43.429433428012366
1S->5P,1.676832936811008,1,5,0.035412683028688934,2.578388285361196e-13,4.5355798828733896e-13,-43.15195957418062
1S->5P,1.7575106248547918,1,5,0.035791623878117185,3.658067698127018e-13,6.402387596257347e-13,-42.864007479562474
1S->5P,1.842069969326716,1,5,0.03617461966366109,5.106291136413777e-13,8.890425790357342e-13,-42.56415545415025
1S->5P,1.93069772888325,1,5,0.03656171377601585,7.018540925500319e-13,1.2153513530393756e-12,-42.25093091024084
1S->5P,2.023589647725157,1,5,0.03695295007018796,9.505995448895384e-13,1.6367865073601733e-12,-41.92281396413296
1S->5P,2.120950887920191,1,5,0.03734837287046357,1.2695962302411276e-12,2.173156497917936e-12,-41.57824199695208
1S->5P,2.2229964825261948,1,5,0.03774802697543016,1.6731887343687659e-12,2.846314945481019e-12,-41.21561505253587
1S->5P,2.329951810515372,1,5,0.038151957663051905,2.1772905101666493e-12,3.6799256685554895e-12,-40.833301912282415
1S->5P,2.442053094548651,1,5,0.03856021069579938,2.7992917859110403e-12,4.6991357759709785e-12,-40.42964665491869
1S->5P,2.5595479226995357,1,5,0.03897283232583404,3.557921344618225e-12,5.930162992987833e-12,-40.00297548608164
1S->5P,2.6826957952797255,1,5,0.0393898693002483,4.473065368932576e-12,7.399808160533453e-12,-39.551603610625065
1S->5P,2.8117686979742302,1,5,0.0398113688663617,5.5655485032301805e-12,9.134908024261612e-12,-39.07384192102962
1S->5P,2.9470517025518106,1,5,0.04023737877707359,6.856883888168535e-12,1.1161746736596857e-11,-38.568003288532296
1S->5P,3.088843596477481,1,5,0.0407852094815412,8.369000091455768e-12,1.3544388410738914e-11,-38.2105722483545
1S->5P,3.237457542817644,1,5,0.041413189314157335,1.012395355246656e-11,1.6311486975445947e-11,-37.93359509340639
1S->5P,3.393221771895328,1,5,0.04205083830564712,1.2143635377112725e-11,1.9469636934851745e-11,-37.62782830646968
1S->5P,3.5564803062231287,1,5,0.04269830533441156,1.444948109606633e-11,2.3042518309396163e-11,-37.29209237440774
1S->5P,3.72759372031494,1,5,0.04335574157116871,1.706219139223847e-11,2.7050749811059017e-11,-36.92525526496488
1S->5P,3.906939937054617,1,5,0.04402330051424914,2.000147088687185e-11,3.1511397281774974e-11,-36.526233007001686
1S->5P,4.094915062380425,1,5,0.04470113802543466,2.3285790930114707e-11,3.643756000647272e-11,-36.09398948234116
1S->5P,4.2919342601287775,1,5,0.04538941236634906,2.69321810546294e-11,4.183804565499337e-11,-35.627535576784176
1S->5P,4.498432668969445,1,5,0.04608828423540898,3.0956052398047865e-11,4.7717140882042676e-11,-35.125927861915315
1S->5P,4.714866363457394,1,5,0.04679791680534382,3.5371055051966315e-11,5.407448087004783e-11,-34.58826699239095
1S->5P,4.941713361323834,1,5,0.047518475761293394,4.018897001131393e-11,6.090501752372622e-11,-34.01369600516432
1S->5P,5.17947467923121,1,5,0.048395544396714736,4.5419635226751764e-11,6.840461949576566e-11,-33.601508843180824
1S->5P,5.428675439323859,1,5,0.04933814300556932,5.1070904241388385e-11,7.647746066029398e-11,-33.220972819376456
1S->5P,5.689866029018296,1,5,0.05029910058007849,5.714863504775174e-11,8.504986947821394e-11,-32.805734566834666
1S->5P,5.963623316594643,1,5,0.05127877469728164,6.365670614741054e-11,9.410483727153445e-11,-32.355543037886
1S->5P,6.250551925273971,1,5,0.05227752989873581,7.05970563397224e-11,1.0362139293551739e-10,-31.870191724160392
1S->5P,6.551285568595508,1,5,0.05329573782616326,7.796974450427874e-11,1.1357494167276942e-10,-31.34951833924413
1S->5P,6.866488450043,1,5,0.05433377735974125,8.577302556124931e-11,1.239376472499379e-10,-30.793405018996534
1S->5P,7.196856730011519,1,5,0.055392034759085294,9.400343887458425e-11,1.3467884640028778e-10,-30.201778982283155
1S->5P,7.543120063354617,1,5,0.05647090380697812,1.0265590557784906e-10,1.457654842764106e-10,-29.574613573686747
1S->5P,7.906043210907698,1,5,0.05757078595589823,1.1172383161952727e-10,1.5716256045136977e-10,-28.91192959782711
1S->5P,8.286427728546842,1,5,0.058692090477402446,1.2119921370964027e-10,1.6883357580689398e-10,-28.21379685266884
1S->5P,8.685113737513525,1,5,0.05983523461441771,1.3107274576850318e-10,1.80740971667727e-10,-27.480335776070497
1S->5P,9.102981779915218,1,5,0.06100064373649931,1.4133392390039332e-10,1.9284655367956773e-10,-26.711719134357658
1S->5P,9.54095476349994,1,5,0.06218875149811303,1.5197114831447606e-10,2.0511189412773336e-10,-25.9081737016011
1S->5P,10.0,1,5,0.06339999999999998,1.6297182097466353e-10,2.1749870760562e-10,-25.06998190068672
1S->5D,1.0,1,5,0.022199999999999998,1.0499798104254256e-15,1.889775353418949e-15,-44.438908649865695
1S->5D,1.0481131341546857,1,5,0.022301561395836913,1.889933517282018e-15,3.3774184894939696e-15,-44.04206872316904
1S->5D,1.0985411419875581,1,5,0.02240358741857131,3.3094819341215856e-15,5.872272439063455e-15,-43.64222763054567
1S->5D,1.1513953993264474,1,5,0.02250608019379583,5.645166547111877e-15,9.94541370017886e-15,-43.238494472981515
1S->5D,1.2067926406393286,1,5,0.022609041856827338,9.391314320604428e-15,1.642700440246795e-14,-42.830024936296354
1S->5D,1.264855216855296,1,5,0.02271247455275141,1.5255058757275804e-14,2.649184774825188e-14,-42.41602585730382
1S->5D,1.3257113655901092,1,5,0.02281638043646708,2.4222601854234785e-14,4.176005368810822e-14,-41.99575978722335
1S->5D,1.3894954943731377,1,5,0.022920761672731656,3.763623069288665e-14,6.441091300008867e-14,-41.568549582840355
1S->5D,1.4563484775012439,1,5,0.023025620436205884,5.728058083784217e-14,9.730637336872042e-14,-41.13378306599671
1S->5D,1.5264179671752334,1,5,0.02313095891149921,8.54754995682032e-14,1.4411873593323538e-13,-40.69091779447699
1S->5D,1.599858719606058,1,5,0.023236779293215343,1.2517170102503501e-13,2.0945552941924732e-13,-40.239485979627375
1S->5D,1.676832936811008,1,5,0.023343083785997924,1.800443353546755e-13,2.989731705395719e-13,-39.77909956611142
1S->5D,1.7575106248547918,1,5,0.02344987460457647,2.5457873168605756e-13,4.1947017216484116e-13,-39.30945545610462
1S->5D,1.842069969326716,1,5,0.02355715397381257,3.5414202710803824e-13,5.78950466330919e-13,-38.83034081440463
1S->5D,1.93069772888325,1,5,0.02366492412874615,4.850342442689098e-13,7.866479600940611e-13,-38.34163833452092
1S->5D,2.023589647725157,1,5,0.02377318731464209,6.545126787970041e-13,1.0530047576619444e-12,-37.84333128273213
1S->5D,2.120950887920191,1,5,0.023881945787037024,8.707842148869225e-13,1.3895975026817604e-12,-37.3355080729196
1S->5D,2.2229964825261948,1,5,0.023991201811786256,1.142961373004162e-12,1.8090088873091456e-12,-36.81836606649911
1S->5D,2.329951810515372,1,5,0.024100957665111035,1.4809794407928448e-12,2.3246443480540566e-12,-36.292214246339995
1S->5D,2.442053094548651,1,5,0.02421121563364594,1.8954738506491716e-12,2.9504970930101117e-12,-35.75747438831062
1S->5D,2.5595479226995357,1,5,0.024321978014486552,2.397618929281067e-12,3.7008676385617336e-12,-35.2146803549869
1S->5D,2.6826957952797255,1,5,0.02443324711523727,2.9989311313197474e-12,4.590046745611402e-12,-34.66447516711979
1S->5D,2.8117686979742302,1,5,0.02454502525405941,3.711041757374718e-12,5.631972839257513e-12,-34.107605571053135
1S->5D,2.9470517025518106,1,5,0.024657314759719526,4.54544583340457e-12,6.839876525688466e-12,-33.544913912798314
1S->5D,3.088843596477481,1,5,0.024852000093550892,5.513235195967533e-12,8.253117890766646e-12,-33.19815288067575
1S->5D,3.237457542817644,1,5,0.025098711742229923,6.624824810922016e-12,9.88567450283045e-12,-32.985606505401265
1S->5D,3.393221771895328,1,5,0.02534787255545766,7.889681899414003e-12,1.1736124548541475e-11,-32.774385046940345
1S->5D,3.5564803062231287,1,5,0.025599506846666505,9.316067527707062e-12,1.3815000398866641e-11,-32.56556454047343
1S->5D,3.72759372031494,1,5,0.02585363917065399,1.0910799935354241e-11,1.6130743001195175e-11,-32.36021468728485
1S->5D,3.906939937054617,1,5,0.02611029432597888,1.267904805317724e-11,1.8689463262385034e-11,-32.15937838784559
1S->5D,4.094915062380425,1,5,0.02636949735738111,1.4624162445862298e-11,2.149475795791566e-11,-31.964051539939287
1S->5D,4.2919342601287775,1,5,0.026631273558225605,1.674754937211731e-11,2.4547584577360816e-11,-31.77516378714158
1S->5D,4.498432668969445,1,5,0.026895648472970476,1.9048591874035805e-11,2.784619711038457e-11,-31.59356087825691
1S->5D,4.714866363457394,1,5,0.027162647899659668,2.1524619884790848e-11,3.138614247167236e-11,-31.41998923818705
1S->5D,4.941713361323834,1,5,0.02743229789244041,2.41709293846451e-11,3.51603151634779e-11,-31.255083260026673
1S->5D,5.17947467923121,1,5,0.027681690730939745,2.698084874376149e-11,3.9126649881800643e-11,-31.04227214630162
1S->5D,5.428675439323859,1,5,0.02792566023623914,2.994584866336595e-11,4.328666325947122e-11,-30.819688078374284
1S->5D,5.689866029018296,1,5,0.02817177993966388,3.305569064762083e-11,4.763516999718168e-11,-30.606544178226812
1S->5D,5.963623316594643,1,5,0.028420068791746224,3.629860777121315e-11,5.21554183905816e-11,-30.402997634147876
1S->5D,6.250551925273971,1,5,0.028670545910036812,3.966151069358497e-11,5.68290412568165e-11,-30.209080047030234
1S->5D,6.551285568595508,1,5,0.028923230580576723,4.3130211427144174e-11,6.163634016835873e-11,-30.024704079874542
1S->5D,6.866488450043,1,5,0.02917814225938241,4.668965728723928e-11,6.655657821853055e-11,-29.8496729595392
1S->5D,7.196856730011519,1,5,0.029435300573943765,5.0324167708505555e-11,7.156827406659323e-11,-29.68369243936264
1S->5D,7.543120063354617,1,5,0.029694725324735362,5.401766716052006e-11,7.664949072198443e-11,-29.526384778670366
1S->5D,7.906043210907698,1,5,0.029956436486741074,5.775390817839947e-11,8.17781133622463e-11,-29.377304264074468
1S->5D,8.286427728546842,1,5,0.030220454210992096,6.151667947692886e-11,8.693211138756006e-11,-29.23595378619567
1S->5D,8.685113737513525,1,5,0.030486798826118443,6.528999517406557e-11,9.208978085202398e-11,-29.10180199149577
1S->5D,9.102981779915218,1,5,0.030755490839914298,6.905826224791242e-11,9.722996433973957e-11,-28.974300549355327
1S->5D,9.54095476349994,1,5,0.03102655094091701,7.280642443337814e-11,1.0233224624127071e-10,-28.852901106342344
1S->5D,10.0,1,5,0.03130000000000001,7.652008178233639e-11,1.0737712220908376e-10,-28.73707153993457
1S->5F,1.0,1,5,0.009140000000000002,4.174183741689404e-16,7.780426455067207e-16,-46.35019345281701
1S->5F,1.0481131341546857,1,5,0.009155939025072871,7.43098276747289e-16,1.3866041575785387e-15,-46.408766143830114
1S->5F,1.0985411419875581,1,5,0.009171905845826304,1.286708189057654e-15,2.404076137711943e-15,-46.47805995519483
1S->5F,1.1513953993264474,1,5,0.009187900510732499,2.169811162746601e-15,4.06012379003737e-15,-46.55800475663256
1S->5F,1.2067926406393286,1,5,0.009203923068348208,3.567756684001756e-15,6.687275193755107e-15,-46.64857388651367
1S->5F,1.264855216855296,1,5,0.009219973567314856,5.726627134580008e-15,1.0754184244473827e-14,-46.749776604183545
1S->5F,1.3257113655901092,1,5,0.009236052056358697,8.982737961227861e-15,1.690443542584196e-14,-46.86165059676662
1S->5F,1.3894954943731377,1,5,0.009252158584290932,1.3784097913731249e-14,2.6000007772200868e-14,-46.984254641380666
1S->5F,1.4563484775012439,1,5,0.009268293200007908,2.0712873894194755e-14,3.916784788099067e-14,-47.11766151377612
1S->5F,1.5264179671752334,1,5,0.009284455952491237,3.050754951717327e-14,5.78473231836334e-14,-47.26195122230876
1S->5F,1.599858719606058,1,5,0.009300646890807954,4.408316047439929e-14,8.383571121770964e-14,-47.41720463261596
1S->5F,1.676832936811008,1,5,0.009316866064110634,6.254777703878086e-14,1.1932840631581606e-13,-47.58349753432463
1S->5F,1.7575106248547918,1,5,0.009333113521637593,8.721332294458389e-14,1.6695026313664317e-13,-47.7608951875669
1S->5F,1.842069969326716,1,5,0.009349389312713011,1.195988976325199e-13,2.297745011354815e-13,-47.94944737492825
1S->5F,1.93069772888325,1,5,0.009365693486747083,1.6142501687511017e-13,3.1132589465040397e-13,-48.14918397443984
1S->5F,2.023589647725157,1,5,0.00938202609323615,2.145975982825185e-13,4.155655689719578e-13,-48.36011106179986
1S->5F,2.120950887920191,1,5,0.00939838718176289,2.811810680580672e-13,5.468555817634783e-13,-48.58220754530371
1S->5F,2.2229964825261948,1,5,0.009414776801996448,3.633606127307723e-13,7.099025317888184e-13,-48.81542233478543
1S->5F,2.329951810515372,1,5,0.009431195003692563,4.633942922071206e-13,9.096806220471227e-13,-49.059672045743966
1S->5F,2.442053094548651,1,5,0.009447641836693764,5.835564106184774e-13,1.151335818769376e-12,-49.31483924106338
1S->5F,2.5595479226995357,1,5,0.009464117350929491,7.260741521768421e-13,1.4400738957474533e-12,-49.580771214522855
1S->5F,2.6826957952797255,1,5,0.009480621596416265,8.930599804534808e-13,1.781036147171185e-12,-49.85727932181917
1S->5F,2.8117686979742302,1,5,0.009497154623257804,1.0864426326704772e-12,2.179167319437601e-12,-50.144138865350364
1S->5F,2.9470517025518106,1,5,0.009513716481645224,1.3078996921589249e-12,2.639080802957671e-12,-50.44108953795066
1S->5F,3.088843596477481,1,5,0.009542412078938448,1.5587946848267634e-12,3.1689462237766338e-12,-50.810314383654976
1S->5F,3.237457542817644,1,5,0.009578609910008145,1.8401214279508154e-12,3.7727442241827855e-12,-51.22591624007047
1S->5F,3.393221771895328,1,5,0.009614945052583921,2.1524579844565912e-12,4.451742149863834e-12,-51.649086762079676
1S->5F,3.5564803062231287,1,5,0.009651418027538139,2.495932076455425e-12,5.208473143592237e-12,-52.079390492277675
1S->5F,3.72759372031494,1,5,0.009688029357719003,2.87019922848586e-12,6.04460790706727e-12,-52.51637041452989
1S->5F,3.906939937054617,1,5,0.00972477956795809,3.2744342868514527e-12,6.960890911494214e-12,-52.95955175156497
1S->5F,4.094915062380425,1,5,0.00976166918507785,3.707336338914378e-12,7.957099581944058e-12,-53.4084461211605
1S->5F,4.2919342601287775,1,5,0.009798698737899156,4.167146473253666e-12,9.032027157498231e-12,-53.862555984520334
1S->5F,4.498432668969445,1,5,0.009835868757248898,4.651677309639106e-12,1.018348899233573e-11,-54.32137931174631
1S->5F,4.714866363457394,1,5,0.009873179775967578,5.158352810013207e-12,1.1408351212358617e-11,-54.78441438211347
1S->5F,4.941713361323834,1,5,0.009910632328916959,5.6842565724616e-12,1.270257991220267e-11,-55.25116463151674
1S->5F,5.17947467923121,1,5,0.009938990569121708,6.226186615129946e-12,1.4048253336704402e-11,-55.67999475876084
1S->5F,5.428675439323859,1,5,0.009964351985982577,6.780714573965092e-12,1.5445419924444342e-11,-56.098865507478045
1S->5F,5.689866029018296,1,5,0.009989778117812315,7.344247258174803e-12,1.6891541105861444e-11,-56.52115332670081
1S->5F,5.963623316594643,1,5,0.010015269129744707,7.913088616550126e-12,1.8379637135424972e-11,-56.94643719979426
1S->5F,6.250551925273971,1,5,0.010040825187334948,8.483500349085244e-12,1.9902323123320235e-11,-57.374321095486415
1S->5F,6.551285568595508,1,5,0.010066446456560643,9.051759632786485e-12,2.1451923095333887e-11,-57.80443742707908
1S->5F,6.866488450043,1,5,0.01009213310382296,9.614212699111816e-12,2.3020583022225337e-11,-58.23645000724036
1S->5F,7.196856730011519,1,5,0.010117885295947643,1.0167323285092953e-11,2.4600380282025318e-11,-58.67005644411978
1S->5F,7.543120063354617,1,5,0.010143703200186156,1.0707715264822856e-11,2.6183427387407954e-11,-59.10498993736636
1S->5F,7.906043210907698,1,5,0.010169586984216708,1.1232209039236035e-11,2.7761968203747876e-11,-59.541020446382895
1S->5F,8.286427728546842,1,5,0.010195536816145412,1.1737851509543173e-11,2.932846528278655e-11,-59.977955217341886
1S->5F,8.685113737513525,1,5,0.010221552864507297,1.2221939675950041e-11,3.0875677326063844e-11,-60.41563866962415
1S->5F,9.102981779915218,1,5,0.010247635298267485,1.268203808397266e-11,3.239672615870307e-11,-60.85395165595844
1S->5F,9.54095476349994,1,5,0.010273784286822213,1.3115990483969771e-11,3.388515292823958e-11,-61.29281012322354
1S->5F,10.0,1,5,0.010300000000000002,1.3521926175890442e-11,3.5334963538452475e-11,-61.73216321229393
1S->5G,1.0,1,5,0.0040300000000000015,6.857301792515795e-17,3.430538141566832e-16,-80.01100261959526
1S->5G,1.0481131341546857,1,5,0.003970720626884197,1.2046761696630577e-16,6.013384006537406e-16,-79.96675136074126
1S->5G,1.0985411419875581,1,5,0.00391231322500338,2.058040410727601e-16,1.0254683187535637e-15,-79.93072654619786
1S->5G,1.1513953993264474,1,5,0.0038547649680776026,3.4234027049248286e-16,1.7034166764880185e-15,-79.90272872059141
1S->5G,1.2067926406393286,1,5,0.0037980632184953685,5.551508326088768e-16,2.7595508737684358e-15,-79.88256575060839
1S->5G,1.264855216855296,1,5,0.003742195524538396,8.786520414136106e-16,4.364899731643338e-15,-79.87005211038817
1S->5G,1.3257113655901092,1,5,0.0036871496176472283,1.3588030799436319e-15,6.748465928580815e-15,-79.8650079244101
1S->5G,1.3894954943731377,1,5,0.0036329134097270533,2.05536231347915e-15,1.0209052949979786e-14,-79.86725778042694
1S->5G,1.4563484775012439,1,5,0.003579474990493153,3.0440375453115603e-15,1.5126877073906846e-14,-79.87662932382533
1S->5G,1.5264179671752334,1,5,0.0035268226248553994,4.418336083100998e-15,2.197406603416735e-14,-79.89295164476637
1S->5G,1.599858719606058,1,5,0.00347494475034124,6.290901093198297e-15,3.132303247369031e-14,-79.91605347125211
1S->5G,1.676832936811008,1,5,0.0034238299745565537,8.794119449966497e-15,4.3851674108954236e-14,-79.94576118549874
1S->5G,1.7575106248547918,1,5,0.0033734670726838956,1.2079806048063212e-14,6.034440855794478e-14,-79.98189668813514
1S->5G,1.842069969326716,1,5,0.003323844985017516,1.631781090919755e-14,8.168820419592205e-14,-80.02427514496378
1S->5G,1.93069772888325,1,5,0.0032749528145346474,2.169345635571353e-14,1.0886301333324757e-13,-80.07270266412128
1S->5G,2.023589647725157,1,5,0.003226779824502525,2.8403787536969894e-14,1.4292633386336012e-13,-80.12697396679582
1S->5G,2.120950887920191,1,5,0.0031793154361205813,3.6652704172055006e-14,1.8499199477576817e-13,-80.18687013106576
1S->5G,2.2229964825261948,1,5,0.0031325492261973483,4.6645126756769156e-14,2.3620364809487923e-13,-80.25215650435995
1S->5G,2.329951810515372,1,5,0.003086470924861523,5.858042858853102e-14,2.9770382117633e-13,-80.32258089363461
1S->5G,2.442053094548651,1,5,0.003041070413306697,7.264542832447384e-14,3.705997067586847e-13,-80.39787215164291
1S->5G,2.5595479226995357,1,5,0.002996337721569265,8.900728040682394e-14,4.559271166741734e-13,-80.47773928076477
1S->5G,2.6826957952797255,1,5,0.0029522630263390257,1.0780661867307489e-13,5.546141792911966e-13,-80.56187117126126
1S->5G,2.8117686979742302,1,5,0.0029088366488019676,1.291513003928335e-13,6.67446410436269e-13,-80.64993707758272
1S->5G,2.9470517025518106,1,5,0.0028660490525148066,1.531110649437012e-13,7.950347321595648e-13,-80.74158791430366
1S->5G,3.088843596477481,1,5,0.002818762675917644,1.7971336675991151e-13,9.360848456007404e-13,-80.80159425670662
1S->5G,3.237457542817644,1,5,0.0027691836205746717,2.0894057129389907e-13,1.090703307513207e-12,-80.84350071603967
1S->5G,3.393221771895328,1,5,0.0027204766083979066,2.4072862194826424e-13,1.2595870615057645e-12,-80.88829035283302
1S->5G,3.5564803062231287,1,5,0.002672626301070022,2.7496720216145706e-13,1.4423064333409905e-12,-80.9355906757958
1S->5G,3.72759372031494,1,5,0.002625617630058477,3.1150133672195626e-13,1.6381896154083704e-12,-80.9850255555243
1S->5G,3.906939937054617,1,5,0.002579435791870279,3.501343057327372e-13,1.8463319435612412e-12,-81.03622119772291
1S->5G,4.094915062380425,1,5,0.002534066243390236,3.9063168789570655e-13,2.065611635018565e-12,-81.08881256896116
1S->5G,4.2919342601287775,1,5,0.002489494697301168,4.327263097453489e-13,2.2947111974679217e-12,-81.14245007289645
1S->5G,4.498432668969445,1,5,0.0024457071175847038,4.761238552191766e-13,2.5321435376052294e-12,-81.1968062572997
1S->5G,4.714866363457394,1,5,0.0024026897151011952,5.205088849727644e-13,2.7762816788687545e-12,-81.25158232557817
1S->5G,4.941713361323834,1,5,0.002360428943247384,5.655510252229195e-13,3.0253909421289795e-12,-81.30651423101905
1S->5G,5.17947467923121,1,5,0.002315687249474538,6.10911108720789e-13,3.2731051411058196e-12,-81.33542668554813
1S->5G,5.428675439323859,1,5,0.002270742868398797,6.562470822125316e-13,3.5198051205131326e-12,-81.35558476269104
1S->5G,5.689866029018296,1,5,0.0022266707974291527,7.012195317561824e-13,3.76503870861073e-12,-81.37550272318643
1S->5G,5.963623316594643,1,5,0.002183454106197386,7.454967160373869e-13,4.006991090691197e-12,-81.39509923620044
1S->5G,6.250551925273971,1,5,0.0021410761929309915,7.887590353499206e-13,4.243913167327154e-12,-81.41434557562623
1S->5G,6.551285568595508,1,5,0.002099520778075586,8.30702897834041e-13,4.4741467073497174e-12,-81.4332664490094
1S->5G,6.866488450043,1,5,0.002058771898041081,8.710439733086824e-13,4.696145890577481e-12,-81.45193966276949
1S->5G,7.196856730011519,1,5,0.00201881389906925,9.095198477578864e-13,4.90849502470964e-12,-81.47049465917124
1S->5G,7.543120063354617,1,5,0.001979631431220295,9.458921080790352e-13,5.109922363682312e-12,-81.48910999506055
1S->5G,7.906043210907698,1,5,0.001941209442476146,9.799478974586082e-13,5.299310080387578e-12,-81.50800986178682
1S->5G,8.286427728546842,1,5,0.0019035331729581977,1.0115009874893198e-12,5.475700552552524e-12,-81.52745976918325
1S->5G,8.685113737513525,1,5,0.0018665881492572806,1.040392414889922e-12,5.638299205714718e-12,-81.54776153355911
1S->5G,9.102981779915218,1,5,0.0018303601788736642,1.0664907295280501e-12,5.7864742216958106e-12,-81.56924772032426
1S->5G,9.54095476349994,1,5,0.0017948353447649861,1.089691897430508e-12,5.919753465758515e-12,-81.59227569638523
1S->5G,10.0,1,5,0.0017600000000000005,1.1099188985195856e-12,6.037819012395764e-12,-81.61722144633849
2S->3S,1.0,2,3,1.45,8.592607432273626e-09,8.776235046691486e-09,-2.0923278996166417
2S->3S,1.0481131341546857,2,3,1.4783452195607194,9.248439212797775e-09,9.532023965883189e-09,-2.9750738573509072
2S->3S,1.0985411419875581,2,3,1.5072445435848494,9.92373839966976e-09,1.0311756267461494e-08,-3.762868882152637
2S->3S,1.1513953993264474,2,3,1.5367088039432004,1.0617679304407182e-08,1.1112970793119478e-08,-4.456877444678897
2S->3S,1.2067926406393286,2,3,1.5667490442526213,1.132945649329214e-08,1.1933105165097091e-08,-5.058605144707451
2S->3S,1.264855216855296,2,3,1.5973765240153024,1.2058278598467316e-08,1.2769526368261044e-08,-5.5698837159814385
2S->3S,1.3257113655901092,2,3,1.6286027228389939,1.280335979498872e-08,1.3619560209934433e-08,-5.9928544120709475
2S->3S,1.3894954943731377,2,3,1.6604393447397225,1.3563909613760875e-08,1.4480519227631846e-08,-6.329949910372612
2S->3S,1.4563484775012439,2,3,1.6928983225286223,1.433912176907143e-08,1.534972869934052e-08,-6.583874868827532
2S->3S,1.5264179671752334,2,3,1.725991822284517,1.5128162659168415e-08,1.6224550493151883e-08,-6.757585268363742
2S->3S,1.599858719606058,2,3,1.7597322479139381,1.5930160153632562e-08,1.7102404570675537e-08,-6.854266674599385
2S->3S,1.676832936811008,2,3,1.7941322458002822,1.6744193216967026e-08,1.7980788030100202e-08,-6.877311556440635
2S->3S,1.7575106248547918,2,3,1.8292047095438515,1.7569282838481786e-08,1.8857291638862472e-08,-6.830295808366582
2S->3S,1.842069969326716,2,3,1.8649627847945567,1.8404384648490033e-08,1.9729613861959485e-08,-6.716954638552841
2S->3S,1.93069772888325,2,3,1.9014198741790893,1.924838350400045e-08,2.059557243970818e-08,-6.541158006904224
2S->3S,2.023589647725157,2,3,1.9385896423244147,2.0100090227111417e-08,2.1453113608248162e-08,-6.306885824799546
2S->3S,2.120950887920191,2,3,1.9764860209794644,2.0958240579612213e-08,2.2300319087605035e-08,-6.018203159876645
2S->3S,2.2229964825261948,2,3,2.015123214236951,2.1821496461188793e-08,2.313541098616964e-08,-5.679235721234022
2S->3S,2.329951810515372,2,3,2.054515703857261,2.2688449229378668e-08,2.395675478763649e-08,-5.294145928781491
2S->3S,2.442053094548651,2,3,2.094678254696419,2.3557624960203184e-08,2.476286059750406e-08,-4.86710989045569
2S->3S,2.5595479226995357,2,3,2.1356259202401673,2.4427491402200888e-08,2.555238283193432e-08,-4.40229561811194
2S->3S,2.6826957952797255,2,3,2.177374048246216,2.5296466325965916e-08,2.6324118532876943e-08,-3.9038428034259276
2S->3S,2.8117686979742302,2,3,2.219938286496803,2.616292693818184e-08,2.7077004490644003e-08,-3.3758444468183657
2S->3S,2.9470517025518106,2,3,2.263334588663699,2.7025220014568308e-08,2.781011334929495e-08,-2.822330584806987
2S->3S,3.088843596477481,2,3,2.319944640492416,2.7881672410086e-08,2.8675490651898663e-08,-2.768281287490726
2S->3S,3.237457542817644,2,3,2.3857374737948667,2.8730601625981614e-08,2.9624314756886154e-08,-3.016822965320398
2S->3S,3.393221771895328,2,3,2.4533961692555817,2.9570326149487545e-08,3.056510516342683e-08,-3.254623233325571
2S->3S,3.5564803062231287,2,3,2.5229736420846063,3.039917532996472e-08,3.1497008038772003e-08,-3.4855142668023475
2S->3S,3.72759372031494,2,3,2.5945243081491705,3.1215498611057435e-08,3.2419256842096674e-08,-3.713096314645159
2S->3S,3.906939937054617,2,3,2.6681041265318117,3.201767399775967e-08,3.3331169438620573e-08,-3.94074214311535
2S->3S,4.094915062380425,2,3,2.743770643295431,3.280411569595915e-08,3.4232144861254635e-08,-4.17160295121265
2S->3S,4.2919342601287775,2,3,2.8215830364895105,3.357328091620875e-08,3.512165979414716e-08,-4.408615330293808
2S->3S,4.498432668969445,2,3,2.901602162432694,3.432367588003616e-08,3.599926484578201e-08,-4.654508843233152
2S->3S,4.714866363457394,2,3,2.983890603307923,3.505386110378156e-08,3.686458067256666e-08,-4.911813821695166
2S->3S,4.941713361323834,2,3,3.0685127161073544,3.5762456060452615e-08,3.771729400726183e-08,-5.18286902139068
2S->3S,5.17947467923121,2,3,3.1496657444893827,3.644814333407188e-08,3.8485441684816386e-08,-5.29368577195849
2S->3S,5.428675439323859,2,3,3.230964488617977,3.7109672383987544e-08,3.921332315904091e-08,-5.364632746175069
2S->3S,5.689866029018296,2,3,3.3143617048807803,3.774586302985168e-08,3.9924265352865564e-08,-5.456336650807092
2S->3S,5.963623316594643,2,3,3.3999115587553215,3.835560875317459e-08,4.061829197854635e-08,-5.570601606209468
2S->3S,6.250551925273971,2,3,3.4876696138310685,3.8937879890575965e-08,4.129547281534591e-08,-5.709083257896097
2S->3S,6.551285568595508,2,3,3.577692867897316,3.949172676921688e-08,4.195591945844085e-08,-5.873289683628213
2S->3S,6.866488450043,2,3,3.6700397899625434,4.0016282808505365e-08,4.259978125118952e-08,-6.0645814762535055
2S->3S,7.196856730011519,2,3,3.7647703582293337,4.051076758592752e-08,4.322724141148993e-08,-6.28417113112466
2S->3S,7.543120063354617,2,3,3.8619460990494816,4.097448984040634e-08,4.3838513359496645e-08,-6.533121904942241
2S->3S,7.906043210907698,2,3,3.9616301268846144,4.1406850365249355e-08,4.4433837250950653e-08,-6.812346340032871
2S->3S,8.286427728546842,2,3,4.063887185298263,4.180734472549085e-08,4.501347671777157e-08,-7.12260466433805
2S->3S,8.685113737513525,2,3,4.168783689006023,4.2175565721908006e-08,4.5577715815339725e-08,-7.464503283173929
2S->3S,9.102981779915218,2,3,4.276387767011101,4.2511205516526434e-08,4.612685617401909e-08,-7.838493574875727
2S->3S,9.54095476349994,2,3,4.386769306853274,4.28140573320801e-08,4.666121435091326e-08,-8.244871189808345
2S->3S,10.0,2,3,4.5,4.308401664047328e-08,4.718111937656935e-08,-8.683776032093748
2S->3P,1.0,2,3,3.0500000000000003,1.7759544927401334e-08,1.8460356477523472e-08,-3.7963056183417443
2S->3P,1.0481131341546857,2,3,3.1224409278160503,1.9237803278441574e-08,2.0132768288614663e-08,-4.44531520625111
2S->3P,1.0985411419875581,2,3,3.1966024090822156,2.0766287088853582e-08,2.186943390621765e-08,-5.044240386352361
2S->3P,1.1513953993264474,2,3,3.2725253088766215,2.2342650501418843e-08,2.3665822753127402e-08,-5.5910680372762585
2S->3P,1.2067926406393286,2,3,3.350251462868926,2.3964726618438748e-08,2.5517107020164937e-08,-6.0836849588764785
2S->3P,1.264855216855296,2,3,3.4298237003729604,2.5630583227645034e-08,2.741822201712764e-08,-6.5198931876979564
2S->3P,1.3257113655901092,2,3,3.5112858679468943,2.733857066224111e-08,2.936392566594179e-08,-6.897425864450479
2S->3P,1.3894954943731377,2,3,3.59468285355393,2.9087361146729827e-08,3.134885615847991e-08,-7.213963406886048
2S->3P,1.4563484775012439,2,3,3.680060611296846,3.087597926382711e-08,3.336758695357544e-08,-7.4671497618779785
2S->3P,1.5264179671752334,2,3,3.7674661867400085,3.270382343908884e-08,3.541467844100224e-08,-7.654608544390551
2S->3P,1.599858719606058,2,3,3.8569477428328094,3.45706785704564e-08,3.7484725749656514e-08,-7.773958915057055
2S->3P,1.676832936811008,2,3,3.9485545864488185,3.6476720123977837e-08,3.95724023189534e-08,-7.822831098360872
2S->3P,1.7575106248547918,2,3,4.04233719555527,3.842251017148569e-08,4.167249898356975e-08,-7.798881495840792
2S->3P,1.842069969326716,2,3,4.138347247027845,4.040898596067157e-08,4.3779958440059026e-08,-7.699807399321301
2S->3P,1.93069772888325,2,3,4.236637645126105,4.243744168483584e-08,4.588990506826427e-08,-7.5233613542949325
2S->3P,2.023589647725157,2,3,4.337262550645234,4.450950416259249e-08,4.7997670170271785e-08,-7.26736526024081
2S->3P,2.120950887920191,2,3,4.440277410760168,4.662710315237132e-08,5.009881276487169e-08,-6.929724320602382
2S->3P,2.2229964825261948,2,3,4.545738989578568,4.879243701890765e-08,5.218913613656053e-08,-6.508440968949792
2S->3P,2.329951810515372,2,3,4.653705399419441,5.100793444552989e-08,5.426470038582737e-08,-6.001628898974021
2S->3P,2.442053094548651,2,3,4.76423613283469,5.3276212853177835e-08,5.6321831262852107e-08,-5.407527314693428
2S->3P,2.5595479226995357,2,3,4.877392095391181,5.560003415024e-08,5.8357125591016565e-08,-4.724515494644221
2S->3P,2.6826957952797255,2,3,4.993235639231445,5.798225840100687e-08,6.036745360108688e-08,-3.9511277315779636
2S->3P,2.8117686979742302,2,3,5.111830597431476,6.042579596809772e-08,6.2349958502895e-08,-3.0860686694890505
2S->3P,2.9470517025518106,2,3,5.233242319174563,6.293355865764626e-08,6.430205362014048e-08,-2.1282290151703354
2S->3P,3.088843596477481,2,3,5.396646243684353,6.550841037608649e-08,6.670481536987374e-08,-1.7935811487570397
2S->3P,3.237457542817644,2,3,5.589904124857857,6.815311779373147e-08,6.941127474189306e-08,-1.8126117879841197
2S->3P,3.393221771895328,2,3,5.79008271325381,7.08703015017557e-08,7.213449228187255e-08,-1.7525468609065786
2S->3P,3.5564803062231287,2,3,5.997429844500792,7.366238814383445e-08,7.487240170616015e-08,-1.6161009060113418
2S->3P,3.72759372031494,2,3,6.212202229403986,7.65315639993762e-08,7.762308450821974e-08,-1.4061802822689207
2S->3P,3.906939937054617,2,3,6.434665771771791,7.947973048975648e-08,8.03847694649786e-08,-1.1258836484147938
2S->3P,4.094915062380425,2,3,6.665095897624045,8.250846207014974e-08,8.315583113302285e-08,-0.7785011033532019
2S->3P,4.2919342601287775,2,3,6.903777896189444,8.561896695575327e-08,8.59347874680987e-08,-0.3675118326936899
2S->3P,4.498432668969445,2,3,7.151007273114318,8.88120511111878e-08,8.872029669399142e-08,0.10341987190694013
2S->3P,4.714866363457394,2,3,7.407090116320078,9.208808590499929e-08,9.151115353871915e-08,0.6304503265124328
2S->3P,4.941713361323834,2,3,7.672343474962301,9.54469797973712e-08,9.430628494737052e-08,1.2095639761838584
2S->3P,5.17947467923121,2,3,7.962191964199192,9.88881543887806e-08,9.728920443625651e-08,1.6435019299306797
2S->3P,5.428675439323859,2,3,8.268206139357972,1.0241052511113926e-07,1.0034893309115097e-07,2.0544234567154485
2S->3P,5.689866029018296,2,3,8.58598148227296,1.0601248679190051e-07,1.0342534506968845e-07,2.501458148840441
2S->3P,5.963623316594643,2,3,8.915970014707264,1.0969190426664566e-07,1.0651790997231835e-07,2.97977522761399
2S->3P,6.250551925273971,2,3,9.25864113116099,1.1344610815761771e-07,1.0962619900195097e-07,3.484485634313339
2S->3P,6.551285568595508,2,3,9.614482266564757,1.1727189587511617e-07,1.1274988058091084e-07,4.010660828115276
2S->3P,6.866488450043,2,3,9.983999589634903,1.2116553783590926e-07,1.1588871589175701e-07,4.5533526741990515
2S->3P,7.196856730011519,2,3,10.367718722876747,1.251227888279472e-07,1.1904255438597371e-07,5.10761422529582
2S->3P,7.543120063354617,2,3,10.76618549026,1.291389043837367e-07,1.2221132929891124e-07,5.668521179310315
2S->3P,7.906043210907698,2,3,11.179966693629874,1.3320866195602634e-07,1.253950532041346e-07,6.231193776975963
2S->3P,8.286427728546842,2,3,11.60965091895838,1.3732638661968347e-07,1.2859381363551154e-07,6.790818887231764
2S->3P,8.685113737513525,2,3,12.055849373582518,1.414859809542359e-07,1.3180776880095196e-07,7.342672014954887
2S->3P,9.102981779915218,2,3,12.519196755620468,1.4568095869472126e-07,1.3503714340768591e-07,7.882138957057894
2S->3P,9.54095476349994,2,3,13.00035215680238,1.4990448167721016e-07,1.3828222461532853e-07,8.404736830212457
2S->3P,10.0,2,3,13.5,1.5414939955316046e-07,1.4154335812970805e-07,8.906134198045823
2S->3D,1.0,2,3,3.08,1.780284995545837e-08,1.864193375435157e-08,-4.501055576905111
2S->3D,1.0481131341546857,2,3,3.1812334527222537,1.956050169807175e-08,2.0511848728694308e-08,-4.638036498834475
2S->3D,1.0985411419875581,2,3,3.2857942469867374,2.141066817321163e-08,2.2479636475822495e-08,-4.755273973227158
2S->3D,1.1513953993264474,2,3,3.393791745869006,2.3351611840174804e-08,2.4542781594661992e-08,-4.8534423447188395
2S->3D,1.2067926406393286,2,3,3.5053389069906307,2.5381229857150247e-08,2.6698326684717688e-08,-4.933256091743587
2S->3D,1.264855216855296,2,3,3.620552400664759,2.7497083886751796e-08,2.894291900055279e-08,-4.9954709605253615
2S->3D,1.3257113655901092,2,3,3.7395527319248685,2.9696430231262287e-08,3.1272859167208125e-08,-5.040885221006075
2S->3D,1.3894954943731377,2,3,3.8624643665643794,3.197624954674828e-08,3.36841509467156e-08,-5.070341249417332
2S->3D,1.4563484775012439,2,3,3.98941586131892,3.433327545717333e-08,3.6172551136222156e-08,-5.084727566276149
2S->3D,1.5264179671752334,2,3,4.1205399983274384,3.676402147744312e-08,3.8733618780086625e-08,-5.084981379679654
2S->3D,1.599858719606058,2,3,4.255973924012775,3.926480575684789e-08,4.136276298681078e-08,-5.072091607206852
2S->3D,1.676832936811008,2,3,4.395859292526961,4.183177326943028e-08,4.4055288752595185e-08,-5.0471022801636405
2S->3D,1.7575106248547918,2,3,4.540342413911282,4.4460915202100565e-08,4.680644030310449e-08,-5.011116175071217
2S->3D,1.842069969326716,2,3,4.689574407126066,4.714808542060347e-08,4.961144157078566e-08,-4.9652984718605016
2S->3D,1.93069772888325,2,3,4.84371135811025,4.9889014022808515e-08,5.2465533524554363e-08,-4.910880207746315
2S->3D,2.023589647725157,2,3,5.002914483036061,5.267931811304395e-08,5.536400816019723e-08,-4.849161280709769
2S->3D,2.120950887920191,2,3,5.167350296929539,5.551451004519968e-08,5.830223904232542e-08,-4.781512756485984
2S->3D,2.2229964825261948,2,3,5.337190787833285,5.839000348140447e-08,6.127570836152466e-08,-4.709378246750939
2S->3D,2.329951810515372,2,3,5.512613596693599,6.130111769331569e-08,6.428003053324663e-08,-4.634274152048212
2S->3D,2.442053094548651,2,3,5.693802203160138,6.424308059150639e-08,6.731097241807683e-08,-4.557788598737488
2S->3D,2.5595479226995357,2,3,5.880946117492435,6.721103100330552e-08,7.036447028665266e-08,-4.481578942469932
2S->3D,2.6826957952797255,2,3,6.0742410787740235,7.020002073014395e-08,7.343664368724782e-08,-4.407367758918845
2S->3D,2.8117686979742302,2,3,6.2738892596414395,7.32050169025765e-08,7.6523806400579e-08,-4.336937293251763
2S->3D,2.9470517025518106,2,3,6.480099477742274,7.622090511635943e-08,7.962247468551224e-08,-4.272122390805
2S->3D,3.088843596477481,2,3,6.69539775594969,7.924249377888067e-08,8.275792982746662e-08,-4.24785401944553
2S->3D,3.237457542817644,2,3,6.919306123901183,8.226452002522433e-08,8.591880069169898e-08,-4.253179324030887
2S->3D,3.393221771895328,2,3,7.150702464795605,8.528165748109318e-08,8.908547896492802e-08,-4.2698557924713665
2S->3D,3.5564803062231287,2,3,7.389837192404031,8.828852605992246e-08,9.225532822532782e-08,-4.299808197220534
2S->3D,3.72759372031494,2,3,7.636969094867639,9.127970388809606e-08,9.542591750018548e-08,-4.344955459381728
2S->3D,3.906939937054617,2,3,7.8923656147544925,9.424974135942843e-08,9.85950184481259e-08,-4.407197399109631
2S->3D,4.094915062380425,2,3,8.156303138482011,9.719317723192257e-08,1.0176060132835191e-07,-4.4884012444969645
2S->3D,4.2919342601287775,2,3,8.429067295418362,1.0010455659973551e-07,1.0492082993948648e-07,-4.590388145546287
2S->3D,4.498432668969445,2,3,8.710953266986413,1.0297845050417938e-07,1.0807405569844309e-07,-4.71491993275599
2S->3D,4.714866363457394,2,3,9.00226610610481,1.0580947689167791e-07,1.1121881101690191e-07,-4.863686345650597
2S->3D,4.941713361323834,2,3,9.303321067311822,1.0859232258533121e-07,1.1435380211977475e-07,-5.038292936170963
2S->3D,5.17947467923121,2,3,9.579992573693469,1.113217659107545e-07,1.1705694363946716e-07,-4.899476742171638
2S->3D,5.428675439323859,2,3,9.853124500594243,1.1399269960598823e-07,1.1958464926779012e-07,-4.676143381312803
2S->3D,5.689866029018296,2,3,10.134043599449345,1.1660015364856902e-07,1.2207305109943575e-07,-4.483297010745413
2S->3D,5.963623316594643,2,3,10.422971887683593,1.1913931764869484e-07,1.2452186126073888e-07,-4.322569191905523
2S->3D,6.250551925273971,2,3,10.720137712585482,1.216055624836365e-07,1.2693093225667015e-07,-4.1954862210143435
2S->3D,6.551285568595508,2,3,11.025775931775799,1.239944608826058e-07,1.2930024572854925e-07,-4.103460759914035
2S->3D,6.866488450043,2,3,11.340128098821483,1.2630180671048269e-07,1.3162990158621502e-07,-4.047784592653924
2S->3D,7.196856730011519,2,3,11.663442654141496,1.2852363274045842e-07,1.3392010755651273e-07,-4.0296225223512945
2S->3D,7.543120063354617,2,3,11.995975121355524,1.3065622674735911e-07,1.361711691800066e-07,-4.050007403077527
2S->3D,7.906043210907698,2,3,12.337988309230713,1.3269614579316624e-07,1.3838348027901514e-07,-4.109836285647561
2S->3D,8.286427728546842,2,3,12.689752519386065,1.346402286126054e-07,1.4055751391232202e-07,-4.2098676442212435
2S->3D,8.685113737513525,2,3,13.051545759918568,1.3648560603877642e-07,1.4269381382517955e-07,-4.350719642274803
2S->3D,9.102981779915218,2,3,13.423653965120007,1.382297094364207e-07,1.4479298639741065e-07,-4.532869391184358
2S->3D,9.54095476349994,2,3,13.806371221458015,1.398702771338406e-07,1.468556930874597e-07,-4.75665315164796
2S->3D,10.0,2,3,14.2,1.4140535886441088e-07,1.4888264336606326e-07,-5.022267426611782
2S->4S,1.0,2,4,0.388,1.0548265844319967e-09,1.2120837115079654e-09,-12.974114376994928
2S->4S,1.0481131341546857,2,4,0.39249813502582814,1.164279010644409e-09,1.3464588747164888e-09,-13.53029546561083
2S->4S,1.0985411419875581,2,4,0.3970484175225598,1.2789285785472485e-09,1.48771221026982e-09,-14.03387229608779
2S->4S,1.1513953993264474,2,4,0.4016514520426832,1.3985214512399798e-09,1.6353747523192912e-09,-14.483120810285566
2S->4S,1.2067926406393286,2,4,0.4063078501473428,1.5227904259445873e-09,1.7889179745607405e-09,-14.876453386941868
2S->4S,1.264855216855296,2,4,0.41101823048759195,1.65146014540557e-09,1.9477620604761107e-09,-15.21242871925088
2S->4S,1.3257113655901092,2,4,0.41578321888658715,1.7842516798503458e-09,2.1112846530721625e-09,-15.489762251904116
2S->4S,1.3894954943731377,2,4,0.4206034484227349,1.9208863669381894e-09,2.278829852157999e-09,-15.707337030048352
2S->4S,1.4563484775012439,2,4,0.4254795595138029,2.0610888397500096e-09,2.4497172438760813e-09,-15.86421474141897
2S->4S,1.5264179671752334,2,4,0.43041220000200636,2.2045892147616124e-09,2.6232507687864945e-09,-15.959646672230022
2S->4S,1.599858719606058,2,4,0.4354020252400805,2.3511244511474813e-09,2.7987272597684987e-09,-15.993084251376521
2S->4S,1.676832936811008,2,4,0.4404496981783509,2.5004389281799054e-09,2.9754445079251893e-09,-15.964188828932679
2S->4S,1.7575106248547918,2,4,0.44555588945281344,2.6522843177140956e-09,3.1527087422940466e-09,-15.87284032510471
2S->4S,1.842069969326716,2,4,0.45072127747423535,2.8064188529054305e-09,3.3298414364045846e-09,-15.719144394584827
2S->4S,1.93069772888325,2,4,0.4559465485182891,2.96260611185688e-09,3.506185380713168e-09,-15.503437777318052
2S->4S,2.023589647725157,2,4,0.4612323968167313,3.1206134456516632e-09,3.6811099840152123e-09,-15.226291547860281
2S->4S,2.120950887920191,2,4,0.4665795246496385,3.2802101843164002e-09,3.854015788610153e-09,-14.888512029180879
2S->4S,2.2229964825261948,2,4,0.47198864243871264,3.4411657520908073e-09,4.0243382029730315e-09,-14.49113920026399
2S->4S,2.329951810515372,2,4,0.47746046884166793,3.603247815586292e-09,4.19155047181968e-09,-14.035442497677654
2S->4S,2.442053094548651,2,4,0.48299573084771175,3.766220575804585e-09,4.355165916720223e-09,-13.522913987147444
2S->4S,2.5595479226995357,2,4,0.48859516387413326,3.929843298485412e-09,4.514739490900826e-09,-12.955258959996153
2S->4S,2.6826957952797255,2,4,0.49425951186401074,4.093869157860174e-09,4.669868699739116e-09,-12.334384089024164
2S->4S,2.8117686979742302,2,4,0.49998952738505253,4.258044447645813e-09,4.820193943923318e-09,-11.662383356715168
2S->4S,2.9470517025518106,2,4,0.5057859717295834,4.4221081910675954e-09,4.965398345565413e-09,-10.94152204289972
2S->4S,3.088843596477481,2,4,0.5146563339680064,4.5857921598804735e-09,5.135207968321715e-09,-10.698998206703614
2S->4S,3.237457542817644,2,4,0.5255578239770619,4.748821291749139e-09,5.3201321841872885e-09,-10.738659729850752
2S->4S,3.393221771895328,2,4,0.5366902301850909,4.910914476848593e-09,5.502131658418992e-09,-10.745238723354767
2S->4S,3.5564803062231287,2,4,0.5480584438767621,5.071785668943511e-09,5.680916404249827e-09,-10.722402724508196
2S->4S,3.72759372031494,2,4,0.5596674599443122,5.231145264118876e-09,5.8562254462545654e-09,-10.673772515630676
2S->4S,3.906939937054617,2,4,0.5715223790821687,5.3887016821903725e-09,6.027826288933697e-09,-10.602903536166497
2S->4S,4.094915062380425,2,4,0.5836284100280604,5.544163081815543e-09,6.195514178697251e-09,-10.513269409039893
2S->4S,4.2919342601287775,2,4,0.5959908718515992,5.697239140405079e-09,6.3591111923484726e-09,-10.4082478183395
2S->4S,4.498432668969445,2,4,0.6086151962913375,5.847642833804328e-09,6.518465183198176e-09,-10.291108881319822
2S->4S,4.714866363457394,2,4,0.621506930141332,5.995092157865041e-09,6.673448613720651e-09,-10.165006057900927
2S->4S,4.941713361323834,2,4,0.6346717376882564,6.1393117437636816e-09,6.8239573012811415e-09,-10.032969540839943
2S->4S,5.17947467923121,2,4,0.6485244557964142,6.280034330429892e-09,6.974308100622698e-09,-9.954733289325413
2S->4S,5.428675439323859,2,4,0.6628185679675658,6.417002069851757e-09,7.1217156727178955e-09,-9.89527854314346
2S->4S,5.689866029018296,2,4,0.6774277363265532,6.5499676534553795e-09,7.26469496560988e-09,-9.838366449492042
2S->4S,5.963623316594643,2,4,0.6923589050193508,6.67869525941486e-09,7.403210166425739e-09,-9.786496543035117
2S->4S,6.250551925273971,2,4,0.7076191712476902,6.802961330955401e-09,7.537241963105468e-09,-9.742033435364606
2S->4S,6.551285568595508,2,4,0.7232157886425584,6.9225552039444635e-09,7.666786252064526e-09,-9.707210083229523
2S->4S,6.866488450043,2,4,0.739156170712051,7.037279607982206e-09,7.791852871167277e-09,-9.684131305626542
2S->4S,7.196856730011519,2,4,0.7554478943652199,7.146951068647517e-09,7.91246436677328e-09,-9.674777195084438
2S->4S,7.543120063354617,2,4,0.7720987035135901,7.2514002395542144e-09,8.028654801996555e-09,-9.681006116355306
2S->4S,7.906043210907698,2,4,0.789116512752057,7.350472191606355e-09,8.140468611848412e-09,-9.704557045920193
2S->4S,8.286427728546842,2,4,0.8065094111209148,7.444026683625496e-09,8.247959509615095e-09,-9.747051074297964
2S->4S,8.685113737513525,2,4,0.8242856659508033,7.531938433765151e-09,8.351189447649004e-09,-9.809991966048436
2S->4S,9.102981779915218,2,4,0.8424537267924007,7.61409740529702e-09,8.450227634719695e-09,-9.894765745566914
2S->4S,9.54095476349994,2,4,0.8610222294327322,7.690409113940979e-09,8.545149611171141e-09,-10.002639346568653
2S->4S,10.0,2,4,0.88,7.760794957398415e-09,8.63603638235574e-09,-10.134758426279078
2S->4P,1.0,2,4,0.903,2.7660773399032846e-09,2.8209061636383835e-09,-1.9436599643704922
2S->4P,1.0481131341546857,2,4,0.9214789568884317,3.072262789137899e-09,3.161119528084575e-09,-2.810926260688318
2S->4P,1.0985411419875581,2,4,0.9403360664321067,3.395248019186427e-09,3.523372430287173e-09,-3.6364140787212507
2S->4P,1.1513953993264474,2,4,0.9595790671322578,3.734346907418804e-09,3.907047693370289e-09,-4.420237465862886
2S->4P,1.2067926406393286,2,4,0.9792158558505064,4.088784325397912e-09,4.3113536813787945e-09,-5.162400777792464
2S->4P,1.264855216855296,2,4,0.9992544910495433,4.457714405257602e-09,4.735337369628966e-09,-5.862791659828803
2S->4P,1.3257113655901092,2,4,1.0197031961001264,4.840239518436704e-09,5.1778994697765115e-09,-6.521176266760964
2S->4P,1.3894954943731377,2,4,1.0405703626557523,5.235429456989402e-09,5.637811136791974e-09,-7.137196866646633
2S->4P,1.4563484775012439,2,4,1.0618645540963896,5.642340332626959e-09,6.113731789614501e-09,-7.710371884293354
2S->4P,1.5264179671752334,2,4,1.0835945090426808,6.060032746608434e-09,6.604227595978427e-09,-8.240098353081816
2S->4P,1.599858719606058,2,4,1.105769144942062,6.487588832605794e-09,7.107790202063969e-09,-8.725656664402948
2S->4P,1.676832936811008,2,4,1.1283975617282662,6.924127832370114e-09,7.622855326469088e-09,-9.166217436565526
2S->4P,1.7575106248547918,2,4,1.1514890455557172,7.368819927775651e-09,8.147820882892413e-09,-9.560850272891896
2S->4P,1.842069969326716,2,4,1.1750530726103412,7.820898119797122e-09,8.681064344418716e-09,-9.908534143910796
2S->4P,1.93069772888325,2,4,1.1990993129983654,8.279668012349716e-09,9.220959112248722e-09,-10.208169111699416
2S->4P,2.023589647725157,2,4,1.2236376347146942,8.744515424021938e-09,9.765889701270924e-09,-10.458589114682148
2S->4P,2.120950887920191,2,4,1.2486781076924964,9.214911811232213e-09,1.0314265602530358e-08,-10.65857554636217
2S->4P,2.2229964825261948,2,4,1.2742310079356618,9.690417540403735e-09,1.0864533727237248e-08,-10.806871388231032
2S->4P,2.329951810515372,2,4,1.3003068217358236,1.0170683093131096e-08,1.1415189377624749e-08,-10.902195691409611
2S->4P,2.442053094548651,2,4,1.3269162499756795,1.0655448326384622e-08,1.1964785726146277e-08,-10.943258239053966
2S->4P,2.5595479226995357,2,4,1.3540702125203752,1.1144539939536484e-08,1.2511941815889626e-08,-10.928774258018048
2S->4P,2.6826957952797255,2,4,1.3817798526987513,1.1637867321872912e-08,1.3055349121583343e-08,-10.857479080103827
2S->4P,2.8117686979742302,2,4,1.410056541876297,1.2135416969121394e-08,1.3593776732261964e-08,-10.728142677814178
2S->4P,2.9470517025518106,2,4,1.4389118841216828,1.2637245666421549e-08,1.412607523375943e-08,-10.539584015380143
2S->4P,3.088843596477481,2,4,1.4747519648412044,1.314347263920291e-08,1.4714980738236566e-08,-10.679647680068827
2S->4P,3.237457542817644,2,4,1.5154974046718865,1.365427087361789e-08,1.5341121661237237e-08,-10.995615737026265
2S->4P,3.393221771895328,2,4,1.5573685869369407,1.4169857805347327e-08,1.596609463723201e-08,-11.250320586826302
2S->4P,3.5564803062231287,2,4,1.6003966144059978,1.4690485570357747e-08,1.6588959593019804e-08,-11.444201862188418
2S->4P,3.72759372031494,2,4,1.6446134491769402,1.521643100392167e-08,1.720883885455983e-08,-11.577816885130698
2S->4P,3.906939937054617,2,4,1.690051936418003,1.574798556510896e-08,1.782491791198799e-08,-11.651848031693913
2S->4P,4.094915062380425,2,4,1.7367458287658337,1.6285445353090173e-08,1.8436445556847887e-08,-11.667109026657052
2S->4P,4.2919342601287775,2,4,1.7847298113976426,1.6829101368993896e-08,1.9042733462875393e-08,-11.624550110923227
2S->4P,4.498432668969445,2,4,1.8340395277960588,1.7379230162795223e-08,1.9643155280048322e-08,-11.52526203136307
2S->4P,4.714866363457394,2,4,1.8847116062258396,1.793608498893778e-08,2.023714530901674e-08,-11.37047881478479
2S->4P,4.941713361323834,2,4,1.9367836869420916,1.8499887577387083e-08,2.0824196819683353e-08,-11.16157930326176
2S->4P,5.17947467923121,2,4,1.9935479112483514,1.907082060898029e-08,2.1438848176241304e-08,-11.045498096699424
2S->4P,5.428675439323859,2,4,2.053090498665898,1.9649020965772133e-08,2.205962157441041e-08,-10.927660751146428
2S->4P,5.689866029018296,2,4,2.1144114831294205,2.0234573809114857e-08,2.26748236498446e-08,-10.761935256534915
2S->4P,5.963623316594643,2,4,2.1775639811760117,2.0827507520958847e-08,2.3284114187906906e-08,-10.55056957341306
2S->4P,6.250551925273971,2,4,2.2426026958087997,2.1427789527732946e-08,2.3887197849119475e-08,-10.295926449477566
2S->4P,6.551285568595508,2,4,2.30958396388096,2.2035323011422195e-08,2.4483821924721243e-08,-10.000476726334973
2S->4P,6.866488450043,2,4,2.3785658048949694,2.2649944499191558e-08,2.5073774028399666e-08,-9.666791789950613
2S->4P,7.196856730011519,2,4,2.4496079712593883,2.327142231102331e-08,2.5656879752693164e-08,-9.297535260184764
2S->4P,7.543120063354617,2,4,2.5227720000466856,2.389945583413411e-08,2.6233000315044264e-08,-8.89545401930979
2S->4P,7.906043210907698,2,4,2.5981212662969533,2.4533675583157467e-08,2.680203021516491e-08,-8.463368684376682
2S->4P,8.286427728546842,2,4,2.6757210379136787,2.5173643996000132e-08,2.7363894922273387e-08,-8.004163634214434
2S->4P,8.685113737513525,2,4,2.7556385321991206,2.58188569068189e-08,2.7918548607892188e-08,-7.520776708570498
2S->4P,9.102981779915218,2,4,2.837942974078262,2.6468745629825167e-08,2.846597193726255e-08,-7.016188703618342
2S->4P,9.54095476349994,2,4,2.9227056560617877,2.7122679580929203e-08,2.9006169930035773e-08,-6.493412793380293
2S->4P,10.0,2,4,3.01,2.7779969359100807e-08,2.953916989873952e-08,-5.955484008756051
2S->4D,1.0,2,4,0.754,2.320654800531356e-09,2.3554410270025925e-09,-1.476845570423957
2S->4D,1.0481131341546857,2,4,0.7668701544115571,2.5704013771785362e-09,2.6307363857784906e-09,-2.2934646331772224
2S->4D,1.0985411419875581,2,4,0.779959991680644,2.83256774665517e-09,2.922454672872009e-09,-3.0757338018352898
2S->4D,1.1513953993264474,2,4,0.7932732616113692,3.106395764809278e-09,3.2299125451470948e-09,-3.8241524688771844
2S->4D,1.2067926406393286,2,4,0.8068137780138863,3.391045566071798e-09,3.5522908776901454e-09,-4.539192233131429
2S->4D,1.264855216855296,2,4,0.8205854197969242,3.6856099948539374e-09,3.8886478250958305e-09,-5.221296434497502
2S->4D,1.3257113655901092,2,4,0.8345921320789652,3.989129377743705e-09,4.23793332677462e-09,-5.870879267000495
2S->4D,1.3894954943731377,2,4,0.848837927318391,4.300606277786041e-09,4.59900463410588e-09,-6.48832475851272
2S->4D,1.4563484775012439,2,4,0.8633268864629188,4.619019906359058e-09,4.970642451747323e-09,-7.0739858841518455
2S->4D,1.5264179671752334,2,4,0.878063160118657,4.943339907082531e-09,5.351567311088368e-09,-7.628184049184905
2S->4D,1.599858719606058,2,4,0.8930509697391172,5.272539268096885e-09,5.740455828135822e-09,-8.151209138227777
2S->4D,1.676832936811008,2,4,0.9082946088345195,5.6056061624900005e-09,6.135956538538428e-09,-8.643320282949007
2S->4D,1.7575106248547918,2,4,0.9237984442017414,5.941554560419731e-09,6.536705046653667e-09,-9.104747452825812
2S->4D,1.842069969326716,2,4,0.9395669171752596,6.279433499560461e-09,6.9413382714419e-09,-9.535693925257217
2S->4D,1.93069772888325,2,4,0.9556045448994458,6.6183349420105166e-09,7.348507617741292e-09,-9.936339644908864
2S->4D,2.023589647725157,2,4,0.971915921622578,6.957400184958397e-09,7.756890945650147e-09,-10.306845439667844
2S->4D,2.120950887920191,2,4,0.9885057200129408,7.295824828535319e-09,8.165203252161772e-09,-10.647358023773402
2S->4D,2.2229964825261948,2,4,1.005378692497389,7.63286233678823e-09,8.572206017007467e-09,-10.958015688791855
2S->4D,2.329951810515372,2,4,1.0225396726227618,7.967826256105707e-09,8.976715198295464e-09,-11.238954560810043
2S->4D,2.442053094548651,2,4,1.039993576440531,8.30009117936194e-09,9.377607892666588e-09,-11.49031528762553
2S->4D,2.5595479226995357,2,4,1.0577454039150898,8.62909256329869e-09,9.773827699212556e-09,-11.712250012409086
2S->4D,2.6826957952797255,2,4,1.075800240356074,8.954325521188423e-09,1.0164388846385815e-08,-11.90492948946613
2S->4D,2.8117686979742302,2,4,1.0941632578751366,9.275342722716211e-09,1.054837915677274e-08,-12.068550202228534
2S->4D,2.9470517025518106,2,4,1.112839716867584,9.591751538532455e-09,1.092496193620822e-08,-12.203341352221575
2S->4D,3.088843596477481,2,4,1.1348312469380726,9.903210568430614e-09,1.1323273565965928e-08,-12.54109943791838
2S->4D,3.237457542817644,2,4,1.1591256581705918,1.02094256900538e-08,1.1733631273691753e-08,-12.990058644977276
2S->4D,3.393221771895328,2,4,1.1839401629577493,1.0510145759945964e-08,1.2137717971942572e-08,-13.409210988085963
2S->4D,3.5564803062231287,2,4,1.2092858954366514,1.0805158091179433e-08,1.2534889586262423e-08,-13.799335711570082
2S->4D,3.72759372031494,2,4,1.2351742281034608,1.1094283822251456e-08,1.2924565501623175e-08,-14.161262745288095
2S->4D,3.906939937054617,2,4,1.2616167769161766,1.1377373280969798e-08,1.3306227459838055e-08,-14.495875594266538
2S->4D,4.094915062380425,2,4,1.2886254065066514,1.1654301435127879e-08,1.367941799930133e-08,-14.804113481120929
2S->4D,4.2919342601287775,2,4,1.3162122355041905,1.1924963509349486e-08,1.4043738509446172e-08,-15.086972736437264
2S->4D,4.498432668969445,2,4,1.3443896419731165,1.2189270834956642e-08,1.4398846968091637e-08,-15.345507442585472
2S->4D,4.714866363457394,2,4,1.3731702689667407,1.2447146987424571e-08,1.4744455425066052e-08,-15.580829345083725
2S->4D,4.941713361323834,2,4,1.4025670302002349,1.269852425421891e-08,1.5080327290345323e-08,-15.794107052645224
2S->4D,5.17947467923121,2,4,1.4327013983102894,1.2943340464783462e-08,1.540743896194048e-08,-15.992914223083055
2S->4D,5.428675439323859,2,4,1.4635199871238118,1.3181536204318528e-08,1.5724926447965123e-08,-16.17425844287953
2S->4D,5.689866029018296,2,4,1.4950015092028264,1.3413052423848202e-08,1.6032307735698532e-08,-16.337356761298526
2S->4D,5.963623316594643,2,4,1.5271602247886813,1.3637828450945329e-08,1.6329519299821228e-08,-16.483589011131315
2S->4D,6.250551925273971,2,4,1.5600107008722783,1.3855800398331138e-08,1.6616534140497947e-08,-16.6143776964796
2S->4D,6.551285568595508,2,4,1.5935678177925099,1.4066899961314062e-08,1.689335884123303e-08,-16.731183576235853
2S->4D,6.866488450043,2,4,1.6278467759766304,1.427105358957061e-08,1.716003069147767e-08,-16.835500785798928
2S->4D,7.196856730011519,2,4,1.662863102825623,1.4468182013982278e-08,1.741661489305694e-08,-16.928851543074785
2S->4D,7.543120063354617,2,4,1.698632659747673,1.4658200105020939e-08,1.7663201865836694e-08,-17.012780489294432
2S->4D,7.906043210907698,2,4,1.7351716493429394,1.4841017035445987e-08,1.7899904664754614e-08,-17.08884872069547
2S->4D,8.286427728546842,2,4,1.7724966227428745,1.501653671681116e-08,1.8126856517389017e-08,-17.1586275733696
2S->4D,8.685113737513525,2,4,1.8106244871074204,1.518465847650008e-08,1.8344208488624686e-08,-17.223692230078257
2S->4D,9.102981779915218,2,4,1.8495725132834742,1.5345277939791835e-08,1.8552127276679948e-08,-17.285615223862372
2S->4D,9.54095476349994,2,4,1.8893583436280965,1.5498288079910346e-08,1.8750793142766246e-08,-17.345959918024402
2S->4D,10.0,2,4,1.93,1.564358039826317e-08,1.8940397974939293e-08,-17.406274044707303
2S->4F,1.0,2,4,0.738,2.05040402556142e-09,2.3054581935383466e-09,-11.063057603550707
2S->4F,1.0481131341546857,2,4,0.7558408687816847,2.298543052947691e-09,2.592900589394012e-09,-11.352442035393084
2S->4F,1.0985411419875581,2,4,0.774113033767821,2.563557709441184e-09,2.900546536997506e-09,-11.61811483656301
2S->4F,1.1513953993264474,2,4,0.7928269213798042,2.8451851687249164e-09,3.228095214369542e-09,-11.861795276054432
2S->4F,1.2067926406393286,2,4,0.8119932100937934,3.1430375954230025e-09,3.5750952097807075e-09,-12.085205819853028
2S->4F,1.264855216855296,2,4,0.8316228365340405,3.4566068926237587e-09,3.940952710795707e-09,-12.290069272974236
2S->4F,1.3257113655901092,2,4,0.8517270017135206,3.785270803103122e-09,4.324941617750637e-09,-12.47810635021226
2S->4F,1.3894954943731377,2,4,0.8723171774254292,4.128300141960665e-09,4.726215231762288e-09,-12.651033871317697
2S->4F,1.4563484775012439,2,4,0.8934051127891917,4.484866929591034e-09,5.143819160355548e-09,-12.81056371194369
2S->4F,1.5264179671752334,2,4,0.9150028409547176,4.854053192963102e-09,5.576705088668724e-09,-12.958402573124662
2S->4F,1.599858719606058,2,4,0.937122685968731,5.234860209813168e-09,6.0237450790955285e-09,-13.096252562547217
2S->4F,1.676832936811008,2,4,0.9597772698070888,5.626217984088842e-09,6.48374608517169e-09,-13.225812513602476
2S->4F,1.7575106248547918,2,4,0.9829795195771048,6.0269947610611435e-09,6.955464394540216e-09,-13.348779906168263
2S->4F,1.842069969326716,2,4,1.0067426748939865,6.436006415942765e-09,7.437619749048597e-09,-13.466853199021855
2S->4F,1.93069772888325,2,4,1.0310802954355933,6.8520255793507965e-09,7.928908925719567e-09,-13.581734340214291
2S->4F,2.023589647725157,2,4,1.0560062686798306,7.273790395062475e-09,8.428018598972281e-09,-13.695131190746945
2S->4F,2.120950887920191,2,4,1.08153481782909,7.700012838614719e-09,8.933637340761839e-09,-13.808759580136698
2S->4F,2.2229964825261948,2,4,1.1076805099262608,8.12938655771012e-09,9.444466650198527e-09,-13.924344710992898
2S->4F,2.329951810515372,2,4,1.1344582641669436,8.560594225466591e-09,9.959230936887371e-09,-14.04362164392089
2S->4F,2.442053094548651,2,4,1.161883360412608,8.992314423779854e-09,1.0476686412097554e-08,-14.168334623471
2S->4F,2.5595479226995357,2,4,1.1899714479095513,9.423228095201419e-09,1.0995628868536388e-08,-14.300235049168853
2S->4F,2.6826957952797255,2,4,1.2187385542186375,9.852024616854613e-09,1.151490035274591e-08,-14.441077950750635
2S->4F,2.8117686979742302,2,4,1.248201094360907,1.0277407558514329e-08,1.2033394753893341e-08,-14.59261689068142
2S->4F,2.9470517025518106,2,4,1.2783758801842786,1.0698100189007027e-08,1.2550062349043345e-08,-14.756597286367167
2S->4F,3.088843596477481,2,4,1.3068974518082133,1.1112850790938409e-08,1.3040139147927173e-08,-14.779660976969877
2S->4F,3.237457542817644,2,4,1.3345713035550566,1.1520437834226369e-08,1.3509637608298504e-08,-14.72430150791194
2S->4F,3.393221771895328,2,4,1.3628311554271941,1.1919675045137768e-08,1.3971702899770814e-08,-14.687027553861787
2S->4F,3.5564803062231287,2,4,1.3916894161109912,1.2309416390861304e-08,1.4425598805998096e-08,-14.669633084880285
2S->4F,3.72759372031494,2,4,1.4211587570495778,1.2688560981568615e-08,1.4870662798636465e-08,-14.673870604260719
2S->4F,3.906939937054617,2,4,1.4512521180067848,1.305605787388716e-08,1.5306304685462378e-08,-14.701437465258726
2S->4F,4.094915062380425,2,4,1.481982712748893,1.3410910743075208e-08,1.5732004733934275e-08,-14.753961940097927
2S->4F,4.2919342601287775,2,4,1.5133640348467008,1.3752182377081707e-08,1.6147311354271165e-08,-14.832989372908301
2S->4F,4.498432668969445,2,4,1.545409863600446,1.4078998934941732e-08,1.655183842111688e-08,-14.939968740996722
2S->4F,4.714866363457394,2,4,1.5781342700901946,1.4390553905135835e-08,1.6945262307217644e-08,-15.076239929278989
2S->4F,4.941713361323834,2,4,1.6115516233543419,1.4686111696838703e-08,1.7327318696491286e-08,-15.243021992706907
2S->4F,5.17947467923121,2,4,1.6391120459875337,1.4965010798308292e-08,1.7627203288919224e-08,-15.102750260357144
2S->4F,5.428675439323859,2,4,1.6649296739830457,1.5226666441669194e-08,1.7888991537361953e-08,-14.88247724938756
2S->4F,5.689866029018296,2,4,1.6911539550300962,1.547057272147045e-08,1.8135834959754382e-08,-14.696109907255295
2S->4F,5.963623316594643,2,4,1.7177912943144893,1.5696304124957157e-08,1.8367886773278698e-08,-14.54485581982199
2S->4F,6.250551925273971,2,4,1.7448481979100092,1.59035164442284e-08,1.858534023795247e-08,-14.429780458081742
2S->4F,6.551285568595508,2,4,1.7723312743675064,1.6091947053593077e-08,1.8788424232176938e-08,-14.35180058349912
2S->4F,6.866488450043,2,4,1.800247236329011,1.6261414548761517e-08,1.8977399030151213e-08,-14.31167926160245
2S->4F,7.196856730011519,2,4,1.8286029021672716,1.6411817757391367e-08,1.915255229685219e-08,-14.310022481501205
2S->4F,7.543120063354617,2,4,1.8574051976511199,1.65431341424265e-08,1.9314195311445104e-08,-14.34727734878265
2S->4F,7.906043210907698,2,4,1.886661157637062,1.6655417630243328e-08,1.9462659425761787e-08,-14.423731793830019
2S->4F,8.286427728546842,2,4,1.916377927787518,1.6748795904596917e-08,1.9598292760829056e-08,-14.53951571703942
2S->4F,8.685113737513525,2,4,1.946562766316125,1.6823467214610833e-08,1.9721457141310892e-08,-14.694603476482415
2S->4F,9.102981779915218,2,4,1.9772230457605273,1.687969675055725e-08,1.9832525265102744e-08,-14.88881761185139
2S->4F,9.54095476349994,2,4,2.008366254783095,1.691781264498886e-08,1.9931878103142263e-08,-15.121833690515263
2S->4F,10.0,2,4,2.04,1.6938201659035408e-08,2.0019902522733762e-08,-15.39318615662042
2S->5S,1.0,2,5,0.213,3.113939395014697e-10,4.899251181043273e-10,-36.44050325356868
2S->5S,1.0481131341546857,2,5,0.21381922858531677,3.488209619879104e-10,5.477148420682053e-10,-36.31339974817174
2S->5S,1.0985411419875581,2,5,0.21464160804140822,3.884941694233227e-10,6.086456357076346e-10,-36.17071303375985
2S->5S,1.1513953993264474,2,5,0.21546715048697573,4.3032303113969526e-10,6.72480576451583e-10,-36.00959697448191
2S->5S,1.2067926406393286,2,5,0.21629586808733106,4.74204306939527e-10,7.389494478223997e-10,-35.827233062159614
2S->5S,1.264855216855296,2,5,0.2171277730545755,5.20024756661797e-10,8.077532767412465e-10,-35.62084220075775
2S->5S,1.3257113655901092,2,5,0.21796287764777966,5.676638178114989e-10,8.78569236009486e-10,-35.38769688888016
2S->5S,1.3894954943731377,2,5,0.2188011941731645,6.169961555757142e-10,9.510557647684418e-10,-35.12513372694427
2S->5S,1.4563484775012439,2,5,0.21964273498428236,6.678940045535398e-10,1.0248577672773165e-09,-34.83056616452279
2S->5S,1.5264179671752334,2,5,0.22048751248219917,7.202292386257616e-10,1.099611761947086e-09,-34.50149738754619
2S->5S,1.599858719606058,2,5,0.22133553911567716,7.738751235175622e-10,1.174950867172208e-09,-34.13553322616184
2S->5S,1.676832936811008,2,5,0.22218682738135823,8.287077247846489e-10,1.2505095270897927e-09,-33.73039494443263
2S->5S,1.7575106248547918,2,5,0.22304138982394814,8.846069613188867e-10,1.3259278980251484e-09,-33.28393175553286
2S->5S,1.842069969326716,2,5,0.2238992390364015,9.414573103029803e-10,1.400855834224277e-09,-32.794132893459974
2S->5S,1.93069772888325,2,5,0.2247603876601071,9.991481832803447e-10,1.4749564288323534e-09,-32.2591390668185
2S->5S,2.023589647725157,2,5,0.22562484838507452,1.0575740042473645e-09,1.5479090823984122e-09,-31.677253123374438
2S->5S,2.120950887920191,2,5,0.22649263395012062,1.1166340291921581e-09,1.6194120860570388e-09,-31.046949766137033
2S->5S,2.2229964825261948,2,5,0.22736375714305784,1.1762319522346036e-09,1.6891847196767776e-09,-30.36688418187483
2S->5S,2.329951810515372,2,5,0.22823823080088235,1.2362753465590527e-09,1.7569688765100828e-09,-29.63589946939177
2S->5S,2.442053094548651,2,5,0.22911606780996316,1.2966749888994022e-09,1.8225302351713133e-09,-28.853032785076515
2S->5S,2.5595479226995357,2,5,0.2299972811062322,1.3573441147653328e-09,1.8856590071322626e-09,-28.017520154420637
2S->5S,2.6826957952797255,2,5,0.23088188367537477,1.4181976482863084e-09,1.9461702934501004e-09,-27.12879992777103
2S->5S,2.8117686979742302,2,5,0.23176988855302103,1.4791514459250302e-09,2.0039040882705902e-09,-26.186514884473944
2S->5S,2.9470517025518106,2,5,0.23266130882493802,1.5401215877983464e-09,2.058724968953419e-09,-25.19051301052183
2S->5S,3.088843596477481,2,5,0.23466872747278125,1.6010237443304603e-09,2.1205752095829456e-09,-24.50049698330038
2S->5S,3.237457542817644,2,5,0.23738078677998192,1.661772639784438e-09,2.1861555682043933e-09,-23.98653307416082
2S->5S,3.393221771895328,2,5,0.24012418927366078,1.722281628140586e-09,2.2493752693094644e-09,-23.432890383412584
2S->5S,3.5564803062231287,2,5,0.24289929718606545,1.7824623910142082e-09,2.310122964863308e-09,-22.841233210298917
2S->5S,3.72759372031494,2,5,0.24570647693575054,1.8422247619696746e-09,2.368305281472979e-09,-22.21337441666752
2S->5S,3.906939937054617,2,5,0.24854609917595885,1.9014766767840157e-09,2.423846137533992e-09,-21.551263203589
2S->5S,4.094915062380425,2,5,0.2514185388435612,1.960124244998468e-09,2.47668595207669e-09,-20.856972465365963
2S->5S,4.2919342601287775,2,5,0.25432417520856243,2.0180719345069614e-09,2.526780768575694e-09,-20.13268584260611
2S->5S,4.498432668969445,2,5,0.2572633919241792,2.0752228579913537e-09,2.5741013151405576e-09,-19.38068459912049
2S->5S,4.714866363457394,2,5,0.2602365770774967,2.131479147742876e-09,2.618632020533083e-09,-18.603334449833696
2S->5S,4.941713361323834,2,5,0.2632441232407107,2.1867424038200687e-09,2.6603700034240236e-09,-17.80307246715207
2S->5S,5.17947467923121,2,5,0.2672995842127348,2.2409141995879995e-09,2.7095943379583146e-09,-17.297059261035606
2S->5S,5.428675439323859,2,5,0.2717604518146631,2.2938966284490436e-09,2.759851760705796e-09,-16.883339130417298
2S->5S,5.689866029018296,2,5,0.27629576524792526,2.3455928759780117e-09,2.8077756016197547e-09,-16.460814225150976
2S->5S,5.963623316594643,2,5,0.2809067669124977,2.3959078026548055e-09,2.8533652745523247e-09,-16.03220856359834
2S->5S,6.250551925273971,2,5,0.28559471994232755,2.444748523860796e-09,2.896628458639653e-09,-15.600203520443001
2S->5S,6.551285568595508,2,5,0.290360908551355,2.492024975660995e-09,2.937580362866017e-09,-15.167428024686313
2S->5S,6.866488450043,2,5,0.29520663838530914,2.537650457005146e-09,2.976243009016325e-09,-14.736449634068617
2S->5S,7.196856730011519,2,5,0.30013323687937604,2.5815421412088713e-09,3.012644537978666e-09,-14.30976643062718
2S->5S,7.543120063354617,2,5,0.30514205362183494,2.623621551782195e-09,3.046818543365843e-09,-13.889799656928014
2S->5S,7.906043210907698,2,5,0.31023446072376354,2.663814999727752e-09,3.0788034355287333e-09,-13.478886992657714
2S->5S,8.286427728546842,2,5,0.3154118531949127,2.7020539812234176e-09,3.1086418382338516e-09,-13.079276358238602
2S->5S,8.685113737513525,2,5,0.3206756493258545,2.738275536047803e-09,3.1363800195703892e-09,-12.693120126977375
2S->5S,9.102981779915218,2,5,0.32602729107650724,2.7724225681467377e-09,3.162067358033899e-09,-12.322469630420319
2S->5S,9.54095476349994,2,5,0.33146824447114526,2.8044441303511608e-09,3.185755844200027e-09,-11.969269852963793
2S->5S,10.0,2,5,0.337,2.8342956754521562e-09,3.207499617946193e-09,-11.635354230626682
2S->5P,1.0,2,5,0.518,7.906004766764293e-10,1.1914610853429182e-09,-33.6444566757391
2S->5P,1.0481131341546857,2,5,0.5251592764237513,8.934956646181787e-10,1.3452369651231651e-09,-33.58079745181747
2S->5P,1.0985411419875581,2,5,0.5324175011851698,1.0038850851958526e-09,1.5097426422942294e-09,-33.5062111201726
2S->5P,1.1513953993264474,2,5,0.5397760418489296,1.1216468540990313e-09,1.6846600651511534e-09,-33.41998915381227
2S->5P,1.2067926406393286,2,5,0.5472362848808113,1.246601753523438e-09,1.869568541077195e-09,-33.32142009593403
2S->5P,1.264855216855296,2,5,0.5547996359089357,1.3785179199754492e-09,2.0639516425549673e-09,-33.20977625866366
2S->5P,1.3257113655901092,2,5,0.5624675199886049,1.517116485368996e-09,2.2672056115679243e-09,-33.08430088439096
2S->5P,1.3894954943731377,2,5,0.5702413818708061,1.6620779914748484e-09,2.478648965272733e-09,-32.94419602123995
2S->5P,1.4563484775012439,2,5,0.5781226862744258,1.813049387312427e-09,2.697532998348301e-09,-32.788611356281585
2S->5P,1.5264179671752334,2,5,0.5861129181622253,1.96965141457716e-09,2.9230528812480734e-09,-32.61663423153104
2S->5P,1.599858719606058,2,5,0.5942135830206324,2.131486187336493e-09,3.1543590669852146e-09,-32.427281039578496
2S->5P,1.676832936811008,2,5,0.6024262071433976,2.298144778586213e-09,3.3905687401907325e-09,-32.219490159726604
2S->5P,1.7575106248547918,2,5,0.6107523379191729,2.469214637325495e-09,3.630777069091612e-09,-31.99211655417691
2S->5P,1.842069969326716,2,5,0.6191935441230642,2.6442866749730823e-09,3.8740680519141016e-09,-31.74392809990543
2S->5P,1.93069772888325,2,5,0.6277514162122132,2.8229618784976006e-09,4.119524782325146e-09,-31.473603688232654
2S->5P,2.023589647725157,2,5,0.6364275666254652,3.0048573287736868e-09,4.366238992377962e-09,-31.179733083342576
2S->5P,2.120950887920191,2,5,0.6452236300871778,3.18961152554374e-09,4.613319764751737e-09,-30.860818495303523
2S->5P,2.2229964825261948,2,5,0.6541412639152285,3.3768889440821997e-09,4.859901337839044e-09,-30.51527779401929
2S->5P,2.329951810515372,2,5,0.6631821483332809,3.566383772369627e-09,5.105149956648556e-09,-30.141449268790975
2S->5P,2.442053094548651,2,5,0.6723479867873642,3.7578228005042e-09,5.348269748994218e-09,-29.737597823840378
2S->5P,2.5595479226995357,2,5,0.6816405062668301,3.950967455539817e-09,5.5885076296817805e-09,-29.301922492592325
2S->5P,2.6826957952797255,2,5,0.6910614576297451,4.1456149944207495e-09,5.825157255206426e-09,-28.832565151516388
2S->5P,2.8117686979742302,2,5,0.7006126159327795,4.3415988848241735e-09,6.057562067820003e-09,-28.32762031629287
2S->5P,2.9470517025518106,2,5,0.7102957807656564,4.538788418331109e-09,6.2851174808133024e-09,-27.785145907188614
2S->5P,3.088843596477481,2,5,0.7220116992839627,4.7370876123802975e-09,6.524431810830076e-09,-27.394633743936424
2S->5P,3.237457542817644,2,5,0.735101111313938,4.936433467001571e-09,6.769905052095495e-09,-27.082677984182478
2S->5P,3.393221771895328,2,5,0.748427822417405,5.136793649546466e-09,7.010934798785426e-09,-26.731687043554242
2S->5P,3.5564803062231287,2,5,0.7619961346096229,5.338163685758975e-09,7.247055837919266e-09,-26.340243470627943
2S->5P,3.72759372031494,2,5,0.7758104278974537,5.540563738798371e-09,7.477849003922673e-09,-25.906985606530107
2S->5P,3.906939937054617,2,5,0.78987516169328,5.744035059466549e-09,7.702940686463534e-09,-25.430620677625004
2S->5P,4.094915062380425,2,5,0.8041948762545538,5.9486361910990294e-09,7.92200194111785e-09,-24.909937723902708
2S->5P,4.2919342601287775,2,5,0.818774194149444,6.154439011504651e-09,8.13474726060263e-09,-24.34382022768924
2S->5P,4.498432668969445,2,5,0.8336178217490542,6.361524692097887e-09,8.340933061790865e-09,-23.731258302029612
2S->5P,4.714866363457394,2,5,0.8487305507466938,6.569979651043276e-09,8.540355940541447e-09,-23.071360294770706
2S->5P,4.941713361323834,2,5,0.8641172597046909,6.779891572892161e-09,8.732850742720039e-09,-22.363363663989354
2S->5P,5.17947467923121,2,5,0.8827945178679344,6.991345561906781e-09,8.948816864944581e-09,-21.874079362444554
2S->5P,5.428675439323859,2,5,0.9029007998245999,7.2044204901163485e-09,9.169370839278766e-09,-21.429500274382775
2S->5P,5.689866029018296,2,5,0.9234650168566864,7.419185594232396e-09,9.384445472600487e-09,-20.94167294280741
2S->5P,5.963623316594643,2,5,0.944497598765872,7.635697367981527e-09,9.59391857959792e-09,-20.411067650508052
2S->5P,6.250551925273971,2,5,0.9660092129000922,7.853996788317215e-09,9.797694361995052e-09,-19.83831605543218
2S->5P,6.551285568595508,2,5,0.988010769563827,8.074106905474754e-09,9.995701726692698e-09,-19.22421130360946
2S->5P,6.866488450043,2,5,1.0105134275516106,8.296030818053475e-09,1.0187892591839746e-08,-18.569706705600787
2S->5P,7.196856730011519,2,5,1.0335285998075723,8.519750045361165e-09,1.0374240198883415e-08,-17.87591301117021
2S->5P,7.543120063354617,2,5,1.0570679592138768,8.745223300248298e-09,1.055473744606229e-08,-17.144094346838312
2S->5P,7.906043210907698,2,5,1.0811434445110009,8.972385656722823e-09,1.0729395256395091e-08,-16.37566291189645
2S->5P,8.286427728546842,2,5,1.105767266352847,9.201148097930306e-09,1.0898240990993226e-08,-15.5721725594568
2S->5P,8.685113737513525,2,5,1.1309519134997699,9.431397421824826e-09,1.1061316916493391e-08,-14.735311418825848
2S->5P,9.102981779915218,2,5,1.1567101591526483,9.662996474319375e-09,1.1218678733567968e-08,-13.866893742074627
2S->5P,9.54095476349994,2,5,1.1830550674312266,9.895784673225158e-09,1.1370394171824134e-08,-12.968851178906904
2S->5P,10.0,2,5,1.21,1.0129578781236892e-08,1.1516541654940336e-08,-12.043223697354222
2S->5D,1.0,2,5,0.487,6.931443058676811e-10,1.1201574296563727e-09,-38.12081342170672
2S->5D,1.0481131341546857,2,5,0.48976799287442613,7.795536320623425e-10,1.2545793970079802e-09,-37.86334815305564
2S->5D,1.0985411419875581,2,5,0.4925517183660039,8.714784258315933e-10,1.3966977627465849e-09,-37.604365878137855
2S->5D,1.1513953993264474,2,5,0.4953512658952102,9.686854576424068e-10,1.5460087724851029e-09,-37.34282270046169
2S->5D,1.2067926406393286,2,5,0.4981667253907665,1.0708918983020933e-09,1.7019281501131992e-09,-37.07772574119149
2S->5D,1.264855216855296,2,5,0.500998187292528,1.177770520742261e-09,1.8638008474634254e-09,-36.808134713257054
2S->5D,1.3257113655901092,2,5,0.5038457425543886,1.2889554618507677e-09,2.030911749192309e-09,-36.53316239056751
2S->5D,1.3894954943731377,2,5,0.5067094826472028,1.4040483616983065e-09,2.2024970035266933e-09,-36.25197403446592
2S->5D,1.4563484775012439,2,5,0.5095894995617235,1.5226247068772167e-09,2.3777556621035778e-09,-35.963785886638775
2S->5D,1.5264179671752334,2,5,0.5124858858115577,1.6442402183804267e-09,2.5558613343953282e-09,-35.66786287451605
2S->5D,1.599858719606058,2,5,0.5153987344361375,1.7684371411699984e-09,2.735973591880826e-09,-35.363515699934126
2S->5D,1.676832936811008,2,5,0.5183281390037093,1.894750311184375e-09,2.9172488919441836e-09,-35.0500974936825
2S->5D,1.7575106248547918,2,5,0.5212741936143394,2.022712895090783e-09,3.098850829343261e-09,-34.72700021770792
2S->5D,1.842069969326716,2,5,0.5242369929029362,2.1518617178828737e-09,3.2799595620996003e-09,-34.39365098436144
2S->5D,1.93069772888325,2,5,0.5272166320422913,2.2817421128975414e-09,3.459780297202875e-09,-34.049508440109356
2S->5D,2.023589647725157,2,5,0.5302132067461354,2.4119122475468727e-09,3.6375507582799654e-09,-33.694059332182135
2S->5D,2.120950887920191,2,5,0.5332268132722132,2.5419468956823696e-09,3.8125475913396346e-09,-33.326815343721584
2S->5D,2.2229964825261948,2,5,0.5362575484253763,2.671440643733844e-09,3.984091695148755e-09,-32.94731024924115
2S->5D,2.329951810515372,2,5,0.5393055095606919,2.8000105323342977e-09,4.151552489272465e-09,-32.55509741068015
2S->5D,2.442053094548651,2,5,0.5423707945865702,2.927298147827367e-09,4.3143511551001285e-09,-32.14974760765783
2S->5D,2.5595479226995357,2,5,0.54545350196791,3.0529711886691774e-09,4.471962903259532e-09,-31.730847175768773
2S->5D,2.6826957952797255,2,5,0.5485537307292611,3.176724540152715e-09,4.623918334829397e-09,-31.297996415200036
2S->5D,2.8117686979742302,2,5,0.5516715804580052,3.2982808970477653e-09,4.769803973951495e-09,-30.850808229015357
2S->5D,2.9470517025518106,2,5,0.554807151307556,3.417390977702264e-09,4.9092620561599606e-09,-30.388906955695138
2S->5D,3.088843596477481,2,5,0.5588997738812123,3.5338333750303334e-09,5.0504769761939426e-09,-30.029710229598106
2S->5D,3.237457542817644,2,5,0.5636006709873286,3.647414089854751e-09,5.190473760897417e-09,-29.728686476894474
2S->5D,3.393221771895328,2,5,0.5683411072642139,3.757965790595838e-09,5.323963550190774e-09,-29.414133752640392
2S->5D,3.5564803062231287,2,5,0.5731214152752045,3.865346840684162e-09,5.4507401150198316e-09,-29.085834967017167
2S->5D,3.72759372031494,2,5,0.5779419303808219,3.969440131727472e-09,5.570642431471189e-09,-28.743584235415454
2S->5D,3.906939937054617,2,5,0.5828029907622989,4.070151756784164e-09,5.683552398472308e-09,-28.387186896030247
2S->5D,4.094915062380425,2,5,0.5877049374453059,4.167409554447912e-09,5.789392338496504e-09,-28.016459918655613
2S->5D,4.2919342601287775,2,5,0.5926481143238747,4.261161551124828e-09,5.888122340623634e-09,-27.631232766241876
2S->5D,4.498432668969445,2,5,0.5976328681845239,4.351374326092321e-09,5.979737499606609e-09,-27.23134876106875
2S->5D,4.714866363457394,2,5,0.6026595487305885,4.438031321777041e-09,6.064265098737355e-09,-26.81666699067812
2S->5D,4.941713361323834,2,5,0.6077285086067523,4.5211311201906185e-09,6.1417617784562446e-09,-26.38706476617818
2S->5D,5.17947467923121,2,5,0.6141230683487189,4.600685705542824e-09,6.225316038961492e-09,-26.0971543171596
2S->5D,5.428675439323859,2,5,0.6210165857315754,4.676718732570388e-09,6.3067076394458455e-09,-25.84532215637445
2S->5D,5.689866029018296,2,5,0.6279874826892384,4.7492638198884765e-09,6.381740706142408e-09,-25.580432697346623
2S->5D,5.963623316594643,2,5,0.6350366278056638,4.818362887482076e-09,6.450508408058125e-09,-25.302587289664412
2S->5D,6.250551925273971,2,5,0.6421648994146423,4.884064557101651e-09,6.513121542161392e-09,-25.01192361472707
2S->5D,6.551285568595508,2,5,0.6493731857092412,4.9464226336309245e-09,6.569706397560149e-09,-24.70861962008041
2S->5D,6.866488450043,2,5,0.656662384852475,5.005494684317221e-09,6.620402721602299e-09,-24.392897308431884
2S->5D,7.196856730011519,2,5,0.6640334050892169,5.061340731013104e-09,6.6653617962392035e-09,-24.06502623955291
2S->5D,7.543120063354617,2,5,0.6714871648593688,5.114022068250837e-09,6.704744630385106e-09,-23.725326613116682
2S->5D,7.906043210907698,2,5,0.6790245929122988,5.163600217099742e-09,6.738720271724956e-09,-23.374171817670952
2S->5D,8.286427728546842,2,5,0.6866466284225656,5.210136021440855e-09,6.7674642394543615e-09,-23.011990354293598
2S->5D,8.685113737513525,2,5,0.694354221106941,5.253688889683189e-09,6.791157077758782e-09,-22.63926707145152
2S->5D,9.102981779915218,2,5,0.7021483313427456,5.294316181227576e-09,6.80998302843259e-09,-22.25654367825738
2S->5D,9.54095476349994,2,5,0.7100299302875135,5.332072733362407e-09,6.824128819879433e-09,-21.864418534575492
2S->5D,10.0,2,5,0.718,5.3670105209570735e-09,6.833782568799307e-09,-21.463545746085167
2S->5F,1.0,2,5,0.461,6.317041470953311e-10,1.0603543635966898e-09,-40.42518531704724
2S->5F,1.0481131341546857,2,5,0.4686103159348485,7.179790675043552e-10,1.2003823364341367e-09,-40.18746813309597
2S->5F,1.0985411419875581,2,5,0.47634626507713346,8.111961495727642e-10,1.3507449835583479e-09,-39.94453731482446
2S->5F,1.1513953993264474,2,5,0.4842099214147085,9.113287498252089e-10,1.5112362433930343e-09,-39.696473413111796
2S->5F,1.2067926406393286,2,5,0.4922033931733941,1.0182922386633219e-09,1.6815551254771964e-09,-39.44342214922344
2S->5F,1.264855216855296,2,5,0.500328823382188,1.1319452018429352e-09,1.8613106966904353e-09,-39.18558552015913
2S->5F,1.3257113655901092,2,5,0.508588390447805,1.252091547313178e-09,2.0500285115572936e-09,-38.92321300633847
2S->5F,1.3894954943731377,2,5,0.5169843087387028,1.3784834217577831e-09,2.2471582432573164e-09,-38.656593237526785
2S->5F,1.4563484775012439,2,5,0.5255188291787479,1.5108248244378334e-09,2.4520822597335715e-09,-38.38604645335224
2S->5F,1.5264179671752334,2,5,0.5341942398506827,1.6487757932456014e-09,2.6641248871253747e-09,-38.11191805558891
2S->5F,1.599858719606058,2,5,0.5430128666095545,1.7919570296103916e-09,2.8825621093552265e-09,-37.83457349298129
2S->5F,1.676832936811008,2,5,0.5519770737062712,1.9399548253285495e-09,3.1066314665904895e-09,-37.554394649274606
2S->5F,1.7575106248547918,2,5,0.561089264421451,2.0923261556521714e-09,3.3355419349118993e-09,-37.27177782558937
2S->5F,1.842069969326716,2,5,0.5703518817097353,2.248603808995834e-09,3.568483593300553e-09,-36.987133324156304
2S->5F,1.93069772888325,2,5,0.5797674088547382,2.4083014341056374e-09,3.804636910534878e-09,-36.70088655668684
2S->5F,2.023589647725157,2,5,0.5893383701348098,2.570918399933964e-09,4.043181512439725e-09,-36.41348052210924
2S->5F,2.120950887920191,2,5,0.5990673314997873,2.7359443810037014e-09,4.28330431799536e-09,-36.12537942939908
2S->5F,2.2229964825261948,2,5,0.6089569012589197,2.9028636007707305e-09,4.524206960131575e-09,-35.83707318538964
2S->5F,2.329951810515372,2,5,0.6190097307801489,3.071158686326835e-09,4.765112432835255e-09,-35.5490824274321
2S->5F,2.442053094548651,2,5,0.6292285152009351,3.240314108608515e-09,5.005270929915062e-09,-35.26196375820354
2S->5F,2.5595479226995357,2,5,0.6396159941508152,3.4098192020123467e-09,5.243964861998796e-09,-34.97631483532374
2S->5F,2.6826957952797255,2,5,0.6501749524858909,3.5791707750040143e-09,5.480513056851547e-09,-34.69277898116747
2S->5F,2.8117686979742302,2,5,0.6609082210354412,3.747875338168186e-09,5.714274163796679e-09,-34.41204900679771
2S->5F,2.9470517025518106,2,5,0.6718186773608608,3.9154509876311464e-09,5.944649295911711e-09,-34.1348699859569
2S->5F,3.088843596477481,2,5,0.683212769892051,4.081428989601711e-09,6.173826731436231e-09,-33.89142314571827
2S->5F,3.237457542817644,2,5,0.6949885114327371,4.245355115878146e-09,6.4004885345459075e-09,-33.67138941091253
2S->5F,3.393221771895328,2,5,0.7069672176938498,4.406790780755215e-09,6.622550524806702e-09,-33.45780052189424
2S->5F,3.5564803062231287,2,5,0.719152386941515,4.565314027233418e-09,6.839585225465872e-09,-33.251595283360835
2S->5F,3.72759372031494,2,5,0.7315475777373908,4.720520405332557e-09,7.0512101008117245e-09,-33.053754776231415
2S->5F,3.906939937054617,2,5,0.7441564099779117,4.872023778294764e-09,7.257086898672968e-09,-32.865296415485076
2S->5F,4.094915062380425,2,5,0.7569825659514443,5.019457084223238e-09,7.456920622012922e-09,-32.68726678669827
2S->5F,4.2919342601287775,2,5,0.7700297914136646,5.162473071930026e-09,7.650458186205863e-09,-32.52073344785795
2S->5F,4.498432668969445,2,5,0.7833018966814692,5.300745021093413e-09,7.83748681582379e-09,-32.36677591098114
2S->5F,4.714866363457394,2,5,0.7968027577457429,5.4339674487975975e-09,8.017832231403474e-09,-32.2264760353259
2S->5F,4.941713361323834,2,5,0.8105363174033037,5.561856797574399e-09,8.191356672884867e-09,-32.10090807075551
2S->5F,5.17947467923121,2,5,0.8215944317650083,5.68415209448821e-09,8.328436525500905e-09,-31.75007005115714
2S->5F,5.428675439323859,2,5,0.8318242251269665,5.800615566770135e-09,8.447555694674945e-09,-31.333799072474335
2S->5F,5.689866029018296,2,5,0.8421813911538095,5.91103319705721e-09,8.558424194804433e-09,-30.933159393459096
2S->5F,5.963623316594643,2,5,0.8526675157813607,6.015215200360268e-09,8.66113660062593e-09,-30.5493553822306
2S->5F,6.250551925273971,2,5,0.8632842046921642,6.1129964053133884e-09,8.755811717073731e-09,-30.18355575882112
2S->5F,6.551285568595508,2,5,0.8740330835613545,6.204236523828466e-09,8.842589849903836e-09,-29.836884565035692
2S->5F,6.866488450043,2,5,0.8849157983055862,6.288820295733118e-09,8.921630193280125e-09,-29.510412789022233
2S->5F,7.196856730011519,2,5,0.8959340153350653,6.366657498038093e-09,8.993108346654933e-09,-29.205150737384056
2S->5F,7.543120063354617,2,5,0.9070894218087165,6.437682811900287e-09,9.057213969867688e-09,-28.922041222414318
2S->5F,7.906043210907698,2,5,0.9183837258925293,6.50185554388388e-09,9.114148582382205e-09,-28.66195360856778
2S->5F,8.286427728546842,2,5,0.9298186570211191,6.5591592015761816e-09,9.164123509968595e-09,-28.425678741221382
2S->5F,8.685113737513525,2,5,0.9413959661625474,6.609600926831959e-09,9.207357979888633e-09,-28.213924762465837
2S->5F,9.102981779915218,2,5,0.9531174260864363,6.653210792789542e-09,9.244077363738145e-09,-28.027313803233923
2S->5F,9.54095476349994,2,5,0.9649848316354243,6.6900409732552e-09,9.274511565509998e-09,-27.86637952844776
2S->5F,10.0,2,5,0.977,6.720164795056078e-09,9.298893551137776e-09,-27.73156550185667
2S->5G,1.0,2,5,0.254,2.4354562900342337e-10,5.842299530445969e-10,-58.31339565281885
2S->5G,1.0481131341546857,2,5,0.2539141288683266,2.752891637408013e-10,6.504210959516655e-10,-57.67524063191537
2S->5G,1.0985411419875581,2,5,0.2538282867675635,3.09266789009192e-10,7.197648227198302e-10,-57.03224452668554
2S->5G,1.1513953993264474,2,5,0.2537424736878964,3.454090909631654e-10,7.919392101776627e-10,-56.38439333169566
2S->5G,1.2067926406393286,2,5,0.25365668961951365,3.8362348432043073e-10,8.665883097457847e-10,-55.731749435557546
2S->5G,1.264855216855296,2,5,0.2535709345526075,4.2379531046225165e-10,9.433282089607497e-10,-55.07445802674125
2S->5G,1.3257113655901092,2,5,0.2534852084773731,4.657892435904968e-10,1.0217533754144745e-09,-54.41275215738346
2S->5G,1.3894954943731377,2,5,0.2533995113840092,5.094509588435401e-10,1.1014431022736443e-09,-53.74695635281475
2S->5G,1.4563484775012439,2,5,0.2533138432627176,5.546090160936318e-10,1.181967889105199e-09,-53.07748871980821
2S->5G,1.5264179671752334,2,5,0.2532282041037038,6.010769140834587e-10,1.2628956105242044e-09,-52.40486156777733
2S->5G,1.599858719606058,2,5,0.2531425938971761,6.486552712463724e-10,1.3437973468068428e-09,-51.72968061086595
2S->5G,1.676832936811008,2,5,0.25305701263334657,6.971340917214598e-10,1.4242527737782195e-09,-51.05264286253617
2S->5G,1.7575106248547918,2,5,0.2529714603024303,7.462950775425538e-10,1.503855032843501e-09,-50.374533366327654
2S->5G,1.842069969326716,2,5,0.25288593689464584,7.959139506510522e-10,1.582215025011952e-09,-49.69622092641676
2S->5G,1.93069772888325,2,5,0.2528004424002149,8.457627512168965e-10,1.6589650943907892e-09,-49.01865300984646
2S->5G,2.023589647725157,2,5,0.2527149768093627,8.956120817457527e-10,1.7337620863181215e-09,-48.34284999000605
2S->5G,2.120950887920191,2,5,0.2526295401123176,9.452332696106576e-10,1.8062897826646989e-09,-47.66989888985486
2S->5G,2.2229964825261948,2,5,0.2525441322993114,9.94400423974079e-10,1.87626073163285e-09,-47.00094676560842
2S->5G,2.329951810515372,2,5,0.25245875336057894,1.0428923665443909e-09,1.943417501531727e-09,-46.337193849369825
2S->5G,2.442053094548651,2,5,0.2523734032863587,1.0904944191992088e-09,2.0075333975440663e-09,-45.67988654468839
2S->5G,2.5595479226995357,2,5,0.2522880820668922,1.1370000351448368e-09,2.068412687547496e-09,-45.03031034425868
2S->5G,2.6826957952797255,2,5,0.25220278969242443,1.1822122638877763e-09,2.1258903878086743e-09,-44.38978271563769
2S->5G,2.8117686979742302,2,5,0.2521175261532036,1.2259450437834841e-09,2.1798316620732863e-09,-43.759645980301954
2S->5G,2.9470517025518106,2,5,0.2520322914394812,1.2680243192122446e-09,2.2301308884985945e-09,-43.14126019455634
2S->5G,3.088843596477481,2,5,0.2517116331156031,1.3082889824329748e-09,2.274582791226397e-09,-42.482243887566796
2S->5G,3.237457542817644,2,5,0.251248011212008,1.3465916428189969e-09,2.313865608763457e-09,-41.8033770967959
2S->5G,3.393221771895328,2,5,0.25078524324299994,1.3827992284402384e-09,2.3492432218716073e-09,-41.13852428874595
2S->5G,3.5564803062231287,2,5,0.2503233276357365,1.4167934268007646e-09,2.380730098899155e-09,-40.489120230139186
2S->5G,3.72759372031494,2,5,0.2498622628202719,1.4484709729673252e-09,2.4083618961040876e-09,-39.8565898542715
2S->5G,3.906939937054617,2,5,0.24940204722955217,1.4777437943519199e-09,2.432193427596119e-09,-39.24234077828005
2S->5G,4.094915062380425,2,5,0.24894267929940977,1.504539022074405e-09,2.4522966346440153e-09,-38.64775570705745
2S->5G,4.2919342601287775,2,5,0.24848415746855804,1.5287988791774581e-09,2.468758582908591e-09,-38.074184743641915
2S->5G,4.498432668969445,2,5,0.24802648017858592,1.550480456051698e-09,2.48167951157833e-09,-37.52293763888941
2S->5G,4.714866363457394,2,5,0.24756964587395297,1.5695553833126592e-09,2.4911709540527496e-09,-36.995276026350766
2S->5G,4.941713361323834,2,5,0.2471136530019838,1.5860094121120831e-09,2.4973539457968094e-09,-36.492405700784694
2S->5G,5.17947467923121,2,5,0.24642816365226164,1.5998419115175933e-09,2.4980224301965872e-09,-35.95566268027104
2S->5G,5.428675439323859,2,5,0.24566824928037914,1.6110652922039084e-09,2.4948735027433536e-09,-35.42497082788418
2S->5G,5.689866029018296,2,5,0.2449106782682979,1.61970436530288e-09,2.4888337553810406e-09,-34.92115084822517
2S->5G,5.963623316594643,2,5,0.2441554433897627,1.625795644886237e-09,2.480056537684923e-09,-34.44521847861256
2S->5G,6.250551925273971,2,5,0.24340253744080212,1.6293866022216606e-09,2.4686966096519815e-09,-33.998102648532445
2S->5G,6.551285568595508,2,5,0.24265195323965968,1.6305348796579627e-09,2.454909017898446e-09,-33.58063912878525
2S->5G,6.866488450043,2,5,0.24190368362672543,1.6293074717591902e-09,2.438848093617827e-09,-33.1935647807302
2S->5G,7.196856730011519,2,5,0.24115772146446762,1.6257798811145008e-09,2.420666567672741e-09,-32.837512492373286
2S->5G,7.543120063354617,2,5,0.2404140596373646,1.6200352560900387e-09,2.4005147972713552e-09,-32.513006879544385
2S->5G,7.906043210907698,2,5,0.23967269105183697,1.6121635176470712e-09,2.378540097999789e-09,-32.22046081952519
2S->5G,8.286427728546842,2,5,0.23893360863617993,1.6022604822117487e-09,2.354886174514262e-09,-31.960172871529814
2S->5G,8.685113737513525,2,5,0.23819680534049578,1.5904269874300316e-09,2.3296926429118646e-09,-31.732325623771153
2S->5G,9.102981779915218,2,5,0.23746227413662674,1.5767680274608943e-09,2.3030946376686036e-09,-31.536984990897356
2S->5G,9.54095476349994,2,5,0.2367300080180878,1.561391904237491e-09,2.2752224960324773e-09,-31.374100468844734
2S->5G,10.0,2,5,0.236,1.5444094008473672e-09,2.246201512864396e-09,-31.243506337153658
2P->3S,1.0,2,3,2.22,4.269803068631581e-09,4.478906161759793e-09,-4.6686196490005045
2P->3S,1.0481131341546857,2,3,2.222533788280903,4.565276373231826e-09,4.776792559357636e-09,-4.427996055877581
2P->3S,1.0985411419875581,2,3,2.2250704684911087,4.860420354803119e-09,5.074245018094512e-09,-4.213920741487753
2P->3S,1.1513953993264474,2,3,2.227610043931309,5.153617441588341e-09,5.3697801633260795e-09,-4.025541365995999
2P->3S,1.2067926406393286,2,3,2.2301525179059642,5.443312616928286e-09,5.661967079327383e-09,-3.86181091015938
2P->3S,1.264855216855296,2,3,2.232697893723305,5.728033468407196e-09,5.949441516058305e-09,-3.721492967928164
2P->3S,1.3257113655901092,2,3,2.2352461746953374,6.0064075162724635e-09,6.2309179587640936e-09,-3.6031680079472883
2P->3S,1.3894954943731377,2,3,2.2377973641378492,6.277176648686776e-09,6.5051995348097596e-09,-3.50524046038585
2P->3S,1.4563484775012439,2,3,2.240351465370411,6.539208587100483e-09,6.7711857877048945e-09,-3.4259464719700206
2P->3S,1.5264179671752334,2,3,2.2429084817163836,6.791505391882082e-09,7.0278783949586694e-09,-3.36336216696842
2P->3S,1.599858719606058,2,3,2.24546841650292,7.033209094186831e-09,7.274384944117029e-09,-3.315412255234629
2P->3S,1.676832936811008,2,3,2.248031273060971,7.263604603512371e-09,7.509920910338739e-09,-3.2798788398326506
2P->3S,1.7575106248547918,2,3,2.2505970547252883,7.482120090845935e-09,7.733809999702545e-09,-3.254410295395027
2P->3S,1.842069969326716,2,3,2.253165764834431,7.68832508476183e-09,7.945483035839234e-09,-3.236530112989444
2P->3S,1.93069772888325,2,3,2.2557374067307685,7.881926542851157e-09,8.144475574310958e-09,-3.223645636410577
2P->3S,2.023589647725157,2,3,2.2583119837604837,8.062763174478024e-09,8.330424430342024e-09,-3.2130566467789334
2P->3S,2.120950887920191,2,3,2.2608894992735804,8.230798294413382e-09,8.503063301982622e-09,-3.20196378528379
2P->3S,2.2229964825261948,2,3,2.2634699566238847,8.386111481973763e-09,8.662217663477587e-09,-3.1874768359604677
2P->3S,2.329951810515372,2,3,2.266053359169051,8.528889308572916e-09,8.807799093380982e-09,-3.166622919653861
2P->3S,2.442053094548651,2,3,2.2686397102705658,8.659415379775126e-09,8.939799189595012e-09,-3.1363546750157845
2P->3S,2.5595479226995357,2,3,2.2712290132937523,8.778059917637264e-09,9.058283209722405e-09,-3.093558520938844
2P->3S,2.6826957952797255,2,3,2.273821271607775,8.885269086809506e-09,9.163383560515909e-09,-3.0350631059990696
2P->3S,2.8117686979742302,2,3,2.276416488585643,8.981554244794107e-09,9.255293245302905e-09,-2.9576480534284744
2P->3S,2.9470517025518106,2,3,2.279014667604216,9.067481273956325e-09,9.334259363481787e-09,-2.858053104557734
2P->3S,3.088843596477481,2,3,2.283942481413438,9.143660131101193e-09,9.410162945575596e-09,-2.832074386126382
2P->3S,3.237457542817644,2,3,2.2903048150134,9.210734730177038e-09,9.479767643398125e-09,-2.8379694876640382
2P->3S,3.393221771895328,2,3,2.2966848720407986,9.269373255205002e-09,9.537583795184393e-09,-2.8121434709156956
2P->3S,3.5564803062231287,2,3,2.3030827018674356,9.32025898392662e-09,9.583957222100165e-09,-2.7514546659856642
2P->3S,3.72759372031494,2,3,2.3094983540026486,9.364081687811464e-09,9.619261108178788e-09,-2.652796482989306
2P->3S,3.906939937054617,2,3,2.3159318780936906,9.40152966077276e-09,9.643891214668604e-09,-2.513109578913597
2P->3S,4.094915062380425,2,3,2.3223833239261182,9.433282416941097e-09,9.65826141023174e-09,-2.3293943261082695
2P->3S,4.2919342601287775,2,3,2.3288527414241735,9.460004086877378e-09,9.662799527451354e-09,-2.0987234599853632
2P->3S,4.498432668969445,2,3,2.335340180651171,9.482337531425723e-09,9.657943550029779e-09,-1.8182547629771006
2P->3S,4.714866363457394,2,3,2.341845691809886,9.500899182830092e-09,9.644138129899045e-09,-1.4852436281981407
2P->3S,4.941713361323834,2,3,2.3483693252429436,9.516274613647746e-09,9.621831429156374e-09,-1.0970553400963423
2P->3S,5.17947467923121,2,3,2.3657633297376615,9.529014825345674e-09,9.635672909735617e-09,-1.106908519924732
2P->3S,5.428675439323859,2,3,2.3869323862261296,9.539633240282596e-09,9.656512923576208e-09,-1.2103715307857366
2P->3S,5.689866029018296,2,3,2.4082908652772774,9.548603373134252e-09,9.66996082640602e-09,-1.2549942595462604
2P->3S,5.963623316594643,2,3,2.429840461860707,9.556357150819701e-09,9.67632712748915e-09,-1.2398296904269634
2P->3S,6.250551925273971,2,3,2.4515828861127553,9.563283843756268e-09,9.675923624048895e-09,-1.1641243220716246
2P->3S,6.551285568595508,2,3,2.47351986347221,9.569729565931564e-09,9.669061785776542e-09,-1.0273201479702787
2P->3S,6.866488450043,2,3,2.4956531348172346,9.575997296939266e-09,9.656051315195197e-09,-0.8290554352166191
2P->3S,7.196856730011519,2,3,2.5179844566035214,9.582347375859603e-09,9.637198874388759e-09,-0.5691643312967787
2P->3S,7.543120063354617,2,3,2.540515601003683,9.588998414722492e-09,9.612806968143259e-09,-0.24767535122330875
2P->3S,7.906043210907698,2,3,2.563248356047885,9.596128578280044e-09,9.583172973290195e-09,0.1351911838172848
2P->3S,8.286427728546842,2,3,2.5861845257657445,9.603877176909271e-09,9.548588303956858e-09,0.5790266706702907
2P->3S,8.685113737513525,2,3,2.6093259303294922,9.612346520603246e-09,9.509337702488686e-09,1.0832386159511431
2P->3S,9.102981779915218,2,3,2.6326744061984186,9.62160398409625e-09,9.465698645986886e-09,1.6470557952471987
2P->3S,9.54095476349994,2,3,2.6562318062646115,9.631684236082952e-09,9.41794085867819e-09,2.2695340798175367
2P->3S,10.0,2,3,2.68,9.642591589088194e-09,9.366325920681916e-09,2.9495628354790693
2P->3P,1.0,2,3,7.920000000000001,1.557414580746369e-08,1.597880036087278e-08,-2.5324463931595487
2P->3P,1.0481131341546857,2,3,8.022577326455032,1.6726930207898138e-08,1.7242566966562658e-08,-2.9904872033523766
2P->3P,1.0985411419875581,2,3,8.126483201887677,1.790017018447746e-08,1.853234200253018e-08,-3.4111814792022077
2P->3P,1.1513953993264474,2,3,8.231734833242646,1.9090180818115096e-08,1.9843062989291185e-08,-3.794183244705729
2P->3P,1.2067926406393286,2,3,8.338349650323558,2.0293355689513588e-08,2.1169610973684842e-08,-4.139212974959694
2P->3P,1.264855216855296,2,3,8.446345308679295,2.1506198965489053e-08,2.250686829583601e-08,-4.446062051787491
2P->3P,1.3257113655901092,2,3,8.555739692527823,2.2725351669070454e-08,2.3849772210413703e-08,-4.714596564793538
2P->3P,1.3894954943731377,2,3,8.66655091771781,2.3947612264715146e-08,2.5193363752157008e-08,-4.944760452383823
2P->3P,1.4563484775012439,2,3,8.778797334728658,2.5169951844807448e-08,2.65328314172474e-08,-5.1365779663983595
2P->3P,1.5264179671752334,2,3,8.892497531709344,2.6389524326942244e-08,2.7863549400151562e-08,-5.290155435837263
2P->3P,1.599858719606058,2,3,9.00767033755666,2.7603672163296985e-08,2.9181110276821617e-08,-5.405682301189141
2P->3P,1.676832936811008,2,3,9.124334825033282,2.88099281244795e-08,3.048135215759115e-08,-5.483431392643756
2P->3P,1.7575106248547918,2,3,9.24251031392627,3.000601375209044e-08,3.1760380445766577e-08,-5.523758434417559
2P->3P,1.842069969326716,2,3,9.362216374246426,3.1189835078896706e-08,3.301458443067435e-08,-5.5271007745360095
2P->3P,1.93069772888325,2,3,9.483472829469116,3.2359476195568325e-08,3.424064901738428e-08,-5.49397536495545
2P->3P,2.023589647725157,2,3,9.606299759817086,3.3513191201583844e-08,3.543556195061859e-08,-5.424976050086839
2P->3P,2.120950887920191,2,3,9.730717505585726,3.4649395019031326e-08,3.659661692899647e-08,-5.320770260658458
2P->3P,2.2229964825261948,2,3,9.856746670511509,3.5766653476184907e-08,3.772141302952416e-08,-5.182095251334529
2P->3P,2.329951810515372,2,3,9.984408125183933,3.686367298810711e-08,3.8807850873020975e-08,-5.009754060525539
2P->3P,2.442053094548651,2,3,10.113723010501774,3.7939290079706925e-08,3.9854125960921766e-08,-4.804611404832704
2P->3P,2.5595479226995357,2,3,10.244712741173997,3.899246091835611e-08,4.085871960451364e-08,-4.567589743931588
2P->3P,2.6826957952797255,2,3,10.377399009266096,4.002225095366237e-08,4.1820387850970037e-08,-4.299665760431148
2P->3P,2.8117686979742302,2,3,10.511803787792314,4.1027824705843095e-08,4.273814878820821e-08,-4.0018674904258145
2P->3P,2.9470517025518106,2,3,10.647949334354385,4.20084357046117e-08,4.361126858413784e-08,-3.6752723127827513
2P->3P,3.088843596477481,2,3,10.83380254697702,4.296341655927636e-08,4.463678403326266e-08,-3.7488531269173286
2P->3P,3.237457542817644,2,3,11.052770213281347,4.3892169137809274e-08,4.574836185600303e-08,-4.057397123937001
2P->3P,3.393221771895328,2,3,11.276163549951995,4.479415484619757e-08,4.6827214327539046e-08,-4.3416195273137115
2P->3P,3.5564803062231287,2,3,11.504072006534294,4.566888502615657e-08,4.7872590029522476e-08,-4.603270894695488
2P->3P,3.72759372031494,2,3,11.73658684048524,4.651591152487109e-08,4.888390292280466e-08,-4.8441127985893395
2P->3P,3.906939937054617,2,3,11.973801153714184,4.733481752979873e-08,4.9860722089780546e-08,-5.065920536476797
2P->3P,4.094915062380425,2,3,12.215809929861987,4.812520879960404e-08,5.080276129474357e-08,-5.270486144650899
2P->3P,4.2919342601287775,2,3,12.462710072333703,4.888670545429392e-08,5.170986849261474e-08,-5.459621384889079
2P->3P,4.498432668969445,2,3,12.714600443099949,4.9618934509749544e-08,5.2582015398888496e-08,-5.635160361695812
2P->3P,4.714866363457394,2,3,12.971581902282473,5.03215233514119e-08,5.3419287217095834e-08,-5.798961437082884
2P->3P,4.941713361323834,2,3,13.233757348539873,5.099409433749972e-08,5.422187260465822e-08,-5.952908138552937
2P->3P,5.17947467923121,2,3,13.494806516829964,5.1636260703770146e-08,5.4963884147600386e-08,-6.054199944993366
2P->3P,5.428675439323859,2,3,13.758827305933925,5.224762391062782e-08,5.5662361640275327e-08,-6.134733829145911
2P->3P,5.689866029018296,2,3,14.028013561989349,5.2827772531490247e-08,5.632639461143799e-08,-6.211336805919565
2P->3P,5.963623316594643,2,3,14.30246634540484,5.3376282731592956e-08,5.695655548597705e-08,-6.285971340499296
2P->3P,6.250551925273971,2,3,14.582288693797699,5.389272033214354e-08,5.755347390629843e-08,-6.36061270621976
2P->3P,6.551285568595508,2,3,14.867585660677268,5.43766443993238e-08,5.8117828961606365e-08,-6.4372407385590025
2P->3P,6.866488450043,2,3,15.158464354885085,5.482761224437295e-08,5.8650341919830504e-08,-6.517830161472659
2P->3P,7.196856730011519,2,3,15.455033980806714,5.524518567279778e-08,5.9151769461030823e-08,-6.604339690643912
2P->3P,7.543120063354617,2,3,15.757405879370225,5.562893828007883e-08,5.96228974060341e-08,-6.698700163389004
2P->3P,7.906043210907698,2,3,16.06569356984687,5.597846355989046e-08,6.006453492984993e-08,-6.80280197745915
2P->3P,8.286427728546842,2,3,16.380012792469547,5.629338356997009e-08,6.047750924599168e-08,-6.918482140199755
2P->3P,8.685113737513525,2,3,16.70048155188505,5.6573357890819115e-08,6.086266074510803e-08,-7.047511235587378
2P->3P,9.102981779915218,2,3,17.02722016145651,5.6818092613209094e-08,6.1220838569231e-08,-7.191580610322923
2P->3P,9.54095476349994,2,3,17.360351288432504,5.702734910122855e-08,6.155289660139227e-08,-7.352290062757749
2P->3P,10.0,2,3,17.7,5.720095229709376e-08,6.18596898492798e-08,-7.531136291722429
2P->3D,1.0,2,3,17.8,3.406689184869521e-08,3.591195030600194e-08,-5.137728365029426
2P->3D,1.0481131341546857,2,3,18.363792467296058,3.7255155492227957e-08,3.946847858147423e-08,-5.607824696554598
2P->3D,1.0985411419875581,2,3,18.94544234729885,4.0600393988241336e-08,4.320484128827138e-08,-6.028137640068265
2P->3D,1.1513953993264474,2,3,19.545515250950476,4.4100830897016075e-08,4.711557140015196e-08,-6.398607537902345
2P->3D,1.2067926406393286,2,3,20.164594704203626,4.7754530985484224e-08,5.119437817211851e-08,-6.7191893122899415
2P->3D,1.264855216855296,2,3,20.80328271545688,5.155946613706896e-08,5.543424132999862e-08,-6.989858794789361
2P->3D,1.3257113655901092,2,3,21.46220036096278,5.5513574961593505e-08,5.982750856600544e-08,-7.210618840416084
2P->3D,1.3894954943731377,2,3,22.141988388777932,5.96148151428678e-08,6.43659943812359e-08,-7.381505224990614
2P->3D,1.4563484775012439,2,3,22.843307841842524,6.386120784163006e-08,6.904107850652722e-08,-7.502592336253045
2P->3D,1.5264179671752334,2,3,23.5668407007951,6.825087372737484e-08,7.384380234355626e-08,-7.573998681921179
2P->3D,1.599858719606058,2,3,24.313290547147595,7.278206043881832e-08,7.87649620890953e-08,-7.595892249029967
2P->3D,1.676832936811008,2,3,25.083383247465697,7.745316146712935e-08,8.379519742876549e-08,-7.568495756606475
2P->3D,1.7575106248547918,2,3,25.87786765921971,8.226272661927007e-08,8.892507490563709e-08,-7.4920918463513
2P->3D,1.842069969326716,2,3,26.697516358992324,8.720946435378221e-08,9.414516527815318e-08,-7.367028252464536
2P->3D,1.93069772888325,2,3,27.543126393751486,9.229223639254601e-08,9.944611437693042e-08,-7.193722981743744
2P->3D,2.023589647725157,2,3,28.41552005591893,9.751004510440144e-08,1.0481870714804062e-07,-6.972669519112462
2P->3D,2.120950887920191,2,3,29.315545682987867,1.0286201423473131e-07,1.1025392472949245e-07,-6.704442053103465
2P->3D,2.2229964825261948,2,3,30.244078482467764,1.0834736362280492e-07,1.1574299454683127e-07,-6.389700692454414
2P->3D,2.329951810515372,2,3,31.20202138295799,1.1396537860801271e-07,1.2127743353283033e-07,-6.029196621181965
2P->3D,2.442053094548651,2,3,32.19030591217835,1.1971537487758907e-07,1.2684908467558587e-07,-5.623777117699447
2P->3D,2.5595479226995357,2,3,33.20989310280992,1.2559665955100612e-07,1.3245014717983063e-07,-5.174390345915869
2P->3D,2.6826957952797255,2,3,34.26177442702743,1.3160848932785561e-07,1.3807320058921645e-07,-4.682089814513746
2P->3D,2.8117686979742302,2,3,35.34697276063163,1.3775002654412765e-07,1.437112232641746e-07,-4.148038395782683
2P->3D,2.9470517025518106,2,3,36.466543377719454,1.4402029398393943e-07,1.4935760564240737e-07,-3.573511797749729
2P->3D,3.088843596477481,2,3,37.78224166700025,1.504181292782593e-07,1.5566812799749702e-07,-3.3725585235547584
2P->3D,3.237457542817644,2,3,39.24732723525236,1.5694213968853948e-07,1.6244804638042315e-07,-3.389333891396795
2P->3D,3.393221771895328,2,3,40.76922456552795,1.6359065802229367e-07,1.6930485339631977e-07,-3.3750924792746106
2P->3D,3.5564803062231287,2,3,42.35013665291088,1.7036170036188588e-07,1.7623418286390157e-07,-3.3322040063877734
2P->3D,3.72759372031494,2,3,43.99235191823422,1.7725292621065654e-07,1.832319642622701e-07,-3.2630977218884305
2P->3D,3.906939937054617,2,3,45.698247520642774,1.8426160157640944e-07,1.902944261697534e-07,-3.1702581703377586
2P->3D,4.094915062380425,2,3,47.470292798606856,1.9138456542603775e-07,1.9741809732516484e-07,-3.056220265961407
2P->3D,4.2919342601287775,2,3,49.3110528443689,1.9861819986146456e-07,2.0459980558122834e-07,-2.923563735933765
2P->3D,4.498432668969445,2,3,51.22319221699647,2.0595840429041232e-07,2.118366750090065e-07,-2.7749069977350493
2P->3D,4.714866363457394,2,3,53.20947879941681,2.1340057379932448e-07,2.1912612139910773e-07,-2.612900535648577
2P->3D,4.941713361323834,2,3,55.27278780501583,2.209395818824311e-07,2.2646584639082442e-07,-2.44021983732432
2P->3D,5.17947467923121,2,3,57.31278304940344,2.285697676416807e-07,2.3343299985630004e-07,-2.083352489842105
2P->3D,5.428675439323859,2,3,59.39249001170305,2.3628492754682271e-07,2.402767462836074e-07,-1.6613420976131499
2P->3D,5.689866029018296,2,3,61.547663228107076,2.440783118317351e-07,2.4713106749425047e-07,-1.2352779816266368
2P->3D,5.963623316594643,2,3,63.78104113994969,2.519426255991129e-07,2.539945433822381e-07,-0.8078590019303
2P->3D,6.250551925273971,2,3,66.09546155829041,2.598700347065968e-07,2.608660068386787e-07,-0.3817945251478494
2P->3D,6.551285568595508,2,3,68.4938652697398,2.678521765079455e-07,2.6774453078783965e-07,0.040204638275564974
2P->3D,6.866488450043,2,3,70.97929977312972,2.758801755169617e-07,2.746294151876023e-07,0.4554356744724375
2P->3D,7.196856730011519,2,3,73.55492315177607,2.839446640434985e-07,2.815201740999725e-07,0.8612135706711488
2P->3D,7.543120063354617,2,3,76.22400808625393,2.9203580781462133e-07,2.8841652292230413e-07,1.2548812584125768
2P->3D,7.906043210907698,2,3,78.98994601278451,3.001433365360776e-07,2.953183658560891e-07,1.6338200524717017
2P->3D,8.286427728546842,2,3,81.85625143251701,3.082565792681783e-07,3.0222578367754174e-07,1.9954603201794097
2P->3D,8.685113737513525,2,3,84.8265663771815,3.1636450438757987e-07,3.091390218627584e-07,2.3372922904663973
2P->3D,9.102981779915218,2,3,87.9046650367864,3.244557637871852e-07,3.160584791099032e-07,2.6568768858632685
2P->3D,9.54095476349994,2,3,91.09445855524164,3.325187408384899e-07,3.2298469629164285e-07,2.951856436639999
2P->3D,10.0,2,3,94.40000000000003,3.4054160151475107e-07,3.299183458628258e-07,3.219965117169399
2P->4S,1.0,2,4,0.771,7.776003906763391e-10,8.028492625194513e-10,-3.1449081442608273
2P->4S,1.0481131341546857,2,4,0.7704394066695307,8.53970692067017e-10,8.80993550430698e-10,-3.0673162533902953
2P->4S,1.0985411419875581,2,4,0.7698792209459123,9.32566617076571e-10,9.61560913721706e-10,-3.015336442172245
2P->4S,1.1513953993264474,2,4,0.7693194425327746,1.0129227906023662e-09,1.0441271790819195e-09,-2.9885620358039766
2P->4S,1.2067926406393286,2,4,0.7687600711339624,1.0945541637013283e-09,1.1282485344363237e-09,-2.986431597877437
2P->4S,1.264855216855296,2,4,0.7682011064535358,1.17696452737528e-09,1.2134684538533604e-09,-3.0082303633162
2P->4S,1.3257113655901092,2,4,0.7676425481957706,1.259654884561918e-09,1.2993244696046113e-09,-3.0530930472482343
2P->4S,1.3894954943731377,2,4,0.767084396065157,1.3421314670006984e-09,1.3853546433765454e-09,-3.120008048660994
2P->4S,1.4563484775012439,2,4,0.7665266497664006,1.4239132125139166e-09,1.4711036130376839e-09,-3.2078230320108925
2P->4S,1.5264179671752334,2,4,0.7659693090044213,1.504538550845983e-09,1.556128116801632e-09,-3.3152518355418437
2P->4S,1.599858719606058,2,4,0.7654123734843536,1.5835713807994503e-09,1.64000192194296e-09,-3.4408826226651423
2P->4S,1.676832936811008,2,4,0.764855842911547,1.6606061564007715e-09,1.7223201094684533e-09,-3.583187162967527
2P->4S,1.7575106248547918,2,4,0.7642997169915641,1.7352720338273542e-09,1.8027026885833285e-09,-3.7405311027169597
2P->4S,1.842069969326716,2,4,0.7637439954301827,1.807236062668012e-09,1.8807975348904257e-09,-3.911185061538236
2P->4S,1.93069772888325,2,4,0.763188677933394,1.876205433858403e-09,1.9562826636819687e-09,-4.093336372610401
2P->4S,2.023589647725157,2,4,0.7626337642074027,1.941928821668002e-09,2.0288678642598025e-09,-4.285101268707736
2P->4S,2.120950887920191,2,4,0.7620792539586279,2.0041968779906674e-09,2.0982957329259036e-09,-4.484537306093783
2P->4S,2.2229964825261948,2,4,0.7615251468937015,2.06284195370006e-09,2.1643421512110597e-09,-4.689655813162674
2P->4S,2.329951810515372,2,4,0.7609714427194689,2.117737133959801e-09,2.226816262234422e-09,-4.898434151238384
2P->4S,2.442053094548651,2,4,0.7604181411429889,2.1687946822758287e-09,2.2855600020516438e-09,-5.108827581468001
2P->4S,2.5595479226995357,2,4,0.7598652418715327,2.2159639920285054e-09,2.3404472447350914e-09,-5.318780544471357
2P->4S,2.6826957952797255,2,4,0.7593127446125851,2.259229144613496e-09,2.391382620037413e-09,-5.526237178300219
2P->4S,2.8117686979742302,2,4,0.7587606490738429,2.298606170618913e-09,2.438300061124042e-09,-5.729150924957571
2P->4S,2.9470517025518106,2,4,0.7582089549632159,2.3341401051884056e-09,2.481161137317371e-09,-5.925493105535429
2P->4S,3.088843596477481,2,4,0.7570766651900963,2.3659019214082375e-09,2.5180208403926854e-09,-6.0412096891432014
2P->4S,3.237457542817644,2,4,0.755592316641194,2.3939854167568876e-09,2.549577368713981e-09,-6.10265661542072
2P->4S,3.393221771895328,2,4,0.7541108783531886,2.4185041178964243e-09,2.5770404753559434e-09,-6.1518768903938925
2P->4S,3.5564803062231287,2,4,0.7526323446201301,2.4395882588581044e-09,2.600477790091877e-09,-6.186921951296043
2P->4S,3.72759372031494,2,4,0.7511567097472559,2.4573818774207468e-09,2.6199742719747885e-09,-6.205877526861691
2P->4S,3.906939937054617,2,4,0.7496839680509686,2.472040064576117e-09,2.6356300857760226e-09,-6.206865754142388
2P->4S,4.094915062380425,2,4,0.7482141138588144,2.483726392725454e-09,2.6475585443660454e-09,-6.188046416923354
2P->4S,4.2919342601287775,2,4,0.7467471415094611,2.492610539883605e-09,2.6558841360965504e-09,-6.147617435334151
2P->4S,4.498432668969445,2,4,0.745283045352676,2.4988661198341897e-09,2.660740652091663e-09,-6.083814750235817
2P->4S,4.714866363457394,2,4,0.7438218197493046,2.5026687219607606e-09,2.6622694245916015e-09,-5.994911752980226
2P->4S,4.941713361323834,2,4,0.742363459071249,2.504194159390173e-09,2.660617684130472e-09,-5.879218411322428
2P->4S,5.17947467923121,2,4,0.7424552840431377,2.503616920085591e-09,2.6614837500580463e-09,-5.931534617448342
2P->4S,5.428675439323859,2,4,0.7430623835877465,2.5011088125347868e-09,2.6613009344979217e-09,-6.019316338359026
2P->4S,5.689866029018296,2,4,0.7436699795526313,2.496837795580451e-09,2.6583576209556112e-09,-6.0759253797123876
2P->4S,5.963623316594643,2,4,0.7442780723437108,2.4909669806002204e-09,2.6527893514365022e-09,-6.100083700526538
2P->4S,6.250551925273971,2,4,0.744886662367236,2.4836537935242526e-09,2.644732853243873e-09,-6.090560697729841
2P->4S,6.551285568595508,2,4,0.7454957500297894,2.4750492839384734e-09,2.6343251244688434e-09,-6.046172473205436
2P->4S,6.866488450043,2,4,0.7461053357382865,2.465297568633308e-09,2.6217026174884603e-09,-5.965781466281827
2P->4S,7.196856730011519,2,4,0.7467154198999753,2.454535397307609e-09,2.6070005163595997e-09,-5.8482964654296365
2P->4S,7.543120063354617,2,4,0.7473260029224368,2.442891828632627e-09,2.5903521033929163e-09,-5.692672998668469
2P->4S,7.906043210907698,2,4,0.7479370852135855,2.4304880054504504e-09,2.5718882097586303e-09,-5.497914091742362
2P->4S,8.286427728546842,2,4,0.748548667181669,2.4174370184767856e-09,2.5517367446917176e-09,-5.263071376556017
2P->4S,8.685113737513525,2,4,0.7491607492352693,2.403843848471804e-09,2.5300222977066015e-09,-4.987246529375455
2P->4S,9.102981779915218,2,4,0.749773331783302,2.389805377425656e-09,2.5068658081808166e-09,-4.669593018228168
2P->4S,9.54095476349994,2,4,0.7503864152350173,2.3754104598812038e-09,2.482384296705148e-09,-4.309318140866825
2P->4S,10.0,2,4,0.751,2.36074004609874e-09,2.4566906527080155e-09,-3.905685337448128
2P->4P,1.0,2,4,2.26,2.2863376568565943e-09,2.353358408941582e-09,-2.8478769672457216
2P->4P,1.0481131341546857,2,4,2.2769001919726493,2.5146679260391073e-09,2.6036238109543377e-09,-3.4166181973356746
2P->4P,1.0985411419875581,2,4,2.293926762922605,2.751306853037419e-09,2.8650601992562415e-09,-3.970364959464112
2P->4P,1.1513953993264474,2,4,2.311080657906937,2.995223310353814e-09,3.136619191667388e-09,-4.5079071660723224
2P->4P,1.2067926406393286,2,4,2.328362829049815,3.2453389387575943e-09,3.4171545169308045e-09,-5.028030699868092
2P->4P,1.264855216855296,2,4,2.345774235595356,3.5005468894916986e-09,3.705439904790238e-09,-5.529519316550302
2P->4P,1.3257113655901092,2,4,2.363315843960868,3.7597299334970836e-09,4.000187473557692e-09,-6.011156768278925
2P->4P,1.3894954943731377,2,4,2.3809886277904884,4.021777519277281e-09,4.300066157330781e-09,-6.47172922163236
2P->4P,1.4563484775012439,2,4,2.3987935680092294,4.2856014359182185e-09,4.603719760957248e-09,-6.910028011194225
2P->4P,1.5264179671752334,2,4,2.4167316528774205,4.550149815950331e-09,4.909784284562409e-09,-7.324852738293586
2P->4P,1.599858719606058,2,4,2.434803878045565,4.8144192906502905e-09,5.2169042177504395e-09,-7.715014696468836
2P->4P,1.676832936811008,2,4,2.453011246609601,5.0774651849732715e-09,5.523747563600148e-09,-8.079340583334126
2P->4P,1.7575106248547918,2,4,2.471354769166579,5.338409708070088e-09,5.829019411855934e-09,-8.416676444548642
2P->4P,1.842069969326716,2,4,2.489835463870755,5.596448156341064e-09,6.131473937275568e-09,-8.725891790583628
2P->4P,1.93069772888325,2,4,2.508454356490103,5.850853197869688e-09,6.429924751409074e-09,-9.005883831105276
2P->4P,2.023589647725157,2,4,2.5272124804632496,6.100977349116147e-09,6.7232535830576865e-09,-9.255581784236854
2P->4P,2.120950887920191,2,4,2.5461108769568357,6.346253786751845e-09,7.010417303611305e-09,-9.473951237072963
2P->4P,2.2229964825261948,2,4,2.5651505949233058,6.586195659813895e-09,7.290453348051552e-09,-9.659998557234816
2P->4P,2.329951810515372,2,4,2.5843326911591284,6.820394080723178e-09,7.562483610595498e-09,-9.81277538020191
2P->4P,2.442053094548651,2,4,2.603658230363457,7.0485149792500255e-09,7.82571691594124e-09,-9.931383220724854
2P->4P,2.5595479226995357,2,4,2.623128285197223,7.270295002564867e-09,8.07945018323982e-09,-10.014978276040143
2P->4P,2.6826957952797255,2,4,2.6427439363426743,7.48553663852315e-09,8.323068410768756e-09,-10.06277650153602
2P->4P,2.8117686979742302,2,4,2.6625062725633586,7.694102729749528e-09,8.556043615412348e-09,-10.074059044184525
2P->4P,2.9470517025518106,2,4,2.682416390764555,7.895910534250457e-09,8.77793286309976e-09,-10.048178114429485
2P->4P,3.088843596477481,2,4,2.7108878588182788,8.090925475363903e-09,9.016355196680053e-09,-10.263900446789254
2P->4P,3.237457542817644,2,4,2.744861901979295,8.279154710788421e-09,9.261922906575633e-09,-10.61084405150341
2P->4P,3.393221771895328,2,4,2.7792617228444496,8.460640637901682e-09,9.497635105090186e-09,-10.918449231985495
2P->4P,3.5564803062231287,2,4,2.8140926574478597,8.635454441003507e-09,9.723187565965337e-09,-11.187001357140202
2P->4P,3.72759372031494,2,4,2.849360108697174,8.803689775682003e-09,9.938339203399699e-09,-11.41689174112267
2P->4P,3.906939937054617,2,4,2.885069547211666,8.965456676179832e-09,1.0142908775221806e-08,-11.608623572740607
2P->4P,4.094915062380425,2,4,2.921226512170825,9.120875763247602e-09,1.0336771345355686e-08,-11.762817822746808
2P->4P,4.2919342601287775,2,4,2.9578366121735815,9.270072822222334e-09,1.0519854578295496e-08,-11.880218940019427
2P->4P,4.498432668969445,2,4,2.9949055261083037,9.413173813615989e-09,1.0692134930722157e-08,-11.961700122501028
2P->4P,4.714866363457394,2,4,3.0324390040336957,9.550300370993265e-09,1.085363379780775e-08,-12.008267932143946
2P->4P,4.941713361323834,2,4,3.0704428680707343,9.681565833048464e-09,1.100441366432777e-08,-12.021066016152126
2P->4P,5.17947467923121,2,4,3.111840300372073,9.807071848321838e-09,1.1155031919383335e-08,-12.08387462091649
2P->4P,5.428675439323859,2,4,3.1547795626347104,9.926905581784186e-09,1.1298940686025531e-08,-12.143041921958853
2P->4P,5.689866029018296,2,4,3.1983113296744854,1.0041137542533099e-08,1.1432833825756332e-08,-12.172802512776537
2P->4P,5.963623316594643,2,4,3.2424437772702177,1.0149820041161945e-08,1.1556863818234006e-08,-12.174961989705867
2P->4P,6.250551925273971,2,4,3.287185194015613,1.0252986274164393e-08,1.1671207334658703e-08,-12.15145117234594
2P->4P,6.551285568595508,2,4,3.33254398287596,1.035065002128914e-08,1.1776062227231754e-08,-12.104319580159794
2P->4P,6.866488450043,2,4,3.3785286627663047,1.0442805930394939e-08,1.187164467825382e-08,-12.035727033476595
2P->4P,7.196856730011519,2,4,3.4251478701514055,1.052943035344409e-08,1.1958186516743972e-08,-11.947933420333612
2P->4P,7.543120063354617,2,4,3.4724103606677605,1.061048268719658e-08,1.2035932707312251e-08,-11.84328672134949
2P->4P,7.906043210907698,2,4,3.5203250107680195,1.0685907163288028e-08,1.2105139013299777e-08,-11.724209432477029
2P->4P,8.286427728546842,2,4,3.5689008193880882,1.0755635025011849e-08,1.2166069833883982e-08,-11.593183568155274
2P->4P,8.685113737513525,2,4,3.6181469096372325,1.0819587022527196e-08,1.2218996212901798e-08,-11.452734463547776
2P->4P,9.102981779915218,2,4,3.668072530511507,1.08776761545464e-08,1.2264194015537764e-08,-11.305413623062034
2P->4P,9.54095476349994,2,4,3.7186870586308256,1.0929810582886636e-08,1.2301942267724355e-08,-11.15378088253327
2P->4P,10.0,2,4,3.7699999999999996,1.0975896646578651e-08,1.2332521652076188e-08,-11.000386164083054
2P->4D,1.0,2,4,4.31,4.256112382889987e-09,4.488041921477088e-09,-5.167722197005887
2P->4D,1.0481131341546857,2,4,4.41634270100117,4.745259562496701e-09,5.050065459258902e-09,-6.035682096028339
2P->4D,1.0985411419875581,2,4,4.525309246562951,5.264675228765244e-09,5.652004074940556e-09,-6.852947043910007
2P->4D,1.1513953993264474,2,4,4.636964376062969,5.8137644990317935e-09,6.293329228158328e-09,-7.620207234365095
2P->4D,1.2067926406393286,2,4,4.751374426224628,6.3917831856172505e-09,6.973217567138729e-09,-8.338107565458541
2P->4D,1.264855216855296,2,4,4.868607370529179,6.997857997976307e-09,7.690566192503204e-09,-9.007245724016421
2P->4D,1.3257113655901092,2,4,4.988732859600243,7.6310078288578e-09,8.444011723990698e-09,-9.628171083929594
2P->4D,1.3894954943731377,2,4,5.111822262584741,8.290165516810356e-09,9.231952499508077e-09,-10.20138462311091
2P->4D,1.4563484775012439,2,4,5.237948709554852,8.974199510454116e-09,1.0052573219574937e-08,-10.727340011022758
2P->4D,1.5264179671752334,2,4,5.367187134956166,9.681934905970568e-09,1.090387135706122e-08,-11.206445959208244
2P->4D,1.599858719606058,2,4,5.4996143221278535,1.0412173386264533e-08,1.1783684678595127e-08,-11.639069864300778
2P->4D,1.676832936811008,2,4,5.635308948921311,1.1163711656239608e-08,1.268971926637573e-08,-12.02554270983458
2P->4D,1.7575106248547918,2,4,5.774351634444366,1.1935358041525505e-08,1.3619577483571526e-08,-12.366165133078422
2P->4D,1.842069969326716,2,4,5.916824986958831,1.2725946995574085e-08,1.4570785389392351e-08,-12.66121450914598
2P->4D,1.93069772888325,2,4,6.062813652959856,1.3534351339896104e-08,1.554081917794754e-08,-12.91095285954178
2P->4D,2.023589647725157,2,4,6.212404367466243,1.4359492141783815e-08,1.6527130285188544e-08,-13.11563535834981
2P->4D,2.120950887920191,2,4,6.365686005551588,1.5200346210519148e-08,1.7527168878055002e-08,-13.275519188094131
2P->4D,2.2229964825261948,2,4,6.52274963514688,1.605595126420689e-08,1.8538405507330616e-08,-13.390872489773153
2P->4D,2.329951810515372,2,4,6.683688571145935,1.6925408882597752e-08,1.9558350769050923e-08,-13.4619831576982
2P->4D,2.442053094548651,2,4,6.848598430845777,1.7807885414537007e-08,2.058457287739982e-08,-13.489167248699097
2P->4D,2.5595479226995357,2,4,7.017577190754946,1.87026110504674e-08,2.1614713104083554e-08,-13.472776805286324
2P->4D,2.6826957952797255,2,4,7.190725244803461,1.9608877299836727e-08,2.2646499084722803e-08,-13.41320693111121
2P->4D,2.8117686979742302,2,4,7.3681454639890065,2.0526033130124217e-08,2.3677756031687397e-08,-13.310902001630986
2P->4D,2.9470517025518106,2,4,7.549943257494836,2.145348002901371e-08,2.4706415925087966e-08,-13.166360940160027
2P->4D,3.088843596477481,2,4,7.7650614186931435,2.2390666245161012e-08,2.5826428654076952e-08,-13.303281127
2P->4D,3.237457542817644,2,4,8.004458101413789,2.333708044770289e-08,2.700925456058463e-08,-13.595984682378647
2P->4D,3.393221771895328,2,4,8.251235378904706,2.4292245022176906e-08,2.819713672551937e-08,-13.848539805137028
2P->4D,3.5564803062231287,2,4,8.505620794749804,2.5255709193097616e-08,2.938842334613491e-08,-14.062388119166712
2P->4D,3.72759372031494,2,4,8.767848907696981,2.6227042133310096e-08,3.058155277140192e-08,-14.23901091825498
2P->4D,3.906939937054617,2,4,9.038161507935467,2.720582618952361e-08,3.177505643124273e-08,-14.379928015568954
2P->4D,4.094915062380425,2,4,9.316807840041013,2.8191650323958656e-08,3.2967560683801387e-08,-14.486696197057046
2P->4D,4.2919342601287775,2,4,9.604044832794497,2.9184103845319252e-08,3.4157787684622534e-08,-14.560907413633172
2P->4D,4.498432668969445,2,4,9.900137336085768,3.018277047943804e-08,3.5344555381571426e-08,-14.604186829931754
2P->4D,4.714866363457394,2,4,10.205358365121313,3.118722281164933e-08,3.652677673749837e-08,-14.618190825382783
2P->4D,4.941713361323834,2,4,10.51998935216077,3.2197017119556116e-08,3.770345827937213e-08,-14.6046050179663
2P->4D,5.17947467923121,2,4,10.834627282454733,3.3211688606355106e-08,3.8838951072120616e-08,-14.488708655689909
2P->4D,5.428675439323859,2,4,11.155358218562224,3.423074704093626e-08,3.995326086670751e-08,-14.323020703773736
2P->4D,5.689866029018296,2,4,11.485583559109728,3.525367281097223e-08,4.1056906188211864e-08,-14.134609535936837
2P->4D,5.963623316594643,2,4,11.825584361224951,3.6279913398298265e-08,4.214927919236672e-08,-13.925186637904375
2P->4D,6.250551925273971,2,4,12.175650002000221,3.730888029099195e-08,4.322985387811019e-08,-13.696492252351511
2P->4D,6.551285568595508,2,4,12.536078424783398,3.8339946352463916e-08,4.429818192176024e-08,-13.450293693361504
2P->4D,6.866488450043,2,4,12.907176392759531,3.937244367325112e-08,4.535388840209642e-08,-13.188383487244327
2P->4D,7.196856730011519,2,4,13.289259750039209,4.0405661934747595e-08,4.6396667468082925e-08,-12.912577260978164
2P->4D,7.543120063354617,2,4,13.68265369047571,4.1438847314645124e-08,4.742627799450348e-08,-12.624711305728598
2P->4D,7.906043210907698,2,4,14.087693034439797,4.247120196048902e-08,4.844253926468678e-08,-12.32663975678644
2P->4D,8.286427728546842,2,4,14.504722513787717,4.350188405001839e-08,4.9445326713816266e-08,-12.020231352090804
2P->4D,8.685113737513525,2,4,14.934097065264911,4.453000844492594e-08,5.043456776106303e-08,-11.707365757768207
2P->4D,9.102981779915218,2,4,15.376182132595199,4.555464792901763e-08,5.141023775396721e-08,-11.389929478584682
2P->4D,9.54095476349994,2,4,15.83135397751253,4.6574835003732956e-08,5.237235604411799e-08,-11.069811401078189
2P->4D,10.0,2,4,16.300000000000004,4.758956419533183e-08,5.332098220924189e-08,-10.748898044336208
2P->4F,1.0,2,4,3.21,3.018673200160249e-09,3.342601987921451e-09,-9.690917103852758
2P->4F,1.0481131341546857,2,4,3.2694562770563147,3.3629616418993907e-09,3.738606655587737e-09,-10.047727624057645
2P->4F,1.0985411419875581,2,4,3.330013815446398,3.727486265115863e-09,4.159108389952896e-09,-10.377756104642454
2P->4F,1.1513953993264474,2,4,3.3916930129580924,4.11152136646419e-09,4.603235875948787e-09,-10.68193163973481
2P->4F,1.2067926406393286,2,4,3.454514645191239,4.514194886472329e-09,5.069918732741589e-09,-10.96119830640263
2P->4F,1.264855216855296,2,4,3.5184998725555974,4.93450158177406e-09,5.5579047782737475e-09,-11.216514520662813
2P->4F,1.3257113655901092,2,4,3.583670247398362,5.371317327084458e-09,6.0657795146748445e-09,-11.448853126136305
2P->4F,1.3894954943731377,2,4,3.6500477212637166,5.8234141232642735e-09,6.591987250864577e-09,-11.659202276210422
2P->4F,1.4563484775012439,2,4,3.71765465228684,6.289475411149812e-09,7.134853292670545e-09,-11.848567123155407
2P->4F,1.5264179671752334,2,4,3.7865138127248663,6.768111325064367e-09,7.692606661091302e-09,-12.017972278538192
2P->4F,1.599858719606058,2,4,3.8566483966273375,7.257873562997837e-09,8.263402842489272e-09,-12.168464961203917
2P->4F,1.676832936811008,2,4,3.9280820276487294,7.757269600143745e-09,8.84534612706544e-09,-12.30111870458458
2P->4F,1.7575106248547918,2,4,4.000838767005681,8.264776026553463e-09,9.436511150702358e-09,-12.417037456281532
2P->4F,1.842069969326716,2,4,4.074943121581611,8.778850845831744e-09,1.0034963317220612e-08,-12.517359871493516
2P->4F,1.93069772888325,2,4,4.150420052181449,9.29794462784476e-09,1.0638777840712657e-08,-12.603263579175184
2P->4F,2.023589647725157,2,4,4.227294981939264,9.820510462258381e-09,1.1246057208753259e-08,-12.675969186652525
2P->4F,2.120950887920191,2,4,4.305593804881616,1.0345012709485156e-08,1.1854946925225922e-08,-12.73674378522779
2P->4F,2.2229964825261948,2,4,4.3853428946495265,1.0869934589664312e-08,1.2463649444958852e-08,-12.78690372617265
2P->4F,2.329951810515372,2,4,4.466569113381996,1.1393784687311627e-08,1.3070436260430966e-08,-12.827816453190488
2P->4F,2.442053094548651,2,4,4.549299820764058,1.1915102478287289e-08,1.3673658142939888e-08,-12.860901203388597
2P->4F,2.5595479226995357,2,4,4.633562883242435,1.24324630061576e-08,1.4271753576570354e-08,-12.887628423127195
2P->4F,2.6826957952797255,2,4,4.719386683411881,1.294448084668784e-08,1.4863255453068192e-08,-12.909517786591385
2P->4F,2.8117686979742302,2,4,4.806800129575376,1.3449813502325037e-08,1.5446796119515228e-08,-12.928134751951802
2P->4F,2.9470517025518106,2,4,4.895832665481408,1.3947164363725303e-08,1.6021110888871928e-08,-12.945085640641585
2P->4F,3.088843596477481,2,4,4.989878196949579,1.4435285363623376e-08,1.659622845169219e-08,-13.020687768662754
2P->4F,3.237457542817644,2,4,5.087823348792426,1.491297943090423e-08,1.7167722567321488e-08,-13.13361820460175
2P->4F,3.393221771895328,2,4,5.18769104310843,1.537910283111105e-08,1.7728016098808465e-08,-13.24972436061409
2P->4F,3.5564803062231287,2,4,5.289519017034055,1.5832567455438576e-08,1.8276223208302673e-08,-13.370682361517517
2P->4F,3.72759372031494,2,4,5.39334574843919,1.627234309516697e-08,1.8811556786239448e-08,-13.498158179709508
2P->4F,3.906939937054617,2,4,5.499210470466829,1.6697459714071497e-08,1.9333326016905696e-08,-13.63379638107437
2P->4F,4.094915062380425,2,4,5.607153186358153,1.7107009709005754e-08,1.984093330123024e-08,-13.779208622484362
2P->4F,4.2919342601287775,2,4,5.7172146845686065,1.7500150129762228e-08,2.033387064958939e-08,-13.935962162149307
2P->4F,4.498432668969445,2,4,5.829436554180684,1.7876104814316582e-08,2.081171564980107e-08,-14.105568636829558
2P->4F,4.714866363457394,2,4,5.943861200619249,1.823416638517576e-08,2.1274127107158916e-08,-14.289473343233839
2P->4F,4.941713361323834,2,4,6.060531861675335,1.8573698046945396e-08,2.1720840444629132e-08,-14.489045236101461
2P->4F,5.17947467923121,2,4,6.159842509903949,1.889413512425748e-08,2.208122306537938e-08,-14.43347559003132
2P->4F,5.428675439323859,2,4,6.254153886735658,1.9194986282426344e-08,2.239944579471226e-08,-14.305976771275198
2P->4F,5.689866029018296,2,4,6.349909234867866,1.947583437997885e-08,2.2698683651371925e-08,-14.198397232600247
2P->4F,5.963623316594643,2,4,6.447130662482922,1.9736336911737e-08,2.2979152825096633e-08,-14.11199071628958
2P->4F,6.250551925273971,2,4,6.545840616254479,1.9976226012542294e-08,2.324111922596268e-08,-14.04791732135331
2P->4F,6.551285568595508,2,4,6.646061886530026,2.0195308004122846e-08,2.3484892845816016e-08,-14.007238028676937
2P->4F,6.866488450043,2,4,6.747817612592764,2.039346248019125e-08,2.3710822386444673e-08,-13.99091036230753
2P->4F,7.196856730011519,2,4,6.851131288004054,2.0570640936905112e-08,2.391929017331194e-08,-13.999785161447221
2P->4F,7.543120063354617,2,4,6.956026766027653,2.0726864966743694e-08,2.411070736756802e-08,-14.034604415530449
2P->4F,7.906043210907698,2,4,7.062528265137005,2.086222404322985e-08,2.4285509483736733e-08,-14.096000097504046
2P->4F,8.286427728546842,2,4,7.170660374606849,2.0976872931495134e-08,2.4444152215888494e-08,-14.184493918098163
2P->4F,8.685113737513525,2,4,7.280448060190437,2.10710287653345e-08,2.4587107571210976e-08,-14.300497916206488
2P->4F,9.102981779915218,2,4,7.391916669883677,2.1144967835144573e-08,2.471486030661978e-08,-14.444315796998563
2P->4F,9.54095476349994,2,4,7.505091939777526,2.1199022133107847e-08,2.482790466135654e-08,-14.616144929446573
2P->4F,10.0,2,4,7.619999999999999,2.1233575702373703e-08,2.4926741376344976e-08,-14.816078917864573
2P->5S,1.0,2,5,0.51,2.385979111118988e-10,3.910200473133129e-10,-38.980644918004096
2P->5S,1.0481131341546857,2,5,0.5084514335771537,2.664028193010161e-10,4.3414616867965404e-10,-38.637528436283795
2P->5S,1.0985411419875581,2,5,0.5069075692287505,2.9553774280502463e-10,4.791352470963663e-10,-38.318513489452286
2P->5S,1.1513953993264474,2,5,0.5053683926773891,3.2584791544631697e-10,5.257575261627384e-10,-38.02315721002978
2P->5S,1.2067926406393286,2,5,0.5038338896890204,3.571622230736529e-10,5.737631172710637e-10,-37.750926763576146
2P->5S,1.264855216855296,2,5,0.5023040460728156,3.892964658620939e-10,6.228862901441906e-10,-37.50119852983496
2P->5S,1.3257113655901092,2,5,0.5007788476810349,4.2205680783153165e-10,6.728498821525805e-10,-37.27325826657084
2P->5S,1.3894954943731377,2,5,0.4992582804088966,4.5524330339143905e-10,7.233697047611091e-10,-37.06630228013462
2P->5S,1.4563484775012439,2,5,0.49774233019444714,4.88653396560638e-10,7.741588375914091e-10,-36.87943961462042
2P->5S,1.5264179671752334,2,5,0.4962309830184307,5.220852978481069e-10,8.249317152200545e-10,-36.71169525724465
2P->5S,1.599858719606058,2,5,0.49472422490415946,5.553411558148039e-10,8.754079279882334e-10,-36.56201434101379
2P->5S,1.676832936811008,2,5,0.49322204191738445,5.882299542504539e-10,9.253156748873328e-10,-36.42926730684884
2P->5S,1.7575106248547918,2,5,0.4917244201661669,6.205700809025787e-10,9.74394823240644e-10,-36.312255966356055
2P->5S,1.842069969326716,2,5,0.49023134580074945,6.521915290564897e-10,1.022399545795908e-09,-36.20972038394464
2P->5S,1.93069772888325,2,5,0.4887428050134283,6.829377083365015e-10,1.069100520491853e-09,-36.1203464738463
2P->5S,2.023589647725157,2,5,0.4872587840384253,7.126668553306434e-10,1.1142866912191557e-09,-36.04277418489983
2P->5S,2.120950887920191,2,5,0.48577926915176095,7.412530475902193e-10,1.1577665991462412e-09,-35.97560612503131
2P->5S,2.2229964825261948,2,5,0.4843042466711272,7.685868358867396e-10,1.1993693035205305e-09,-35.917416459576486
2P->5S,2.329951810515372,2,5,0.48283370295576095,7.945755190931008e-10,1.2389449182792311e-09,-35.866759904331694
2P->5S,2.442053094548651,2,5,0.48136762440631814,8.191430935653449e-10,1.2763647963802237e-09,-35.82218062669556
2P->5S,2.5595479226995357,2,5,0.4799059974647477,8.422299144006263e-10,1.311521397620663e-09,-35.78222086741523
2P->5S,2.6826957952797255,2,5,0.4784488086141664,8.637921094842234e-10,1.3443278780167546e-09,-35.74542910182379
2P->5S,2.8117686979742302,2,5,0.4769960443787336,8.838007889335769e-10,1.3747174397660913e-09,-35.71036757313881
2P->5S,2.9470517025518106,2,5,0.4755476913235269,9.02241092579903e-10,1.4026424806090788e-09,-35.67561905097036
2P->5S,3.088843596477481,2,5,0.4728043341882976,9.191111167230653e-10,1.4241595814101613e-09,-35.46291239265559
2P->5S,3.237457542817644,2,5,0.46929028116379795,9.344207588094708e-10,1.4406411111125342e-09,-35.13854688709633
2P->5S,3.393221771895328,2,5,0.46580234585389196,9.481905151884906e-10,1.4544755366232313e-09,-34.80876843141358
2P->5S,3.5564803062231287,2,5,0.46234033414226716,9.60450262975125e-10,1.465714441962712e-09,-34.47221126585865
2P->5S,3.72759372031494,2,5,0.4589040533553534,9.712380525486697e-10,1.474421712178462e-09,-34.12752643789659
2P->5S,3.906939937054617,2,5,0.4554933122516005,9.80598932589796e-10,1.4806719413876813e-09,-33.77338320662835
2P->5S,4.094915062380425,2,5,0.4521079210108349,9.88583825010448e-10,1.4845488880023227e-09,-33.408469535770436
2P->5S,4.2919342601287775,2,5,0.448747691223695,9.952484628332067e-10,1.4861439934510287e-09,-33.03149175187902
2P->5S,4.498432668969445,2,5,0.44541243588114604,1.0006524001587788e-09,1.4855549772112221e-09,-32.64117346654738
2P->5S,4.714866363457394,2,5,0.44210196936407187,1.0048580999100532e-09,1.4828845177705857e-09,-32.236253877625764
2P->5S,4.941713361323834,2,5,0.43881610743294513,1.007930102107477e-09,1.4782390262724775e-09,-31.815485574814637
2P->5S,5.17947467923121,2,5,0.4361480269606972,1.0099342730269304e-09,1.4737324637011694e-09,-31.470989619747158
2P->5S,5.428675439323859,2,5,0.43369243858522677,1.0109371337022158e-09,1.4681150651144244e-09,-31.140469999643816
2P->5S,5.689866029018296,2,5,0.43125067559448127,1.0110052648213055e-09,1.4608199828056211e-09,-30.79193352218599
2P->5S,5.963623316594643,2,5,0.42882266014916776,1.0102047840740497e-09,1.4519499368176905e-09,-30.424268877468
2P->5S,6.250551925273971,2,5,0.42640831484824204,1.0086008913750429e-09,1.4416074872805986e-09,-30.036372572007465
2P->5S,6.551285568595508,2,5,0.4240075627264409,1.0062574770408136e-09,1.4298943754585766e-09,-29.62714629057127
2P->5S,6.866488450043,2,5,0.4216203272518289,1.0032367878787248e-09,1.416910945618805e-09,-29.19549453825533
2P->5S,7.196856730011519,2,5,0.4192465323233586,9.995991461842703e-10,1.4027556436855413e-09,-28.7403226154225
2P->5S,7.543120063354617,2,5,0.41688610226844447,9.95402716790403e-10,1.3875245881787964e-09,-28.260534964866846
2P->5S,7.906043210907698,2,5,0.4145389618405507,9.907033175237294e-10,1.3713112086234034e-09,-27.755033919816707
2P->5S,8.286427728546842,2,5,0.41220503621679233,9.855542686654404e-10,1.3542059464311094e-09,-27.22271887353751
2P->5S,8.685113737513525,2,5,0.40988425099555015,9.80006277268387e-10,1.3362960131850687e-09,-26.662485886451403
2P->5S,9.102981779915218,2,5,0.4075765321940989,9.741073524344726e-10,1.3176652012741882e-09,-26.073227744611728
2P->5S,9.54095476349994,2,5,0.40528180624624865,9.679027479056165e-10,1.2983937419172837e-09,-25.453834483493807
2P->5S,10.0,2,5,0.403,9.614349285702457e-10,1.2785582057688583e-09,-24.803194392539307
2P->5P,1.0,2,5,1.4,6.709331691706642e-10,1.0733883651738e-09,-37.49390333087609
2P->5P,1.0481131341546857,2,5,1.3987034464026677,7.502097078112451e-10,1.194296450503766e-09,-37.183962365893386
2P->5P,1.0985411419875581,2,5,1.3974080935562143,8.337447608633203e-10,1.3208472566689462e-09,-36.87803365197979
2P->5P,1.1513953993264474,2,5,1.3961139403486134,9.212098878919276e-10,1.4524402834737094e-09,-36.575024916774666
2P->5P,1.2067926406393286,2,5,1.394820985668867,1.0122353719915706e-09,1.588414064934042e-09,-36.27383474260516
2P->5P,1.264855216855296,2,5,1.3935292284070073,1.1064173074451528e-09,1.7280574545961504e-09,-35.97334946807516
2P->5P,1.3257113655901092,2,5,1.3922386674540939,1.203325100669424e-09,1.870621388388624e-09,-35.67243974976771
2P->5P,1.3894954943731377,2,5,1.3909493017022132,1.3025091600766067e-09,2.015330792082084e-09,-35.369956872888594
2P->5P,1.4563484775012439,2,5,1.3896611300444783,1.4035085653193026e-09,2.1613963286203128e-09,-35.06472890998171
2P->5P,1.5264179671752334,2,5,1.3883741513750267,1.5058585267813764e-09,2.3080257163596934e-09,-34.75555683337558
2P->5P,1.599858719606058,2,5,1.3870883645890209,1.6090974704913098e-09,2.4544343900214232e-09,-34.4412106906119
2P->5P,1.676832936811008,2,5,1.3858037685826454,1.7127736103167897e-09,2.5998553195281733e-09,-34.12042595402474
2P->5P,1.7575106248547918,2,5,1.3845203622531077,1.8164508969484498e-09,2.7435478457523066e-09,-33.79190015728113
2P->5P,1.842069969326716,2,5,1.383238144498637,1.9197142605844355e-09,2.88480543477483e-09,-33.45428993431314
2P->5P,1.93069772888325,2,5,1.3819571142184819,2.022174090392387e-09,3.0229622921360543e-09,-33.106208580474906
2P->5P,2.023589647725157,2,5,1.3806772703129113,2.1234699179943864e-09,3.1573988147069416e-09,-32.74622426209154
2P->5P,2.120950887920191,2,5,1.379398611683212,2.2232732938784426e-09,3.2875458895233297e-09,-32.37285900818859
2P->5P,2.2229964825261948,2,5,1.3781211372316882,2.3212898645067084e-09,3.4128880758109422e-09,-31.984588625715695
2P->5P,2.329951810515372,2,5,1.3768448458616616,2.4172606738979996e-09,3.5329657283587598e-09,-31.57984368501251
2P->5P,2.442053094548651,2,5,1.3755697364774684,2.5109627267190912e-09,3.6473761374609336e-09,-31.157011723308024
2P->5P,2.5595479226995357,2,5,1.3742958079844603,2.6022088606644106e-09,3.755773773101048e-09,-30.714440808402788
2P->5P,2.6826957952797255,2,5,1.3730230592890025,2.6908469844512217e-09,3.857869729278714e-09,-30.25044459045756
2P->5P,2.8117686979742302,2,5,1.3717514892984728,2.7767587444434228e-09,3.953430468841419e-09,-29.763308945783184
2P->5P,2.9470517025518106,2,5,1.3704810969212615,2.859857688050688e-09,4.0422759703941125e-09,-29.25130028240357
2P->5P,3.088843596477481,2,5,1.3716965132229813,2.940086995876957e-09,4.131761472633663e-09,-28.841802331757304
2P->5P,3.237457542817644,2,5,1.3744325769374115,3.017416857275394e-09,4.219273558953734e-09,-28.484920090755338
2P->5P,3.393221771895328,2,5,1.377174098159809,3.0918415655793546e-09,4.300248921616431e-09,-28.100869927846993
2P->5P,3.5564803062231287,2,5,1.3799210877760288,3.163376409818666e-09,4.374635128632004e-09,-27.688222747667446
2P->5P,3.72759372031494,2,5,1.3826735566936397,3.2320544391417825e-09,4.442418623104842e-09,-27.245612956599906
2P->5P,3.906939937054617,2,5,1.385431515841967,3.297923174370029e-09,4.503621715280619e-09,-26.771754315414633
2P->5P,4.094915062380425,2,5,1.3881949761721364,3.361041338042373e-09,4.558299495392754e-09,-26.26545619831464
2P->5P,4.2919342601287775,2,5,1.3909639486571177,3.4214756699381186e-09,4.6065367194797245e-09,-25.7256399266356
2P->5P,4.498432668969445,2,5,1.3937384442917675,3.479297889419783e-09,4.648444713386375e-09,-25.151354830568106
2P->5P,4.714866363457394,2,5,1.3965184740928738,3.534581859116737e-09,4.6841583334082715e-09,-24.54179368986197
2P->5P,4.941713361323834,2,5,1.3993040490991988,3.5874009966394966e-09,4.713833015611489e-09,-23.8963072141381
2P->5P,5.17947467923121,2,5,1.4063391017824214,3.6378259724019886e-09,4.75198203626372e-09,-23.446133747124698
2P->5P,5.428675439323859,2,5,1.4148305741095197,3.685922722506727e-09,4.789417328119935e-09,-23.040268366974402
2P->5P,5.689866029018296,2,5,1.4233733179273915,3.731750796311718e-09,4.8215395441511065e-09,-22.60250564908017
2P->5P,5.963623316594643,2,5,1.4319676428131831,3.775362049048234e-09,4.848496876970865e-09,-22.133350915821982
2P->5P,6.250551925273971,2,5,1.4406138602132659,3.8167996809800714e-09,4.8704484758998635e-09,-21.63350665002405
2P->5P,6.551285568595508,2,5,1.4493122834545245,3.856097616341196e-09,4.8875625450381124e-09,-21.10387169866639
2P->5P,6.866488450043,2,5,1.4580632277557102,3.893280207871226e-09,4.900014570638538e-09,-20.54553814594312
2P->5P,7.196856730011519,2,5,1.4668670102388643,3.928362246348767e-09,4.907985680276693e-09,-19.959785902894044
2P->5P,7.543120063354617,2,5,1.4757239499408108,3.961349249210664e-09,4.911661134217187e-09,-19.348075102049613
2P->5P,7.906043210907698,2,5,1.484634367824717,3.9922379981983965e-09,4.911228947614933e-09,-18.712036421409984
2P->5P,8.286427728546842,2,5,1.4935985867917243,4.021017292998499e-09,4.906878640732281e-09,-18.053459492154456
2P->5P,8.685113737513525,2,5,1.5026169316926523,4.0476688860056885e-09,4.898800113174075e-09,-17.374279568572028
2P->5P,9.102981779915218,2,5,1.511689729339767,4.0721685625595936e-09,4.8871826372132995e-09,-16.676562656934625
2P->5P,9.54095476349994,2,5,1.520817308518628,4.094487331182335e-09,4.872213964572338e-09,-15.962489312767048
2P->5P,10.0,2,5,1.53,4.114592689345479e-09,4.854079540512043e-09,-15.234337323787607
2P->5D,1.0,2,5,2.48,1.1667618042269312e-09,1.9014308183078743e-09,-38.63769362562144
2P->5D,1.0481131341546857,2,5,2.5149542523928865,1.3190725513274426e-09,2.14741798523279e-09,-38.574019571487895
2P->5D,1.0985411419875581,2,5,2.5504011659794608,1.4827401542155656e-09,2.4106704398114593e-09,-38.49262305918797
2P->5D,1.1513953993264474,2,5,2.5863476845515407,1.6576742993475932e-09,2.690694115677693e-09,-38.39231707205476
2P->5D,1.2067926406393286,2,5,2.6228008497699165,1.8437118952155106e-09,2.986830426341557e-09,-38.27195950076765
2P->5D,1.264855216855296,2,5,2.659767802543761,2.04062303031956e-09,3.2982670797186534e-09,-38.130449081351294
2P->5D,1.3257113655901092,2,5,2.6972557844294824,2.2481178539264825e-09,3.6240513054670576e-09,-37.96672109649531
2P->5D,1.3894954943731377,2,5,2.735272139049289,2.465854130742496e-09,3.963105024607446e-09,-37.779743018878385
2P->5D,1.4563484775012439,2,5,2.7738243135297567,2.6934452243448665e-09,4.314241477927129e-09,-37.56851029027261
2P->5D,1.5264179671752334,2,5,2.812919859960662,2.9304682747244703e-09,4.676182834733878e-09,-37.332042430902014
2P->5D,1.599858719606058,2,5,2.852566436874383,3.176472351419675e-09,5.04757832393743e-09,-37.069379659633974
2P->5D,1.676832936811008,2,5,2.892771810746151,3.4309863844578e-09,5.427022462236152e-09,-36.779580178039375
2P->5D,1.7575106248547918,2,5,2.9335438575154447,3.6935266997879398e-09,5.813072996347218e-09,-36.46171823218366
2P->5D,1.842069969326716,2,5,2.9748905641288306,3.963604013283762e-09,6.204268224810848e-09,-36.11488301822086
2P->5D,1.93069772888325,2,5,3.016820030104546,4.2407297669134575e-09,6.59914341721389e-09,-35.73817844522824
2P->5D,2.023589647725157,2,5,3.0593404691191393,4.524421721447253e-09,6.996246102315093e-09,-35.330723715535115
2P->5D,2.120950887920191,2,5,3.1024602106164627,4.81420875112959e-09,7.394150049474034e-09,-34.8916546334891
2P->5D,2.2229964825261948,2,5,3.1461877014393558,5.109634816007389e-09,7.791467818333173e-09,-34.42012551236473
2P->5D,2.329951810515372,2,5,3.1905315074843186,5.4102621159377655e-09,8.186861798604913e-09,-33.91531151949208
2P->5D,2.442053094548651,2,5,3.2355003153795057,5.715673455569487e-09,8.579053704163717e-09,-33.37641128420178
2P->5D,2.5595479226995357,2,5,3.281102934186376,6.0254738707840915e-09,8.96683252285772e-09,-32.80264959310537
2P->5D,2.6826957952797255,2,5,3.327348297125324,6.3392915833936635e-09,9.349060955242823e-09,-32.193280012377315
2P->5D,2.8117686979742302,2,5,3.374245463325631,6.656778361831837e-09,9.724680401756741e-09,-31.547587305498435
2P->5D,2.9470517025518106,2,5,3.4218036196000807,6.977609371027458e-09,1.0092714578836461e-08,-30.864889554502074
2P->5D,3.088843596477481,2,5,3.482742706145886,7.30148259489895e-09,1.0490558220155128e-08,-30.399484549155098
2P->5D,3.237457542817644,2,5,3.5526838850080606,7.628117910610307e-09,1.0906133506189542e-08,-30.05662450142269
2P->5D,3.393221771895328,2,5,3.6240296374817165,7.957255885852138e-09,1.131609254146626e-08,-29.681947574272026
2P->5D,3.5564803062231287,2,5,3.696808170512492,8.288656360125686e-09,1.1719646166580376e-08,-29.275540896776096
2P->5D,3.72759372031494,2,5,3.7710482575039,8.6220968595709e-09,1.211607391105569e-08,-28.837534973244118
2P->5D,3.906939937054617,2,5,3.846779249693056,8.957370883507515e-09,1.2504723881844112e-08,-28.36810338121162
2P->5D,4.094915062380425,2,5,3.9240310877548525,9.29428609061554e-09,1.2885012000648852e-08,-27.867462675645882
2P->5D,4.2919342601287775,2,5,4.002834313639176,9.632662404393064e-09,1.3256420675441732e-08,-27.335872629343182
2P->5D,4.498432668969445,2,5,4.08322008264584,9.97233005172969e-09,1.3618496988804232e-08,-26.773636915087305
2P->5D,4.714866363457394,2,5,4.165220175742007,1.0313127545347253e-08,1.3970850481842363e-08,-26.18110430176731
2P->5D,4.941713361323834,2,5,4.248867012126971,1.0654899620418634e-08,1.4313150607689558e-08,-25.558670397177085
2P->5D,5.17947467923121,2,5,4.340825526483619,1.0997495137559237e-08,1.4667532814995642e-08,-25.02150650506314
2P->5D,5.428675439323859,2,5,4.437029411972322,1.1340764968080113e-08,1.5020021435748997e-08,-24.49568053819101
2P->5D,5.689866029018296,2,5,4.535365423603083,1.168455988224942e-08,1.536311202525534e-08,-23.944055976150956
2P->5D,5.963623316594643,2,5,4.635880814788405,1.2028728466616283e-08,1.5696621194842966e-08,-23.367402976073272
2P->5D,6.250551925273971,2,5,4.738623886198249,1.2373115101481234e-08,1.6020409161536418e-08,-22.766547491258926
2P->5D,6.551285568595508,2,5,4.843644008969952,1.2717558033663534e-08,1.63343768696366e-08,-22.142374115882212
2P->5D,6.866488450043,2,5,4.950991648432546,1.3061887582212835e-08,1.6638463102708325e-08,-21.49582866168278
2P->5D,7.196856730011519,2,5,5.060718388356869,1.3405924515158697e-08,1.693264161549577e-08,-20.82792029986407
2P->5D,7.543120063354617,2,5,5.172876955743117,1.3749478633465845e-08,1.7216918310928168e-08,-20.13972311909862
2P->5D,7.906043210907698,2,5,5.287521246157756,1.4092347593939737e-08,1.7491328483327213e-08,-19.43237697826895
2P->5D,8.286427728546842,2,5,5.404706349631959,1.4434315996003537e-08,1.7755934145201037e-08,-18.70708756877907
2P->5D,8.685113737513525,2,5,5.524488577134032,1.4775154748375898e-08,1.8010821451617094e-08,-17.965125643676195
2P->5D,9.102981779915218,2,5,5.646925487628517,1.5114620721284876e-08,1.8256098233086897e-08,-17.207825416432556
2P->5D,9.54095476349994,2,5,5.772075915735018,1.5452456678714055e-08,1.8491891645163608e-08,-16.436582177597224
2P->5D,10.0,2,5,5.9,1.5788391474191935e-08,1.8718345940536636e-08,-15.65284921890221
2P->5F,1.0,2,5,2.02,1.0391812355017487e-09,1.5487460697507687e-09,-32.90176770753786
2P->5F,1.0481131341546857,2,5,2.0514871882406127,1.1760400655759044e-09,1.751682154977953e-09,-32.862245457384006
2P->5F,1.0985411419875581,2,5,2.083465189859097,1.3230266504392367e-09,1.9693168324131573e-09,-32.81798902728978
2P->5F,1.1513953993264474,2,5,2.115941655515462,1.4799673466529034e-09,2.201309512877797e-09,-32.76877522242998
2P->5F,1.2067926406393286,2,5,2.148924355126041,1.6466004661012044e-09,2.447182617147591e-09,-32.71444253635375
2P->5F,1.264855216855296,2,5,2.182421179722423,1.8225806851933849e-09,2.706329448862024e-09,-32.654884793876214
2P->5F,1.3257113655901092,2,5,2.2164401433393635,2.0074847219384007e-09,2.9780241241220016e-09,-32.590045000718085
2P->5F,1.3894954943731377,2,5,2.2509893849321245,2.2008180652165987e-09,3.2614331913837312e-09,-32.51990962038208
2P->5F,1.4563484775012439,2,5,2.286077170323699,2.4020225279172674e-09,3.555628560124012e-09,-32.44450348791521
2P->5F,1.5264179671752334,2,5,2.3217118941823864,2.6104843909085625e-09,3.859601356337604e-09,-32.36388554424011
2P->5F,1.599858719606058,2,5,2.357902082030204,2.825542907592116e-09,4.172276335223075e-09,-32.27814553560614
2P->5F,1.676832936811008,2,5,2.394656392282589,3.0464989484851803e-09,4.492526504156888e-09,-32.187401773450055
2P->5F,1.7575106248547918,2,5,2.43198361831991,3.272623581146265e-09,4.819187639890207e-09,-32.091799994307266
2P->5F,1.842069969326716,2,5,2.4698926905912595,3.503166401936657e-09,5.151072420512847e-09,-31.991513301459705
2P->5F,1.93069772888325,2,5,2.508392678751042,3.73736346155205e-09,5.486983932944059e-09,-31.886743113775516
2P->5F,2.023589647725157,2,5,2.5474927938288685,3.974444654787629e-09,5.825728358580719e-09,-31.777720996316848
2P->5F,2.120950887920191,2,5,2.587202390433272,4.213640475339789e-09,6.1661266815796906e-09,-31.664711204728235
2P->5F,2.2229964825261948,2,5,2.627530968989775,4.454188067285112e-09,6.507025304685949e-09,-31.548013743277025
2P->5F,2.329951810515372,2,5,2.6684881780138445,4.6953365349329264e-09,6.847305495452076e-09,-31.42796771589159
2P->5F,2.442053094548651,2,5,2.710083816419276,4.936351500851899e-09,7.185891620325448e-09,-31.304954740907544
2P->5F,2.5595479226995357,2,5,2.7523278358625594,5.176518927026824e-09,7.521758154868397e-09,-31.179402202976124
2P->5F,2.6826957952797255,2,5,2.7952303431237886,5.415148235536588e-09,7.853935485018544e-09,-31.051786128546198
2P->5F,2.8117686979742302,2,5,2.8388016025246854,5.651574782338702e-09,8.181514536686594e-09,-30.92263349289952
2P->5F,2.9470517025518106,2,5,2.8830520383843137,5.885161750441275e-09,8.503650289184718e-09,-30.79252379503119
2P->5F,3.088843596477481,2,5,2.9298836845762604,6.115301536929971e-09,8.825261572464377e-09,-30.706852293077958
2P->5F,3.237457542817644,2,5,2.978649484297645,6.341416712205745e-09,9.143945815437796e-09,-30.64901257945469
2P->5F,3.393221771895328,2,5,3.02822695556592,6.562960629770644e-09,9.45568880324022e-09,-30.59246379257229
2P->5F,3.5564803062231287,2,5,3.0786296080682782,6.779417761502701e-09,9.759892323413789e-09,-30.53798610831995
2P->5F,3.72759372031494,2,5,3.1298711763509095,6.990303827206513e-09,1.0056023661137468e-08,-30.486402351843534
2P->5F,3.906939937054617,2,5,3.181965623561615,7.195165778983685e-09,1.0343614473675043e-08,-30.438573505463673
2P->5F,4.094915062380425,2,5,3.234927145254712,7.39358169131561e-09,1.0622259140072266e-08,-30.395393354475164
2P->5F,4.2919342601287775,2,5,3.2887701732592793,7.585160597348982e-09,1.0891612668807643e-08,-30.357782378067565
2P->5F,4.498432668969445,2,5,3.343509379611773,7.769542301329065e-09,1.1151388241795884e-08,-30.32668101171041
2P->5F,4.714866363457394,2,5,3.3991596805541135,7.946397186974554e-09,1.1401354468006888e-08,-30.303042421207238
2P->5F,4.941713361323834,2,5,3.4557362405982985,8.115426032278308e-09,1.1641332414255439e-08,-30.28782493711345
2P->5F,5.17947467923121,2,5,3.5025944002427543,8.276359833098381e-09,1.1835172362893275e-08,-30.069798906797608
2P->5F,5.428675439323859,2,5,3.5465026793889907,8.428959631214993e-09,1.2005452594618991e-08,-29.790571702453196
2P->5F,5.689866029018296,2,5,3.590961389660638,8.573016337405763e-09,1.216403463778558e-08,-29.52160534979823
2P->5F,5.963623316594643,2,5,3.6359774312238997,8.708350536566537e-09,1.2311049979727467e-08,-29.26394945267442
2P->5F,6.250551925273971,2,5,3.6815577907449812,8.834812259921042e-09,1.244666459631085e-08,-29.01863634583959
2P->5F,6.551285568595508,2,5,3.72770954247445,8.95228070878588e-09,1.2571075086145131e-08,-28.786673793298768
2P->5F,6.866488450043,2,5,3.7744398493451836,9.06066391499946e-09,1.2684504969141725e-08,-28.569038074076825
2P->5F,7.196856730011519,2,5,3.8217559640840872,9.159898324756807e-09,1.2787201167052179e-08,-28.366667536611303
2P->5F,7.543120063354617,2,5,3.869665230337743,9.249948294974095e-09,1.2879430678782312e-08,-28.180456685771503
2P->5F,7.906043210907698,2,5,3.9181750838121787,9.330805494192269e-09,1.2961477459016946e-08,-28.011250849330583
2P->5F,8.286427728546842,2,5,3.9672930534269093,9.402488203187984e-09,1.3033639504976742e-08,-27.859841454125267
2P->5F,8.685113737513525,2,5,4.017026762483465,9.465040513684595e-09,1.3096226152935686e-08,-27.72696192663956
2P->5F,9.102981779915218,2,5,4.067383929848547,9.518531426668527e-09,1.3149555583418552e-08,-27.613284218735934
2P->5F,9.54095476349994,2,5,4.118372371152036,9.563053854671664e-09,1.3193952531735056e-08,-27.51941594704157
2P->5F,10.0,2,5,4.17,9.598723534867218e-09,1.322974619865047e-08,-27.445898124286337
2P->5G,1.0,2,5,0.909,3.046899669153009e-10,6.96935731387846e-10,-56.28148289820709
2P->5G,1.0481131341546857,2,5,0.909255833920258,3.4240995247486106e-10,7.763768780606721e-10,-55.89642580158054
2P->5G,1.0985411419875581,2,5,0.9095117398438106,3.8246134825657056e-10,8.5968164348017e-10,-55.511281279859894
2P->5G,1.1513953993264474,2,5,0.9097677177909227,4.247212515528607e-10,9.46472378603658e-10,-55.12586936985344
2P->5G,1.2067926406393286,2,5,0.9100237677818651,4.690420987473273e-10,1.0363297993224688e-09,-54.74007414879149
2P->5G,1.264855216855296,2,5,0.9102798898369142,5.152538053034955e-10,1.1288001122156673e-09,-54.35384885884458
2P->5G,1.3257113655901092,2,5,0.910536083976352,5.631661817763379e-10,1.223402505190042e-09,-53.96722015957813
2P->5G,1.3894954943731377,2,5,0.9107923502204665,6.125715519621555e-10,1.3196367878727228e-09,-53.58029136565439
2P->5G,1.4563484775012439,2,5,0.9110486885895511,6.632475038657431e-10,1.4169909830094916e-09,-53.19324457117591
2P->5G,1.5264179671752334,2,5,0.9113050991039051,7.149597103786775e-10,1.514948691675394e-09,-52.80634160698882
2P->5G,1.599858719606058,2,5,0.9115615817838334,7.674647637232505e-10,1.6129960801851832e-09,-52.41992382057492
2P->5G,1.676832936811008,2,5,0.9118181366496468,8.20512975229139e-10,1.710628363664661e-09,-52.034410707924735
2P->5G,1.7575106248547918,2,5,0.9120747637216616,8.738510994140622e-10,1.807355688941578e-09,-51.65029746160226
2P->5G,1.842069969326716,2,5,0.9123314630201999,9.272249483122167e-10,1.9027083465737507e-09,-51.26815152822075
2P->5G,1.93069772888325,2,5,0.9125882345655895,9.803818683396625e-10,1.996241267514939e-09,-50.88860829131588
2P->5G,2.023589647725157,2,5,0.9128450783781641,1.0330730576177378e-09,2.0875377834162986e-09,-50.5123660120253
2P->5G,2.120950887920191,2,5,0.9131019944782627,1.0850557065937433e-09,2.17621265038069e-09,-50.1401801701717
2P->5G,2.2229964825261948,2,5,0.9133589828862306,1.1360949490640971e-09,2.2619143538346065e-09,-49.772857352530444
2P->5G,2.329951810515372,2,5,0.9136160436224183,1.1859656144181467e-09,2.3443267269353864e-09,-49.41124883354052
2P->5G,2.442053094548651,2,5,0.9138731767071824,1.2344537751966795e-09,2.423169926610256e-09,-49.05624398683659
2P->5G,2.5595479226995357,2,5,0.9141303821608849,1.28135808701162e-09,2.4982008200621037e-09,-48.70876365416588
2P->5G,2.6826957952797255,2,5,0.9143876600038939,1.3264909205995608e-09,2.569212840592585e-09,-48.369753582050144
2P->5G,2.8117686979742302,2,5,0.914645010256583,1.3696792883515437e-09,2.6360353751621573e-09,-48.04017801668208
2P->5G,2.9470517025518106,2,5,0.9149024329393315,1.4107655701115472e-09,2.6985327475394204e-09,-47.72101352492708
2P->5G,3.088843596477481,2,5,0.913435557827349,1.4496080453681566e-09,2.751408791363725e-09,-47.31397057688167
2P->5G,3.237457542817644,2,5,0.9109221835378082,1.4860812411482487e-09,2.7963757173375668e-09,-46.85688221598674
2P->5G,3.393221771895328,2,5,0.9084157249526815,1.5200761069034287e-09,2.836543140643553e-09,-46.4109646307528
2P->5G,3.5564803062231287,2,5,0.9059161630429816,1.5515000293903797e-09,2.8719415229971306e-09,-45.977311272993845
2P->5G,3.72759372031494,2,5,0.9034234788320807,1.580276701912838e-09,2.9026267751232104e-09,-45.5570135486758
2P->5G,3.906939937054617,2,5,0.9009376533955661,1.606345863252294e-09,2.92867769611866e-09,-45.15115591650238
2P->5G,4.094915062380425,2,5,0.8984586678610971,1.6296629221223655e-09,2.9501934257357875e-09,-44.760811006284364
2P->5G,4.2919342601287775,2,5,0.895986503408261,1.650198483020774e-09,2.967290943876096e-09,-44.38703469821661
2P->5G,4.498432668969445,2,5,0.8935211412684312,1.667937788936105e-09,2.980102645829508e-09,-44.030861109086516
2P->5G,4.714866363457394,2,5,0.8910625627246236,1.682880095538159e-09,2.9887740163880546e-09,-43.69329744200847
2P->5G,4.941713361323834,2,5,0.8886107491113553,1.695037990311663e-09,2.993461420972002e-09,-43.37531867167775
2P->5G,5.17947467923121,2,5,0.8840775679810385,1.7044366686745765e-09,2.987274346837851e-09,-42.94341694867126
2P->5G,5.428675439323859,2,5,0.8788778443317002,1.7111131775570418e-09,2.9751355773409405e-09,-42.486211701102796
2P->5G,5.689866029018296,2,5,0.8737087029830658,1.715115635309899e-09,2.9596037866130057e-09,-42.049147150447084
2P->5G,5.963623316594643,2,5,0.8685699640645921,1.716502435260702e-09,2.9408896069219905e-09,-41.63322447668354
2P->5G,6.250551925273971,2,5,0.8634614487636492,1.7153414388239165e-09,2.9192031350487193e-09,-41.23939446936471
2P->5G,6.551285568595508,2,5,0.8583829793192976,1.711709162864203e-09,2.894752598811369e-09,-40.86855078506336
2P->5G,6.866488450043,2,5,0.8533343790161038,1.705689965048493e-09,2.8677431891905978e-09,-40.52152328431079
2P->5G,7.196856730011519,2,5,0.8483154721779895,1.697375230221404e-09,2.8383760495975343e-09,-40.199071561991154
2P->5G,7.543120063354617,2,5,0.8433260841621203,1.6868625603951437e-09,2.8068474129032016e-09,-39.901878789685476
2P->5G,7.906043210907698,2,5,0.8383660413528272,1.674254970736309e-09,2.773347876233096e-09,-39.63054598796425
2P->5G,8.286427728546842,2,5,0.8334351711555665,1.6596600939202652e-09,2.7380618031801696e-09,-39.38558684129686
2P->5G,8.685113737513525,2,5,0.8285333019909132,1.6431893953617055e-09,2.7011668429620578e-09,-39.167423158511404
2P->5G,9.102981779915218,2,5,0.8236602632885911,1.6249574020653938e-09,2.6628335561058733e-09,-38.976381068228285
2P->5G,9.54095476349994,2,5,0.8188158854815367,1.6050809481212386e-09,2.6232251364516492e-09,-38.81268802218101
2P->5G,10.0,2,5,0.814,1.5836784401436237e-09,2.5824972195926815e-09,-38.67647066069617
3S->4S,1.0,3,4,4.31,8.310642581611968e-08,8.909678422565065e-08,-6.723428305065992
3S->4S,1.0481131341546857,3,4,4.4827200961883875,8.685961533980171e-08,9.330563768507274e-08,-6.908502535535721
3S->4S,1.0985411419875581,3,4,4.662361823844835,9.064626983297763e-08,9.757722507013622e-08,-7.103046056266493
3S->4S,1.1513953993264474,3,4,4.849202562285567,9.445724556427179e-08,1.019087672969135e-07,-7.311953554429252
3S->4S,1.2067926406393286,3,4,5.0435308065999385,9.828308966523966e-08,1.0629764668482026e-07,-7.539731376503855
3S->4S,1.264855216855296,3,4,5.245646613106909,1.0211411458684244e-07,1.1074141296862189e-07,-7.7904897097745724
3S->4S,1.3257113655901092,3,4,5.455862062662854,1.0594047365806248e-07,1.152377875877501e-07,-8.067938585342926
3S->4S,1.3894954943731377,3,4,5.674501742536105,1.0975223659929917e-07,1.197846664124945e-07,-8.375387362725807
3S->4S,1.4563484775012439,3,4,5.901903247592258,1.1353946401278303e-07,1.2438012106469068e-07,-8.715747306813903
3S->4S,1.5264179671752334,3,4,6.138417701564114,1.1729228004799565e-07,1.2902239898648508e-07,-9.091536842155712
3S->4S,1.599858719606058,3,4,6.384410299211135,1.2100094260925326e-07,1.3370992240504666e-07,-9.504889066717247
3S->4S,1.676832936811008,3,4,6.640260870205539,1.2465591062468756e-07,1.3844128633409345e-07,-9.957561125326686
3S->4S,1.7575106248547918,3,4,6.9063644656157255,1.2824790802321213e-07,1.4321525574515736e-07,-10.450945078489893
3S->4S,1.842069969326716,3,4,7.183131967892575,1.317679841642482e-07,1.4803076203290916e-07,-10.986079950764239
3S->4S,1.93069772888325,3,4,7.470990725300534,1.3520757053273884e-07,1.5288689888986932e-07,-11.563664699527742
3S->4S,2.023589647725157,3,4,7.770385211773032,1.3855853355091234e-07,1.577829176966465e-07,-12.184071904852821
3S->4S,2.120950887920191,3,4,8.081777713211146,1.418132233722791e-07,1.6271822252466036e-07,-12.847362039745159
3S->4S,2.2229964825261948,3,4,8.40564904128516,1.449645185180302e-07,1.6769236483925791e-07,-13.553298233353416
3S->4S,2.329951810515372,3,4,8.742499275841222,1.4800586619778947e-07,1.7270503798234446e-07,-14.301361484938246
3S->4S,2.442053094548651,3,4,9.09284853705937,1.509313181322092e-07,1.777560715052063e-07,-15.09076632142573
3S->4S,2.5595479226995357,3,4,9.457237788555272,1.5373556167042172e-07,1.828454254141785e-07,-15.920476915305692
3S->4S,2.6826957952797255,3,4,9.83622967266565,1.564139459762317e-07,1.879731843842417e-07,-16.789223692406463
3S->4S,2.8117686979742302,3,4,10.230409379207156,1.589625030473789e-07,1.931395519885673e-07,-17.695520461397496
3S->4S,2.9470517025518106,3,4,10.640385549050144,1.6137796333511572e-07,1.9834484498546715e-07,-18.63768209002862
3S->4S,3.088843596477481,3,4,11.021168034595455,1.6365776574832795e-07,2.0275018391780413e-07,-19.28107655148882
3S->4S,3.237457542817644,3,4,11.386839780578416,1.6580006185789802e-07,2.0663388380823007e-07,-19.761435635710423
3S->4S,3.393221771895328,3,4,11.764644163083252,1.6780371416229615e-07,2.1049697746595293e-07,-20.282126526288124
3S->4S,3.5564803062231287,3,4,12.154983731310402,1.69668288333062e-07,2.1434000120355356e-07,-20.841519370930627
3S->4S,3.72759372031494,3,4,12.558274390655288,1.7139403942684557e-07,2.1816356154538148e-07,-21.43782480779087
3S->4S,3.906939937054617,3,4,12.97494584585396,1.729818921266274e-07,2.21968328059406e-07,-22.069110652429767
3S->4S,4.094915062380425,3,4,13.405442058831985,1.7443341515609227e-07,2.257550266222968e-07,-22.73331948974452
3S->4S,4.2919342601287775,3,4,13.850221721744226,1.7575079009538073e-07,2.2952443310970238e-07,-23.428287039323724
3S->4S,4.498432668969445,3,4,14.30975874570969,1.7693677491123205e-07,2.3327736750135656e-07,-24.151761138935555
3S->4S,4.714866363457394,3,4,14.784542765762124,1.779946625977579e-07,2.370146883887389e-07,-24.90142117022701
3S->4S,4.941713361323834,3,4,15.275079662554333,1.7892823540385533e-07,2.407372878715201e-07,-25.674897733604052
3S->4S,5.17947467923121,3,4,15.68923393242512,1.797417151979089e-07,2.4301090233502926e-07,-26.03553442630887
3S->4S,5.428675439323859,3,4,16.083097100397698,1.8043971058834482e-07,2.44757134401158e-07,-26.278058848081066
3S->4S,5.689866029018296,3,4,16.486847825388903,1.8102716147814692e-07,2.46449590464547e-07,-26.545967823716644
3S->4S,5.963623316594643,3,4,16.900734325033042,1.8150928178081125e-07,2.480900492384195e-07,-26.83733896703886
3S->4S,6.250551925273971,3,4,17.32501104823004,1.8189150106234934e-07,2.496802620870267e-07,-27.15022823912665
3S->4S,6.551285568595508,3,4,17.759938831575354,1.821794058965417e-07,2.51221950257217e-07,-27.48268783439709
3S->4S,6.866488450043,3,4,18.205785059716984,1.8237868172629566e-07,2.52716802511334e-07,-27.832783608396504
3S->4S,7.196856730011519,3,4,18.662823829738027,1.8249505601043755e-07,2.541664731279317e-07,-28.198611813533404
3S->4S,7.543120063354617,3,4,19.13133611966591,1.825342434008743e-07,2.555725802386382e-07,-28.578314923128733
3S->4S,7.906043210907698,3,4,19.611609961211922,1.8250189363909585e-07,2.5693670447134226e-07,-28.970096345478968
3S->4S,8.286427728546842,3,4,20.10394061684716,1.8240354278415195e-07,2.5826038787169655e-07,-29.37223385772586
3S->4S,8.685113737513525,3,4,20.60863076132384,1.822445682889082e-07,2.595451330767245e-07,-29.783091623207348
3S->4S,9.102981779915218,3,4,21.125990667753477,1.8203014833173845e-07,2.607924027160585e-07,-30.201130694007826
3S->4S,9.54095476349994,3,4,21.656338398356432,1.8176522569260726e-07,2.6200361901802803e-07,-30.624917940503604
3S->4S,10.0,3,4,22.200000000000003,1.8145447634265446e-07,2.6318016359944e-07,-31.053133389327915
3S->4P,1.0,3,4,5.949999999999999,1.292679032763366e-07,1.2299904086835763e-07,5.096675846999776
3S->4P,1.0481131341546857,3,4,6.193551679773131,1.3477484749914068e-07,1.2891576467334252e-07,4.544892426961433
3S->4P,1.0985411419875581,3,4,6.4470726739530395,1.4062066683411848e-07,1.3492892339081938e-07,4.218327175718328
3S->4P,1.1513953993264474,3,4,6.7109710570388765,1.468389187125548e-07,1.410348978009596e-07,4.1153083400580215
3S->4P,1.2067926406393286,3,4,6.985671607265884,1.534633888220403e-07,1.4723027990502578e-07,4.233578120638848
3S->4P,1.264855216855296,3,4,7.271616490340351,1.6052775394182588e-07,1.5351188215655922e-07,4.570246737064632
3S->4P,1.3257113655901092,3,4,7.569265971161933,1.680652326997581e-07,1.598767443461016e-07,5.121750750647025
3S->4P,1.3894954943731377,3,4,7.879099154678924,1.7610822765835517e-07,1.6632213834731717e-07,5.883816434948974
3S->4P,1.4563484775012439,3,4,8.201614757069027,1.846879624169501e-07,1.7284557093110037e-07,6.85142895016404
3S->4P,1.5264179671752334,3,4,8.53733190848689,1.9383411766258804e-07,1.7944478485003935e-07,8.018808027535474
3S->4P,1.599858719606058,3,4,8.886790988670542,2.0357447030495955e-07,1.8611775838902897e-07,9.379390804526055
3S->4P,1.676832936811008,3,4,9.250554496751795,2.1393453998072308e-07,1.928627035694021e-07,10.92582237069919
3S->4P,1.7575106248547918,3,4,9.629207956670584,2.249372473014329e-07,1.9967806318413502e-07,12.649954488994064
3S->4P,1.842069969326716,3,4,10.02336085965074,2.3660258823924952e-07,2.0656250683088167e-07,14.542852848393473
3S->4P,1.93069772888325,3,4,10.433647645254137,2.48947328989509e-07,2.1351492609814794e-07,16.594813083500103
3S->4P,2.023589647725157,3,4,10.860728722592398,2.619847255148901e-07,2.2053442904813037e-07,18.795385666386565
3S->4P,2.120950887920191,3,4,11.305291533339908,2.757242717605452e-07,2.2762033412785363e-07,21.133409638908507
3S->4P,2.2229964825261948,3,4,11.76805165825922,2.9017148023405435e-07,2.3477216362846373e-07,23.597055012561974
3S->4P,2.329951810515372,3,4,12.249753969019897,3.05327698272102e-07,2.4198963680101525e-07,26.173873521356093
3S->4P,2.442053094548651,3,4,12.751173827164836,3.211899628737334e-07,2.4927266272598075e-07,28.850857274634055
3S->4P,2.5595479226995357,3,4,13.273118332153945,3.377508964766881e-07,2.566213330230927e-07,31.61450472486431
3S->4P,2.6826957952797255,3,4,13.816427620494053,3.5499864549923613e-07,2.640359144780757e-07,34.45089324343169
3S->4P,2.8117686979742302,3,4,14.381976218046193,3.7291686287709704e-07,2.715168416534023e-07,37.34575748827187
3S->4P,2.9470517025518106,3,4,14.970674447686937,3.914847352059374e-07,2.790647095414161e-07,40.28457265315271
3S->4P,3.088843596477481,3,4,15.66299467168516,4.1067705446727857e-07,2.8814323857682836e-07,42.525313623758244
3S->4P,3.237457542817644,3,4,16.438306041030206,4.304643336817283e-07,2.9830146782954203e-07,44.30513427031071
3S->4P,3.393221771895328,3,4,17.25199498324912,4.508129652099809e-07,3.086785073047198e-07,46.04611417436637
3S->4P,3.5564803062231287,3,4,18.10596117137384,4.7168541982008196e-07,3.192790566446426e-07,47.73453190982946
3S->4P,3.72759372031494,3,4,19.002198311418507,4.930404840694355e-07,3.301080333055519e-07,49.357311645024836
3S->4P,3.906939937054617,3,4,19.942798796970926,5.148335330217946e-07,3.4117057276221905e-07,50.90209242067634
3S->4P,4.094915062380425,3,4,20.929958594184132,5.370168348424077e-07,3.524720288146396e-07,52.35729105892195
3S->4P,4.2919342601287775,3,4,21.965982368573005,5.595398833974226e-07,3.640179740176396e-07,53.71215800742532
3S->4P,4.498432668969445,3,4,23.053288865584996,5.823497546347204e-07,3.758142002515844e-07,54.956825539022525
3S->4P,4.714866363457394,3,4,24.194416557506802,6.05391482249666e-07,3.878667194500294e-07,56.08234785084758
3S->4P,4.941713361323834,3,4,25.392029569890386,6.286084479465017e-07,4.001817644980227e-07,57.080732735288755
3S->4P,5.17947467923121,3,4,26.552283870530143,6.519427814979948e-07,4.112689306708551e-07,58.51982313241035
3S->4P,5.428675439323859,3,4,27.732034722346487,6.753357657839085e-07,4.220339719012887e-07,60.019290092093726
3S->4P,5.689866029018296,3,4,28.964203365383646,6.987282420516811e-07,4.329642714684469e-07,61.38242531695881
3S->4P,5.963623316594643,3,4,30.25111878701404,7.220610107863948e-07,4.440636368250181e-07,62.60304850651859
3S->4P,6.250551925273971,3,4,31.595213454402973,7.452752237951964e-07,4.553359968446782e-07,63.67588527146928
3S->4P,6.551285568595508,3,4,32.99902791224407,7.683127633950764e-07,4.667853998442484e-07,64.59657128338596
3S->4P,6.866488450043,3,4,34.46521558477755,7.911166049320208e-07,4.78416011826967e-07,65.36164872720671
3S->4P,7.196856730011519,3,4,35.99654779116841,8.136311592428864e-07,4.902321149430655e-07,65.96855539286317
3S->4P,7.543120063354617,3,4,37.595918983723784,8.35802592087587e-07,5.022381061632239e-07,66.41560682692544
3S->4P,7.906043210907698,3,4,39.266352218851,8.575791180176433e-07,5.14438496160011e-07,66.70197203727572
3S->4P,8.286427728546842,3,4,41.01100487109703,8.789112665981769e-07,5.268379083920409e-07,66.82764330317406
3S->4P,8.685113737513525,3,4,42.83317460106967,8.997521193556583e-07,5.394410783853099e-07,66.79340068962765
3S->4P,9.102981779915218,3,4,44.736305588521,9.200575162763217e-07,5.522528532060019e-07,66.60077189915776
3S->4P,9.54095476349994,3,4,46.723995042374376,9.397862311243005e-07,5.652781911189363e-07,66.2519881165142
3S->4P,10.0,3,4,48.800000000000004,9.589001152795113e-07,5.785221614257959e-07,65.74993651345274
3S->4D,1.0,3,4,10.1,2.008356347510787e-07,2.0878828786057347e-07,-3.808955564981431
3S->4D,1.0481131341546857,3,4,10.45991052077196,2.0950795178546962e-07,2.177179481046085e-07,-3.7709322500109943
3S->4D,1.0985411419875581,3,4,10.832646346787715,2.1834927797432293e-07,2.2671332912854421e-07,-3.6892630823126216
3S->4D,1.1513953993264474,3,4,11.218664504016516,2.2735605834631415e-07,2.3576665557627316e-07,-3.5673395838785593
3S->4D,1.2067926406393286,3,4,11.618438304413198,2.365237979515902e-07,2.448706466302863e-07,-3.4086767007637353
3S->4D,1.264855216855296,3,4,12.03245792626451,2.458469756932876e-07,2.540185205977521e-07,-3.216909099870091
3S->4D,1.3257113655901092,3,4,12.461231015215857,2.553189693061428e-07,2.632039953210354e-07,-2.9957850773788874
3S->4D,1.3894954943731377,3,4,12.905283306715464,2.64931992892509e-07,2.724212848972987e-07,-2.7491581678770527
3S->4D,1.4563484775012439,3,4,13.365159270639191,2.746770482038949e-07,2.8166509317297815e-07,-2.4809765705655518
3S->4D,1.5264179671752334,3,4,13.841422778886313,2.845438906182085e-07,2.909306044557776e-07,-2.1952705352248136
3S->4D,1.599858719606058,3,4,14.33465779676491,2.94521010514415e-07,3.0021347186053524e-07,-1.8961378751066404
3S->4D,1.676832936811008,3,4,14.845469099014563,3.0459563049282875e-07,3.0950980367688404e-07,-1.5877277959135294
3S->4D,1.7575106248547918,3,4,15.37448301134431,3.14753718636483e-07,3.1881614811693104e-07,-1.2742232488669458
3S->4D,1.842069969326716,3,4,15.92234817839506,3.2498001776239535e-07,3.281294767709289e-07,-0.9598220310856886
3S->4D,1.93069772888325,3,4,16.489736359068193,3.352580903760627e-07,3.3744716706873523e-07,-0.6487168677953847
3S->4D,2.023589647725157,3,4,17.077343250195383,3.455703788222637e-07,3.4676698401521477e-07,-0.34507471821439983
3S->4D,2.120950887920191,3,4,17.685889339559672,3.5589827992326597e-07,3.560870614390534e-07,-0.05301555047366735
3S->4D,2.2229964825261948,3,4,18.31612078931375,3.6622223321368694e-07,3.6540588296699963e-07,0.22340916902015007
3S->4D,2.329951810515372,3,4,18.968810350878506,3.7652182172025755e-07,3.747222629095541e-07,0.4802380292888486
3S->4D,2.442053094548651,3,4,19.644758312443784,3.867758840943175e-07,3.840353272197536e-07,0.7136210343991811
3S->4D,2.5595479226995357,3,4,20.344793480232983,3.9696263678402927e-07,3.933444946640261e-07,0.919840539040373
3S->4D,2.6826957952797255,3,4,21.069774194734826,4.070598048306178e-07,4.026494583231813e-07,1.0953315387044693
3S->4D,2.8117686979742302,3,4,21.820589383148157,4.1704475978694113e-07,4.1195016752245887e-07,1.2367011027382357
3S->4D,2.9470517025518106,3,4,22.598159649330338,4.2689466318607806e-07,4.212468102721511e-07,1.3407467489850111
3S->4D,3.088843596477481,3,4,23.35854675001823,4.3658661393160746e-07,4.29713949987213e-07,1.5993578855419965
3S->4D,3.237457542817644,3,4,24.11625074761342,4.4609779793970206e-07,4.3763104170236777e-07,1.9346790859256613
3S->4D,3.393221771895328,3,4,24.89853312990504,4.5540563833665974e-07,4.4549294432780677e-07,2.225106847384528
3S->4D,3.5564803062231287,3,4,25.706191169965702,4.6448794450542107e-07,4.533008984714799e-07,2.467907315353579
3S->4D,3.72759372031494,3,4,26.54004800279344,4.7332305828294477e-07,4.610562897226743e-07,2.660579376901895
3S->4D,3.906939937054617,3,4,27.40095346422028,4.818899956394574e-07,4.687606329879261e-07,2.8008671649416117
3S->4D,4.094915062380425,3,4,28.289784957033202,4.901685822231599e-07,4.764155578074643e-07,2.8867706333917997
3S->4D,4.2919342601287775,3,4,29.2074483451905,4.981395812322994e-07,4.84022794630505e-07,2.9165540876170626
3S->4D,4.498432668969445,3,4,30.154878877044467,5.057848121823902e-07,4.915841620228745e-07,2.888752579228737
3S->4D,4.714866363457394,3,4,31.13304213851181,5.130872592705609e-07,4.991015547765895e-07,2.8021761022627434
3S->4D,4.941713361323834,3,4,32.14293503716276,5.200311682009677e-07,5.06576932888025e-07,2.6559115584358084
3S->4D,5.17947467923121,3,4,33.026174486521334,5.266021305228219e-07,5.115431701261604e-07,2.9438298224072845
3S->4D,5.428675439323859,3,4,33.879397640655085,5.327871547420542e-07,5.155862847808737e-07,3.336176789204326
3S->4D,5.689866029018296,3,4,34.75466360665152,5.385747236935573e-07,5.195215424626096e-07,3.6674477713922737
3S->4D,5.963623316594643,3,4,35.65254185517306,5.439548378965268e-07,5.233524587877577e-07,3.9366164738177556
3S->4D,6.250551925273971,3,4,36.57361656901772,5.489190448528698e-07,5.270825019967698e-07,4.142907945791352
3S->4D,6.551285568595508,3,4,37.51848702320345,5.534604544796872e-07,5.307150869186408e-07,4.285796300441946
3S->4D,6.866488450043,3,4,38.4877679748719,5.575737410833906e-07,5.342535697583892e-07,4.365000562475929
3S->4D,7.196856730011519,3,4,39.482090063265474,5.612551324776966e-07,5.377012436408134e-07,4.380478772449581
3S->4D,7.543120063354617,3,4,40.50210022003738,5.645023870146161e-07,5.410613348473034e-07,4.332420496084466
3S->4D,7.906043210907698,3,4,41.54846209016209,5.673147594325069e-07,5.443369996860293e-07,4.221237902205988
3S->4D,8.286427728546842,3,4,42.62185646372003,5.696929565263031e-07,5.475313219393297e-07,4.047555582478446
3S->4D,8.685113737513525,3,4,43.722981718837104,5.71639083712423e-07,5.506473108355986e-07,3.812199290498608
3S->4D,9.102981779915218,3,4,44.85255427606754,5.731565835969214e-07,5.536878994963577e-07,3.5161837775889104
3S->4D,9.54095476349994,3,4,46.01130906451572,5.742501676641592e-07,5.56655943812506e-07,3.1606998986036583
3S->4D,10.0,3,4,47.199999999999996,5.749257421898114e-07,5.595542217069173e-07,2.7471011542015367
3S->4F,1.0,3,4,10.6,2.0659999434873433e-07,2.1912434171505732e-07,-5.715634907695133
3S->4F,1.0481131341546857,3,4,10.8823895890624,2.1378402704269443e-07,2.2651164434920632e-07,-5.618968218203435
3S->4F,1.0985411419875581,3,4,11.172302185672986,2.2088103570264602e-07,2.3382188815710172e-07,-5.534491469746805
3S->4F,1.1513953993264474,3,4,11.46993820671951,2.278774116428027e-07,2.410473162555672e-07,-5.463618022115336
3S->4F,1.2067926406393286,3,4,11.775503408301269,2.3475999825263857e-07,2.481809567205431e-07,-5.407730973902558
3S->4F,1.264855216855296,3,4,12.089209027968534,2.4151612005977174e-07,2.5521659924348595e-07,-5.368177157882847
3S->4F,1.3257113655901092,3,4,12.411271930751317,2.4813361076646715e-07,2.621487680631833e-07,-5.346260980077622
3S->4F,1.3894954943731377,3,4,12.741914759078352,2.546008403033414e-07,2.689726918984957e-07,-5.343238190357969
3S->4F,1.4563484775012439,3,4,13.081366086690073,2.609067408577129e-07,2.7568427154711946e-07,-5.3603096783418795
3S->4F,1.5264179671752334,3,4,13.429860576651881,2.6704083175452725e-07,2.8228004575383123e-07,-5.398615392245498
3S->4F,1.599858719606058,3,4,13.78763914357698,2.7299324299926464e-07,2.887571558902241e-07,-5.459228479502132
3S->4F,1.676832936811008,3,4,14.154949120170881,2.7875473723851183e-07,2.951133099277535e-07,-5.543149745854015
3S->4F,1.7575106248547918,3,4,14.532044428212785,2.8431672985778745e-07,3.013467461278756e-07,-5.651302524056955
3S->4F,1.842069969326716,3,4,14.919185754091988,2.896713069193793e-07,3.0745619681782073e-07,-5.784528034404735
3S->4F,1.93069772888325,3,4,15.316640729020634,2.94811240645564e-07,3.134408525685905e-07,-5.9435813074014465
3S->4F,2.023589647725157,3,4,15.724684114047477,2.9973000217344017e-07,3.1930032704342444e-07,-6.129127724733818
3S->4F,2.120950887920191,3,4,16.14359799000048,3.044217713441278e-07,3.2503462274042483e-07,-6.341740219090008
3S->4F,2.2229964825261948,3,4,16.573671952489615,3.088814433376878e-07,3.306440978123605e-07,-6.58189715729417
3S->4F,2.329951810515372,3,4,17.015203312104575,3.131046320214311e-07,3.361294341098557e-07,-6.849980915655108
3S->4F,2.442053094548651,3,4,17.46849729994593,3.1708766993875333e-07,3.414916065611594e-07,-7.146277142256919
3S->4F,2.5595479226995357,3,4,17.933867278631713,3.208276049238e-07,3.467318539723177e-07,-7.470974688868881
3S->4F,2.6826957952797255,3,4,18.41163495892534,3.2432219338031e-07,3.518516513056887e-07,-7.824166185726133
3S->4F,2.8117686979742302,3,4,18.90213062213456,3.2756989030800515e-07,3.568526834721228e-07,-8.205849225848738
3S->4F,2.9470517025518106,3,4,19.405693348435353,3.305698361950874e-07,3.617368206525673e-07,-8.615928121791738
3S->4F,3.088843596477481,3,4,19.865280939231845,3.333218409202036e-07,3.654503180937978e-07,-8.79147604554773
3S->4F,3.237457542817644,3,4,20.29998991497918,3.358263648222201e-07,3.683783945528541e-07,-8.836574080341041
3S->4F,3.393221771895328,3,4,20.74421156231537,3.380844971028427e-07,3.711624230407043e-07,-8.911981354921284
3S->4F,3.5564803062231287,3,4,21.198154045612,3.4009793172782094e-07,3.738065359927679e-07,-9.017660479216206
3S->4F,3.72759372031494,3,4,21.662030084470512,3.4186894098987044e-07,3.7631488901435706e-07,-9.153490608545244
3S->4F,3.906939937054617,3,4,22.13605705340359,3.434003468933666e-07,3.7869164406121104e-07,-9.31927010307627
3S->4F,4.094915062380425,3,4,22.620457083697936,3.44695490519931e-07,3.809409543323702e-07,-9.51471964361571
3S->4F,4.2919342601287775,3,4,23.11545716750602,3.457581995374528e-07,3.830669507704654e-07,-9.739485789095937
3S->4F,4.498432668969445,3,4,23.62128926421567,3.4659275402442114e-07,3.8507373006525163e-07,-9.993144958060318
3S->4F,4.714866363457394,3,4,24.138190409147374,3.472038507974597e-07,3.869653440579158e-07,-10.275207811504982
3S->4F,4.941713361323834,3,4,24.666402824630097,3.475965664526019e-07,3.8874579044616694e-07,-10.585124007732084
3S->4F,5.17947467923121,3,4,25.11167187732926,3.4777631935917384e-07,3.889552586400692e-07,-10.587063258862239
3S->4F,5.428675439323859,3,4,25.533069680936876,3.4774883087744987e-07,3.885694980612078e-07,-10.505370953570791
3S->4F,5.689866029018296,3,4,25.961538941584582,3.47520086105095e-07,3.8807968070949213e-07,-10.451357445523968
3S->4F,5.963623316594643,3,4,26.3971983250657,3.4709629448988636e-07,3.8749098744909535e-07,-10.424679351933474
3S->4F,6.250551925273971,3,4,26.840168488498726,3.4648385067410043e-07,3.8680842880922454e-07,-10.424948147914414
3S->4F,6.551285568595508,3,4,27.290572113743714,3.456892959560473e-07,3.86036844781282e-07,-10.451735208874812
3S->4F,6.866488450043,3,4,27.74853394137929,3.4471928076357147e-07,3.851809053573222e-07,-10.504576948386246
3S->4F,7.196856730011519,3,4,28.21418080525,3.435805285305768e-07,3.842451117197757e-07,-10.582979964844675
3S->4F,7.543120063354617,3,4,28.68764166759323,3.422798013492635e-07,3.832337979996927e-07,-10.68642610964654
3S->4F,7.906043210907698,3,4,29.1690476547557,3.40823867737429e-07,3.8215113352770994e-07,-10.814377392729702
3S->4F,8.286427728546842,3,4,29.658532093509336,3.392194728126823e-07,3.810011255085032e-07,-10.966280648136406
3S->4F,8.685113737513525,3,4,30.156230547976403,3.374733111058719e-07,3.797876220556897e-07,-11.141571892412315
3S->4F,9.102981779915218,3,4,30.66228085717443,3.3559200217759926e-07,3.7851431552996454e-07,-11.339680321540547
3S->4F,9.54095476349994,3,4,31.17682317319116,3.3358206912842834e-07,3.771847461286961e-07,-11.560031906855128
3S->4F,10.0,3,4,31.699999999999996,3.314499200198286e-07,3.758023056802813e-07,-11.80205256595367
3S->5S,1.0,3,5,1.59,1.4208747904957436e-08,2.4200876564939986e-08,-41.2882923193709
3S->5S,1.0481131341546857,3,5,1.6316424687048117,1.4978763617782757e-08,2.5359665429577172e-08,-40.93469545417223
3S->5S,1.0985411419875581,3,5,1.6743755633214668,1.5761573386839224e-08,2.6519816048940815e-08,-40.56680725932588
3S->5S,1.1513953993264474,3,5,1.7182278475955022,1.6555499361852798e-08,2.76791471964645e-08,-40.187827159763586
3S->5S,1.2067926406393286,3,5,1.763228633363572,1.7358729133366396e-08,2.883559339670966e-08,-39.801033762158866
3S->5S,1.264855216855296,3,5,1.8094080001461321,1.816932543241789e-08,2.9987210632129694e-08,-39.409751526037475
3S->5S,1.3257113655901092,3,5,1.8567968152532524,1.8985238787880544e-08,3.1132180358248424e-08,-39.01731722799031
3S->5S,1.3894954943731377,3,5,1.9054267544170118,1.9804322862561986e-08,3.226881196971755e-08,-38.62704681800116
3S->5S,1.4563484775012439,3,5,1.955330322964258,2.0624352100057335e-08,3.33955438648769e-08,-38.242203260691355
3S->5S,1.5264179671752334,3,5,2.0065408775438858,2.1443041244442554e-08,3.451094325802553e-08,-37.865965922400655
3S->5S,1.599858719606058,3,5,2.0590926484231606,2.2258066246311312e-08,3.5613704887194666e-08,-37.5014020113519
3S->5S,1.676832936811008,3,5,2.1130207623679835,2.306708604204919e-08,3.6702648761338e-08,-37.151440507618894
3S->5S,1.7575106248547918,3,5,2.1683612661224028,2.3867764687901182e-08,3.777671708502769e-08,-36.81884893761491
3S->5S,1.842069969326716,3,5,2.2251511505030495,2.4657793344536394e-08,3.883497049141953e-08,-36.5062132595557
3S->5S,1.93069772888325,3,5,2.283428375124621,2.5434911638894205e-08,3.9876583705839394e-08,-36.215921036461296
3S->5S,2.023589647725157,3,5,2.343231893772926,2.6196927975111263e-08,4.090084075319735e-08,-35.950147985494986
3S->5S,2.120950887920191,3,5,2.404601680442459,2.6941738422118674e-08,4.190712981286605e-08,-35.71084790959079
3S->5S,2.2229964825261948,3,5,2.467578756055894,2.766734386894863e-08,4.2894937814920966e-08,-35.499745941292474
3S->5S,2.329951810515372,3,5,2.5322052158833883,2.8371865206960183e-08,4.386384486194722e-08,-35.318334960706196
3S->5S,2.442053094548651,3,5,2.5985242576799825,2.9053556368373236e-08,4.4813518551140415e-08,-35.16787499018221
3S->5S,2.5595479226995357,3,5,2.6665802105599403,2.9710815120210252e-08,4.574370826230531e-08,-35.04939531827772
3S->5S,2.6826957952797255,3,5,2.736418564627306,3.034219157972061e-08,4.665423946868397e-08,-34.96369906514627
3S->5S,2.8117686979742302,3,5,2.8080860013825,3.094639447953448e-08,4.75450081194022e-08,-34.91136987122344
3S->5S,2.9470517025518106,3,5,2.8816304249252616,3.152229526629965e-08,4.841597513475271e-08,-34.892780371425125
3S->5S,3.088843596477481,3,5,2.944654190677567,3.206893016377709e-08,4.905978948302983e-08,-34.63296418165434
3S->5S,3.237457542817644,3,5,3.0013220861225576,3.258550036901055e-08,4.9550097585476034e-08,-34.23726297854577
3S->5S,3.393221771895328,3,5,3.0590805172183333,3.30713705773437e-08,5.0012284385677556e-08,-33.873505312597494
3S->5S,3.5564803062231287,3,5,3.1179504705922634,3.3526066048327306e-08,5.044700328566336e-08,-33.54200673034795
3S->5S,3.72759372031494,3,5,3.1779533367452926,3.394926843008298e-08,5.085493590561847e-08,-33.242923571687655
3S->5S,3.906939937054617,3,5,3.2391109178242123,3.434081055518599e-08,5.123678676283183e-08,-32.97626036904898
3S->5S,4.094915062380425,3,5,3.3014454355435086,3.470067040786492e-08,5.159327837364283e-08,-32.74187742721102
3S->5S,4.2919342601287775,3,5,3.3649795392596653,3.502896444202678e-08,5.1925146764948014e-08,-32.5394984426447
3S->5S,4.498432668969445,3,5,3.429736314200842,3.532594040438094e-08,5.2233137379667586e-08,-32.36871806568522
3S->5S,4.714866363457394,3,5,3.495739289854938,3.5591969789021373e-08,5.2518001358932605e-08,-32.229009352870854
3S->5S,4.941713361323834,3,5,3.5630124485190677,3.582754002149924e-08,5.278049218256909e-08,-32.11973109767364
3S->5S,5.17947467923121,3,5,3.623126507049179,3.6033246443780944e-08,5.289793755704702e-08,-31.881566450636367
3S->5S,5.428675439323859,3,5,3.6814009499865237,3.620978414830062e-08,5.2952727012650596e-08,-31.61866028231185
3S->5S,5.689866029018296,3,5,3.7406126802896424,3.635793969088702e-08,5.2986712018512525e-08,-31.38291034517434
3S->5S,5.963623316594643,3,5,3.800776773308238,3.64785826994253e-08,5.300081014509208e-08,-31.17353753732527
3S->5S,6.250551925273971,3,5,3.8619085468642544,3.657265738788496e-08,5.299591914748915e-08,-30.98967245741656
3S->5S,6.551285568595508,3,5,3.9240235651518094,3.664117398342144e-08,5.29729155994994e-08,-30.83036195242441
3S->5S,6.866488450043,3,5,3.987137642699841,3.668520007679453e-08,5.293265377372939e-08,-30.694576104926963
3S->5S,7.196856730011519,3,5,4.051266848398509,3.6705851912139294e-08,5.287596474537585e-08,-30.581215701885945
3S->5S,7.543120063354617,3,5,4.116427509590334,3.6704285639797897e-08,5.280365569849368e-08,-30.48912020527974
3S->5S,7.906043210907698,3,5,4.182636216227162,3.668168856410089e-08,5.271650941482783e-08,-30.41707622283646
3S->5S,8.286427728546842,3,5,4.249909825093972,3.66392704254688e-08,5.261528392653732e-08,-30.36382645653799
3S->5S,8.685113737513525,3,5,4.318265464100628,3.657825476211158e-08,5.25007123153879e-08,-30.328079088956407
3S->5S,9.102981779915218,3,5,4.387720536642654,3.649987040046286e-08,5.237350264221405e-08,-30.30851755360112
3S->5S,9.54095476349994,3,5,4.4582927260321545,3.6405343125256004e-08,5.2234337991644395e-08,-30.303810625340855
3S->5S,10.0,3,5,4.53,3.629588758018772e-08,5.2083876618237885e-08,-30.31262275996135
3S->5P,1.0,3,5,3.46,3.0619346740442806e-08,5.266354271364298e-08,-41.85855116710449
3S->5P,1.0481131341546857,3,5,3.5311874470827744,3.186034748825623e-08,5.488318301632953e-08,-41.94879790631541
3S->5P,1.0985411419875581,3,5,3.6038395336517235,3.310497298209058e-08,5.707988314924725e-08,-42.00238130212929
3S->5P,1.1513953993264474,3,5,3.6779863937952624,3.4355012215094596e-08,5.924914261104379e-08,-42.016017952146754
3S->5P,1.2067926406393286,3,5,3.7536587815927955,3.5612731343003576e-08,6.138680845348995e-08,-41.98634488387557
3S->5P,1.264855216855296,3,5,3.830888083870666,3.688085417393387e-08,6.348907922915538e-08,-41.90992431813771
3S->5P,1.3257113655901092,3,5,3.9097063332205435,3.816253719234427e-08,6.555250510649262e-08,-41.78325125737341
3S->5P,1.3894954943731377,3,5,3.990146221285666,3.946133921327389e-08,6.757398459314748e-08,-41.602764065395114
3S->5P,1.4563484775012439,3,5,4.072241112320437,4.0781185791044806e-08,6.955075830291727e-08,-41.36485814658003
3S->5P,1.5264179671752334,3,5,4.1560250570289945,4.2126328549468746e-08,7.148040018881845e-08,-41.0659027674855
3S->5P,1.599858719606058,3,5,4.2415328066885145,4.350129965692772e-08,7.336080664579977e-08,-40.70226099481097
3S->5P,1.676832936811008,3,5,4.328799827563078,4.491086173716714e-08,7.519018386319074e-08,-40.27031265293501
3S->5P,1.7575106248547918,3,5,4.41786231561411,4.635995358213751e-08,7.696703378031038e-08,-39.76648013425553
3S->5P,1.842069969326716,3,5,4.508757211513465,4.785363211318936e-08,7.869013896989217e-08,-39.187256828331755
3S->5P,1.93069772888325,3,5,4.601522215965399,4.939701111765844e-08,8.035854674408583e-08,-38.5292378731402
3S->5P,2.023589647725157,3,5,4.696195805343795,5.099519736580643e-08,8.197155274757179e-08,-37.789152874968515
3S->5P,2.120950887920191,3,5,4.792817247651095,5.265322478498297e-08,8.352868427244042e-08,-36.963900193558466
3S->5P,2.2229964825261948,3,5,4.891426618805596,5.437598743104018e-08,8.502968350046962e-08,-36.050582346646195
3S->5P,2.329951810515372,3,5,4.992064819263832,5.616817204932275e-08,8.647449085068832e-08,-35.046542053302346
3S->5P,2.442053094548651,3,5,5.094773590984967,5.8034191057429204e-08,8.786322858394607e-08,-33.94939840847947
3S->5P,2.5595479226995357,3,5,5.199595534744204,5.997811680835953e-08,8.919618479182356e-08,-32.75708266183868
3S->5P,2.6826957952797255,3,5,5.306574127802422,6.200361800503122e-08,9.047379787475461e-08,-31.46787306213833
3S->5P,2.8117686979742302,3,5,5.415753741939347,6.411389913515494e-08,9.169664159374695e-08,-30.0804282241815
3S->5P,2.9470517025518106,3,5,5.5271796618577405,6.631164377901793e-08,9.286541076160238e-08,-28.593818478606025
3S->5P,3.088843596477481,3,5,5.659387874053686,6.859896261183049e-08,9.428895881319038e-08,-27.246028087188968
3S->5P,3.237457542817644,3,5,5.806340394281397,7.097734687704797e-08,9.585933295244019e-08,-25.956769475682883
3S->5P,3.393221771895328,3,5,5.9571087058423515,7.344762804765391e-08,9.739155704992497e-08,-24.585220451909283
3S->5P,3.5564803062231287,3,5,6.111791890150576,7.60099443190916e-08,9.888597925840375e-08,-23.133749709383643
3S->5P,3.72759372031494,3,5,6.270491601383054,7.866371449088962e-08,1.0034302417153843e-07,-21.605198627049138
3S->5P,3.906939937054617,3,5,6.433312133284488,8.14076196948778e-08,1.0176318450164441e-07,-20.00287717650746
3S->5P,4.094915062380425,3,5,6.600360487706697,8.423959331747163e-08,1.0314701322712707e-07,-18.330554921664856
3S->5P,4.2919342601287775,3,5,6.771746444927748,8.71568193435006e-08,1.044951162125787e-07,-16.59244708987747
3S->5P,4.498432668969445,3,5,6.947582635796991,9.015573922162776e-08,1.0580814529957084e-07,-14.793195772997425
3S->5P,4.714866363457394,3,5,7.127984615753414,9.323206721914153e-08,1.0708679186202204e-07,-12.937846397277342
3S->5P,4.941713361323834,3,5,7.3130709407659875,9.638081409973005e-08,1.083317808165684e-07,-11.031819680943112
3S->5P,5.17947467923121,3,5,7.518909584256945,9.959631882493653e-08,1.0977668290391481e-07,-9.273703494838637
3S->5P,5.428675439323859,3,5,7.736000991199832,1.0287228785156642e-07,1.1127349458039845e-07,-7.550052023181408
3S->5P,5.689866029018296,3,5,7.959360418583762,1.0620184147652194e-07,1.1274632644361057e-07,-5.804610379356189
3S->5P,5.963623316594643,3,5,8.189168841237727,1.0957756657028104e-07,1.1419575757477536e-07,-4.044100326117917
3S->5P,6.250551925273971,3,5,8.425612459227162,1.1299157494307805e-07,1.156223849526013e-07,-2.275346604034967
3S->5P,6.551285568595508,3,5,8.66888284872074,1.1643556650589221e-07,1.1702682001336704e-07,-0.5052290640788937
3S->5P,6.866488450043,3,5,8.919177117213108,1.1990089632325544e-07,1.1840968549365753e-07,1.2593655859999497
3S->5P,7.196856730011519,3,5,9.176698063229376,1.233786446077942e-07,1.1977161254191105e-07,3.0115918032087574
3S->5P,7.543120063354617,3,5,9.441654340640632,1.2685968867800844e-07,1.2111323808468868e-07,4.744692392173966
3S->5P,7.906043210907698,3,5,9.714260627723768,1.3033477589130788e-07,1.2243520243350724e-07,6.452044265692924
3S->5P,8.286427728546842,3,5,9.994737801102477,1.3379459657360153e-07,1.2373814711813894e-07,8.127202232841913
3S->5P,8.685113737513525,3,5,10.28331311471041,1.3722985599422922e-07,1.2502271293247338e-07,9.763940307669605
3S->5P,9.102981779915218,3,5,10.580220383921487,1.4063134447979878e-07,1.2628953817932002e-07,11.35629008328043
3S->5P,9.54095476349994,3,5,10.88570017499658,1.439900048212484e-07,1.27539257100897e-07,12.89857577525102
3S->5P,10.0,3,5,11.199999999999998,1.472969962035084e-07,1.2877249848217752e-07,14.385445603429625
3S->5D,1.0,3,5,4.26,3.506447865383358e-08,6.484008438153731e-08,-45.92160237253191
3S->5D,1.0481131341546857,3,5,4.327133290773759,3.647255651463745e-08,6.72541041483889e-08,-45.769024840231765
3S->5D,1.0985411419875581,3,5,4.395324534301066,3.786966893354691e-08,6.961592170745359e-08,-45.60200022534169
3S->5D,1.1513953993264474,3,5,4.464590402847139,3.925419685032891e-08,7.192064492800634e-08,-45.42012673882032
3S->5D,1.2067926406393286,3,5,4.53494783141523,4.062473702891809e-08,7.416389982989568e-08,-45.22303017762539
3S->5D,1.264855216855296,3,5,4.606414021887115,4.198009345480855e-08,7.634182424415533e-08,-45.010361135007194
3S->5D,1.3257113655901092,3,5,4.679006447228821,4.331926658953963e-08,7.845105690396551e-08,-44.78179351672961
3S->5D,1.3894954943731377,3,5,4.752742855762649,4.46414406453379e-08,8.048872264310538e-08,-44.537024344041
3S->5D,1.4563484775012439,3,5,4.827641275506503,4.594596906686295e-08,8.245241434994853e-08,-44.27577478585789
3S->5D,1.5264179671752334,3,5,4.903720018581615,4.723235843556281e-08,8.434017228777472e-08,-43.99779232795184
3S->5D,1.599858719606058,3,5,4.980997685689723,4.85002510424345e-08,8.615046134898245e-08,-43.70285395690763
3S->5D,1.676832936811008,3,5,5.05949317066081,4.974940640419449e-08,8.788214676369226e-08,-43.39077021187651
3S->5D,1.7575106248547918,3,5,5.139225665072506,5.0979682023504623e-08,8.953446873395592e-08,-43.061389938006535
3S->5D,1.842069969326716,3,5,5.220214662942289,5.219101371389586e-08,9.110701641477614e-08,-42.71460556200226
3S->5D,1.93069772888325,3,5,5.302479965493638,5.3383395822781076e-08,9.25997016135895e-08,-42.35035870250927
3S->5D,2.023589647725157,3,5,5.38604168599728,5.4556861690302e-08,9.401273253171467e-08,-41.968645925808445
3S->5D,2.120950887920191,3,5,5.470920254688745,5.571146467702185e-08,9.534658782526197e-08,-41.56952446046406
3S->5D,2.2229964825261948,3,5,5.557136423763408,5.6847260079400686e-08,9.660199121967324e-08,-41.15311769285393
3S->5D,2.329951810515372,3,5,5.6447112724502535,5.7964288228749216e-08,9.777988687179328e-08,-40.719620278605305
3S->5D,2.442053094548651,3,5,5.733666212165587,5.906255903756819e-08,9.888141563640285e-08,-40.26930272241722
3S->5D,2.5595479226995357,3,5,5.824022991747978,6.014203821787931e-08,9.990789236058104e-08,-39.802515299973905
3S->5D,2.6826957952797255,3,5,5.915803702775695,6.120263535079459e-08,1.0086078429913549e-07,-39.31969121985186
3S->5D,2.8117686979742302,3,5,6.00903078496793,6.224419393694311e-08,1.017416907175849e-07,-38.8213489495463
3S->5D,2.9470517025518106,3,5,6.103727031671151,6.326648350554206e-08,1.0255232372568145e-07,-38.308093656878604
3S->5D,3.088843596477481,3,5,6.193158889486833,6.426919380804282e-08,1.031819193965408e-07,-37.71273670433635
3S->5D,3.237457542817644,3,5,6.279721736681369,6.525193107259405e-08,1.0367458604357557e-07,-37.06082313637795
3S->5D,3.393221771895328,3,5,6.367494487682367,6.621421625004605e-08,1.0410087062101219e-07,-36.39417628781957
3S->5D,3.5564803062231287,3,5,6.456494053523469,6.715548514259753e-08,1.0446310158034511e-07,-35.71367868017339
3S->5D,3.72759372031494,3,5,6.546737581606742,6.807509027374546e-08,1.0476362766373701e-07,-35.02030065983575
3S->5D,3.906939937054617,3,5,6.63824245900644,6.897230433375403e-08,1.0500480594241508e-07,-34.31509756650697
3S->5D,4.094915062380425,3,5,6.731026315818946,6.984632501870164e-08,1.0518899107450834e-07,-33.599206242764026
3S->5D,4.2919342601287775,3,5,6.825107028559533,7.069628107309259e-08,1.0531852571751534e-07,-32.87384095869924
3S->5D,4.498432668969445,3,5,6.920502723606605,7.152123934538462e-08,1.0539573202808604e-07,-32.14028882466937
3S->5D,4.714866363457394,3,5,7.017231780694072,7.232021267158745e-08,1.0542290418051431e-07,-31.39990476096688
3S->5D,4.941713361323834,3,5,7.1153128364525475,7.30921684130575e-08,1.054023018350696e-07,-30.654106086383237
3S->5D,5.17947467923121,3,5,7.210456535061104,7.383603748934772e-08,1.052732436494762e-07,-29.86248458801516
3S->5D,5.428675439323859,3,5,7.305421399346597,7.455072376398832e-08,1.050801013873244e-07,-29.053433733190882
3S->5D,5.689866029018296,3,5,7.401636992404242,7.523511365895702e-08,1.0484603494198841e-07,-28.24229003930877
3S->5D,5.963623316594643,3,5,7.49911978687867,7.588808589103189e-08,1.0457320905318697e-07,-27.430661659780895
3S->5D,6.250551925273971,3,5,7.5978864723664365,7.650852123908653e-08,1.042637266768727e-07,-26.620193160564142
3S->5D,6.551285568595508,3,5,7.697953958273382,7.709531226480161e-08,1.0391962702310432e-07,-25.81255873093049
3S->5D,6.866488450043,3,5,7.79933937670961,7.764737291961906e-08,1.0354288411564213e-07,-25.009455181006558
3S->5D,7.196856730011519,3,5,7.902060085422607,7.816364797775704e-08,1.0313540581949518e-07,-24.212594737294236
3S->5D,7.543120063354617,3,5,8.006133670768977,7.864312223873755e-08,1.0269903328614055e-07,-23.423697650958708
3S->5D,7.906043210907698,3,5,8.11157795072533,7.908482944348129e-08,1.0223554076960579e-07,-22.644484639931704
3S->5D,8.286427728546842,3,5,8.218410977938815,7.948786084618259e-08,1.0174663577000968e-07,-21.876669194391162
3S->5D,8.685113737513525,3,5,8.326651042817835,7.985137338072067e-08,1.0123395946447465e-07,-21.121949785296724
3S->5D,9.102981779915218,3,5,8.436316676663468,8.017459735626638e-08,1.006990873885214e-07,-20.382002026559178
3S->5D,9.54095476349994,3,5,8.547426654842123,8.045684361304669e-08,1.0014353033412589e-07,-19.65847085218102
3S->5D,10.0,3,5,8.66,8.069751006694568e-08,9.956873543354086e-08,-18.95296277935673
3S->5F,1.0,3,5,3.4099999999999997,2.9032870616453586e-08,5.190250885939958e-08,-44.06268356872365
3S->5F,1.0481131341546857,3,5,3.437699560377169,3.007486729639251e-08,5.343015542355406e-08,-43.71181019785252
3S->5F,1.0985411419875581,3,5,3.4656241253423414,3.108444886063491e-08,5.4890740352500445e-08,-43.37032318927555
3S->5F,1.1513953993264474,3,5,3.4937755226163874,3.2058839801516554e-08,5.628166665860574e-08,-43.038574184414976
3S->5F,1.2067926406393286,3,5,3.5221555947668235,3.29955296427604e-08,5.760083785441803e-08,-42.71692761457007
3S->5F,1.264855216855296,3,5,3.5507661993284163,3.389227645604935e-08,5.884663598044689e-08,-42.40575371664267
3S->5F,1.3257113655901092,3,5,3.579609208924753,3.4747107992839555e-08,6.00178967288312e-08,-42.105422071300524
3S->5F,1.3894954943731377,3,5,3.608686511390819,3.55583205675148e-08,6.111388234881535e-08,-41.81629574020334
3S->5F,1.4563484775012439,3,5,3.6380000098965506,3.632447584751167e-08,6.213425296179158e-08,-41.53872603916427
3S->5F,1.5264179671752334,3,5,3.6675516230714114,3.704439572745852e-08,6.307903685203075e-08,-41.27304794720257
3S->5F,1.599858719606058,3,5,3.69734328512996,3.771715548471335e-08,6.394860023617971e-08,-41.01957611986258
3S->5F,1.676832936811008,3,5,3.7273769459984587,3.8342075430236675e-08,6.474361695186484e-08,-40.77860145079168
3S->5F,1.7575106248547918,3,5,3.7576545714424925,3.8918711279341636e-08,6.546503844467351e-08,-40.55038810947461
3S->5F,1.842069969326716,3,5,3.788178143195635,3.944684347014492e-08,6.611406437445127e-08,-40.33517097552919
3S->5F,1.93069772888325,3,5,3.818949659089161,3.992646565297947e-08,6.669211410703631e-08,-40.13315339066894
3S->5F,2.023589647725157,3,5,3.8499711331828004,4.035777256194489e-08,6.720079930679538e-08,-39.944505157301165
3S->5F,2.120950887920191,3,5,3.881244595896571,4.0741147461196375e-08,6.764189779897088e-08,-39.76936072628019
3S->5F,2.2229964825261948,3,5,3.9127720941436674,4.107714933507238e-08,6.801732882905763e-08,-39.60781753381082
3S->5F,2.329951810515372,3,5,3.944555691464441,4.1366499964606876e-08,6.832912980923073e-08,-39.45993446704398
3S->5F,2.442053094548651,3,5,3.976597468161457,4.161007100533055e-08,6.857943460915656e-08,-39.32573045772111
3S->5F,2.5595479226995357,3,5,4.008899521435662,4.180887115439017e-08,6.87704534201658e-08,-39.205183221708396
3S->5F,2.6826957952797255,3,5,4.041463965523642,4.196403347050168e-08,6.89044541975169e-08,-39.0982281780937
3S->5F,2.8117686979742302,3,5,4.074292931836011,4.2076802889319337e-08,6.898374566505302e-08,-39.004757593736564
3S->5F,2.9470517025518106,3,5,4.107388569096911,4.214852396024657e-08,6.901066184964413e-08,-38.92462000715631
3S->5F,3.088843596477481,3,5,4.138176523558057,4.2180628818898886e-08,6.894462165781847e-08,-38.81955139554311
3S->5F,3.237457542817644,3,5,4.167612191892395,4.217462540231893e-08,6.880487494545272e-08,-38.70401561552982
3S->5F,3.393221771895328,3,5,4.1972572419593295,4.213208591127087e-08,6.862010386558667e-08,-38.60095870184143
3S->5F,3.5564803062231287,3,5,4.227113163132549,4.205463552488279e-08,6.839274505502715e-08,-38.510092713713064
3S->5F,3.72759372031494,3,5,4.2571814553799525,4.194394137677278e-08,6.812519477509465e-08,-38.43108777120629
3S->5F,3.906939937054617,3,5,4.287463629339007,4.180170180771678e-08,6.781980157610696e-08,-38.36357400602658
3S->5F,4.094915062380425,3,5,4.317961206392645,4.162963591702129e-08,6.747886005613508e-08,-38.30714407091354
3S->5F,4.2919342601287775,3,5,4.3486757187456915,4.1429473442228346e-08,6.7104605628216e-08,-38.26135619995631
3S->5F,4.498432668969445,3,5,4.379608709501855,4.1202945003885374e-08,6.669921021199621e-08,-38.225737796705126
3S->5F,4.714866363457394,3,5,4.410761732741239,4.095177275826002e-08,6.626477876834024e-08,-38.19978951197251
3S->5F,4.941713361323834,3,5,4.44213635359843,4.067766150561006e-08,6.580334659859474e-08,-38.18298975924919
3S->5F,5.17947467923121,3,5,4.463836994917629,4.0382290304606994e-08,6.517237810012357e-08,-38.037721682384905
3S->5F,5.428675439323859,3,5,4.482341657755183,4.006730464455944e-08,6.447333974350466e-08,-37.854460767877306
3S->5F,5.689866029018296,3,5,4.5009230309536035,3.973430922610507e-08,6.375669785735809e-08,-37.67821960446878
3S->5F,5.963623316594643,3,5,4.519581432512711,3.938486139804565e-08,6.302434784439865e-08,-37.50849831039383
3S->5F,6.250551925273971,3,5,4.538317181750583,3.902046529308388e-08,6.227809061532619e-08,-37.344795083551865
3S->5F,6.551285568595508,3,5,4.557130599309016,3.8642566698543464e-08,6.151963427461051e-08,-37.18661179607912
3S->5F,6.866488450043,3,5,4.576022007159017,3.825254868993764e-08,6.075059610981916e-08,-37.0334595222929
3S->5F,7.196856730011519,3,5,4.594991728606309,3.785172804576756e-08,5.997250483342668e-08,-36.8848639040498
3S->5F,7.543120063354617,3,5,4.614040088296865,3.7441352451497536e-08,5.9186803030990784e-08,-36.740370261436695
3S->5F,7.906043210907698,3,5,4.63316741222247,3.702259848961876e-08,5.8394849774244444e-08,-36.599548362999826
3S->5F,8.286427728546842,3,5,4.652374027726291,3.659657040145553e-08,5.759792336202196e-08,-36.46199677819284
3S->5F,8.685113737513525,3,5,4.671660263508485,3.616429959527054e-08,5.679722415601192e-08,-36.3273467450916
3S->5F,9.102981779915218,3,5,4.691026449631825,3.572674486467502e-08,5.5993877482105824e-08,-36.19526549828175
3S->5F,9.54095476349994,3,5,4.71047291752734,3.528479327169811e-08,5.5188936571599126e-08,-36.06545901474014
3S->5F,10.0,3,5,4.73,3.483926164043767e-08,5.438338551970534e-08,-35.93767414900279
3S->5G,1.0,3,5,4.82,4.640829206360779e-08,7.336366354906336e-08,-36.742128434505794
3S->5G,1.0481131341546857,3,5,4.888690538847386,4.870667762290098e-08,7.598206030535607e-08,-35.89713489321164
3S->5G,1.0985411419875581,3,5,4.958359996808287,5.09980293514147e-08,7.853363241812709e-08,-35.06217937317342
3S->5G,1.1513953993264474,3,5,5.029022324604984,5.3275378864493116e-08,8.101314931651432e-08,-34.238602851558234
3S->5G,1.2067926406393286,3,5,5.100691671773584,5.553183737345135e-08,8.341599512745582e-08,-33.42783085114402
3S->5G,1.264855216855296,3,5,5.173382389497338,5.7760627775266076e-08,8.573815711098768e-08,-32.63136306919311
3S->5G,1.3257113655901092,3,5,5.247109033480355,5.99551167311318e-08,8.797620905409879e-08,-31.850761273125684
3S->5G,1.3894954943731377,3,5,5.3218863668622545,6.21088467455118e-08,9.012729043422322e-08,-31.08763566919819
3S->5G,1.4563484775012439,3,5,5.397729363174354,6.421556814774472e-08,9.218908212160847e-08,-30.343629994019594
3S->5G,1.5264179671752334,3,5,5.4746532093380065,6.62692707748001e-08,9.415977933930678e-08,-29.620405612891933
3S->5G,1.599858719606058,3,5,5.552673308705639,6.826421506289465e-08,9.603806254307303e-08,-28.919624932793518
3S->5G,1.676832936811008,3,5,5.631805284145159,7.01949621823737e-08,9.782306682333955e-08,-28.242934451094172
3S->5G,1.7575106248547918,3,5,5.712064981168289,7.205640279790211e-08,9.951435036965267e-08,-27.591947764072412
3S->5G,1.842069969326716,3,5,5.793468471103502,7.384378400633572e-08,1.0111186247613321e-07,-26.96822885270651
3S->5G,1.93069772888325,3,5,5.876032054314174,7.555273399791949e-08,1.0261591150598996e-07,-26.373275948039232
3S->5G,2.023589647725157,3,5,5.959772263462587,7.717928400164809e-08,1.0402713317490704e-07,-25.808506255880424
3S->5G,2.120950887920191,3,5,6.04470586682046,7.871988711065892e-08,1.0534645945802823e-07,-25.275241792039317
3S->5G,2.2229964825261948,3,5,6.130849871626652,8.017143363556549e-08,1.0657508837382961e-07,-24.774696546015495
3S->5G,2.329951810515372,3,5,6.218221527492722,8.15312626993215e-08,1.0771445485077225e-07,-24.30796515446788
3S->5G,2.442053094548651,3,5,6.3068383298570145,8.279716986289164e-08,1.0876620283946483e-07,-23.876013227107496
3S->5G,2.5595479226995357,3,5,6.396718023487973,8.396741065297526e-08,1.0973215879421103e-07,-23.479669428133953
3S->5G,2.6826957952797255,3,5,6.487878606037386,8.504069994765881e-08,1.1061430661323008e-07,-23.119619377076607
3S->5G,2.8117686979742302,3,5,6.580338331644261,8.601620725976993e-08,1.1141476409640196e-07,-22.796401394931685
3S->5G,2.9470517025518106,3,5,6.674115714590059,8.689354803783537e-08,1.1213576095291103e-07,-22.510404085700696
3S->5G,3.088843596477481,3,5,6.769437866429083,8.767277117830234e-08,1.1278308933418199e-07,-22.26425814731543
3S->5G,3.237457542817644,3,5,6.866250378187709,8.83543430079839e-08,1.1335783582129672e-07,-22.057136705335168
3S->5G,3.393221771895328,3,5,6.964447445446797,8.893912805098813e-08,1.1386033295635915e-07,-21.887521543541343
3S->5G,3.5564803062231287,3,5,7.064048869303325,8.942836693871769e-08,1.1429305881569691e-07,-21.755207301849133
3S->5G,3.72759372031494,3,5,7.165074734037892,8.982365185446651e-08,1.1465851689680353e-07,-21.659851980022747
3S->5G,3.906939937054617,3,5,7.267545411164644,9.012689992578671e-08,1.1495922306086594e-07,-21.600983787035155
3S->5G,4.094915062380425,3,5,7.371481563539118,9.034032498871173e-08,1.151976937856732e-07,-21.57800905564041
3S->5G,4.2919342601287775,3,5,7.476904149524838,9.04664081489948e-08,1.1537643566086681e-07,-21.590221061336667
3S->5G,4.498432668969445,3,5,7.583834427219494,9.050786755792856e-08,1.1549793605457088e-07,-21.63680958319023
3S->5G,4.714866363457394,3,5,7.692293958741561,9.046762780534643e-08,1.155646548788432e-07,-21.716871044878072
3S->5G,4.941713361323834,3,5,7.802304614578232,9.034878931140751e-08,1.1557901738090581e-07,-21.829419077295643
3S->5G,5.17947467923121,3,5,7.892748197541379,9.015459807301513e-08,1.1523475663759706e-07,-21.764404504672818
3S->5G,5.428675439323859,3,5,7.977142226933722,8.988841609136319e-08,1.1474203446529109e-07,-21.660430277141373
3S->5G,5.689866029018296,3,5,8.062438648245688,8.955369277513059e-08,1.1420645528807882e-07,-21.58613753553873
3S->5G,5.963623316594643,3,5,8.14864711039655,8.915393758004823e-08,1.1363069293374031e-07,-21.540619635193835
3S->5G,6.250551925273971,3,5,8.235777365477645,8.869269411058695e-08,1.1301732966513878e-07,-21.522925401461666
3S->5G,6.551285568595508,3,5,8.32383926985557,8.817351587384472e-08,1.12368855024651e-07,-21.532068779643975
3S->5G,6.866488450043,3,5,8.412842785287136,8.75999438397795e-08,1.1168766526577254e-07,-21.567038194122667
3S->5G,7.196856730011519,3,5,8.502797980046276,8.697548592609509e-08,1.1097606330417535e-07,-21.626805514173665
3S->5G,7.543120063354617,3,5,8.593715030062988,8.630359849074504e-08,1.1023625912547075e-07,-21.71033453474286
3S->5G,7.906043210907698,3,5,8.685604220074458,8.558766988058023e-08,1.0947037059178851e-07,-21.81658889259277
3S->5G,8.286427728546842,3,5,8.77847594478849,8.483100605160934e-08,1.0868042459397625e-07,-21.94453935146734
3S->5G,8.685113737513525,3,5,8.87234071005938,8.403681824517194e-08,1.0786835850073096e-07,-22.093170403995277
3S->5G,9.102981779915218,3,5,8.967209134076363,8.320821267557532e-08,1.07036021860269e-07,-22.261486152577568
3S->5G,9.54095476349994,3,5,9.063091948564766,8.234818215891658e-08,1.0618517831421298e-07,-22.44851544606371
3S->5G,10.0,3,5,9.16,8.1459599590346e-08,1.0531750768720949e-07,-22.653316263161983
3P->4S,1.0,3,4,4.88,3.3539183402078754e-08,3.362662853992075e-08,-0.26004729477469013
3P->4S,1.0481131341546857,3,4,4.974189965942586,3.4379025436323484e-08,3.4511781297966826e-08,-0.3846682398023993
3P->4S,1.0985411419875581,3,4,5.070197913377851,3.520904671682761e-08,3.537090296264049e-08,-0.45759715544677615
3P->4S,1.1513953993264474,3,4,5.168058931571137,3.6030438323826545e-08,3.6203238798503505e-08,-0.47730667313694575
3P->4S,1.2067926406393286,3,4,5.267808787053506,3.6844542830357466e-08,3.700817930411304e-08,-0.44216299432323636
3P->4S,1.264855216855296,3,4,5.3694839366938,3.7652838857031424e-08,3.77852520333112e-08,-0.35043613355560943
3P->4S,1.3257113655901092,3,4,5.473121541022992,3.845692365336189e-08,3.8534113114931815e-08,-0.20031461821814478
3P->4S,1.3894954943731377,3,4,5.578759477815736,3.925849369084561e-08,3.9254538598898445e-08,0.010075502319817353
3P->4S,1.4563484775012439,3,4,5.686436355934045,4.005932332757611e-08,3.994641574118637e-08,0.2826476025315383
3P->4S,1.5264179671752334,3,4,5.796191529438168,4.0861241680888816e-08,4.0609734325220966e-08,0.6193277544090048
3P->4S,1.599858719606058,3,4,5.908065111969825,4.1666107919424964e-08,4.124457810316785e-08,1.0220247985146313
3P->4S,1.676832936811008,3,4,6.022097991413068,4.247578525553419e-08,4.1851116427367085e-08,1.4925977643899246
3P->4S,1.7575106248547918,3,4,6.138331844838092,4.3292113980167416e-08,4.242959612995923e-08,2.0328212589305394
3P->4S,1.842069969326716,3,4,6.256809153733501,4.411688393304023e-08,4.298033369759483e-08,2.6443494911929877
3P->4S,1.93069772888325,3,4,6.377573219532564,4.4951806839236256e-08,4.350370777802433e-08,3.3286796348503955
3P->4S,2.023589647725157,3,4,6.500668179439147,4.5798488968572726e-08,4.4000152046327996e-08,4.08711524530927
3P->4S,2.120950887920191,3,4,6.626139022559113,4.665840458555128e-08,4.44701484505323e-08,4.920730447871446
3P->4S,2.2229964825261948,3,4,6.754031606343064,4.753287065567195e-08,4.491422084933152e-08,5.830335597103886
3P->4S,2.329951810515372,3,4,6.8843926733464675,4.842302325883905e-08,4.533292904853269e-08,6.816445076818556
3P->4S,2.442053094548651,3,4,7.01726986831325,4.932979613345033e-08,4.572686323760898e-08,7.879247866007244
3P->4S,2.5595479226995357,3,4,7.152711755589145,5.0253901736738126e-08,4.609663882331419e-08,9.01858144008827
3P->4S,2.6826957952797255,3,4,7.2907678368711295,5.11958151594667e-08,4.644289165360906e-08,10.233909510430529
3P->4S,2.8117686979742302,3,4,7.4314885692994475,5.2155761177786684e-08,4.676627362211153e-08,11.52430402991731
3P->4S,2.9470517025518106,3,4,7.574925383898841,5.3133704663632046e-08,4.706744864083796e-08,12.888431810027434
3P->4S,3.088843596477481,3,4,7.73944009817538,5.412934450929824e-08,4.745936481506169e-08,14.054085469175458
3P->4S,3.237457542817644,3,4,7.918963762701022,5.514211115357057e-08,4.7901093705691504e-08,15.116601496342664
3P->4S,3.393221771895328,3,4,8.102651649149163,5.6171167727759886e-08,4.832512449908846e-08,16.235950367431396
3P->4S,3.5564803062231287,3,4,8.29060035060276,5.721541477197565e-08,4.873192561470153e-08,17.408483351035088
3P->4S,3.72759372031494,3,4,8.482908700713082,5.827349840656061e-08,4.912197108303783e-08,18.630211943353526
3P->4S,3.906939937054617,3,4,8.679677825671808,5.9343821782343854e-08,4.949573837526025e-08,19.896830980515357
3P->4S,4.094915062380425,3,4,8.881011197388695,6.042455957760518e-08,4.9853706440026955e-08,21.203745704032563
3P->4S,4.2919342601287775,3,4,9.08701468790274,6.151367526056682e-08,5.0196353935763425e-08,22.546102331030337
3P->4S,4.498432668969445,3,4,9.297796625055428,6.26089407948095e-08,5.052415764652499e-08,23.918821631488775
3P->4S,4.714866363457394,3,4,9.513467849455447,6.370795843197526e-08,5.0837591069701124e-08,25.316634977114006
3P->4S,4.941713361323834,3,4,9.734141772764671,6.48081842119307e-08,5.113712316400831e-08,26.734122301084895
3P->4S,5.17947467923121,3,4,9.973407646281979,6.590695277540155e-08,5.149277952675318e-08,27.992610577876164
3P->4S,5.428675439323859,3,4,10.223148765456534,6.700150308784669e-08,5.1859592729976625e-08,29.19789678393969
3P->4S,5.689866029018296,3,4,10.479143577332577,6.80890046756409e-08,5.2214966952339614e-08,30.401317188978915
3P->4S,5.963623316594643,3,4,10.741548678759417,6.91665839858607e-08,5.2559281140487635e-08,31.597279272109514
3P->4S,6.250551925273971,3,4,11.010524587881246,7.023135049829572e-08,5.2892908353992975e-08,32.780277515206514
3P->4S,6.551285568595508,3,4,11.28623584232912,7.128042224177159e-08,5.321621518072391e-08,33.94493013022641
3P->4S,6.866488450043,3,4,11.56885109987171,7.231095039542277e-08,5.3529561237438826e-08,35.08601364146462
3P->4S,7.196856730011519,3,4,11.858543241586458,7.332014268811073e-08,5.383329874847078e-08,36.19849496998082
3P->4S,7.543120063354617,3,4,12.15548947761419,7.430528534470168e-08,5.412777219576175e-08,37.27756072421515
3P->4S,7.906043210907698,3,4,12.45987145556187,7.526376336541192e-08,5.441331803389893e-08,38.31864345880063
3P->4S,8.286427728546842,3,4,12.771875371619904,7.619307896300709e-08,5.469026446419493e-08,39.31744472160999
3P->4S,8.685113737513525,3,4,13.091692084461812,7.709086802151567e-08,5.495893126223508e-08,40.26995476618467
3P->4S,9.102981779915218,3,4,13.419517231996112,7.795491447858921e-08,5.521962965368752e-08,41.17246886204615
3P->4S,9.54095476349994,3,4,13.755551351041698,7.878316257109786e-08,5.547266223353144e-08,42.02160018827432
3P->4S,10.0,3,4,14.1,7.957372691944094e-08,5.5718322924205755e-08,42.81428934551019
3P->4P,1.0,3,4,20.7,1.3790692836849535e-07,1.4263754319187694e-07,-3.3165285362619645
3P->4P,1.0481131341546857,3,4,21.397057755056302,1.427125519802085e-07,1.4845644873205704e-07,-3.8690786428654644
3P->4P,1.0985411419875581,3,4,22.117588433488653,1.4752160624548626e-07,1.5429754175559444e-07,-4.391473404573865
3P->4P,1.1513953993264474,3,4,22.862382469271594,1.5232757613114678e-07,1.6015535097354893e-07,-4.887613679354974
3P->4P,1.2067926406393286,3,4,23.632256913680717,1.5712361693337505e-07,1.6602478119019808e-07,-5.361346777880016
3P->4P,1.264855216855296,3,4,24.42805633161135,1.6190256724862435e-07,1.7190111304107897e-07,-5.81645203778598
3P->4P,1.3257113655901092,3,4,25.250653728080046,1.6665696802456186e-07,1.7777999989416347e-07,-6.256627222535382
3P->4P,1.3894954943731377,3,4,26.100951505925437,1.713790872669544e-07,1.836574622784209e-07,-6.685475699785459
3P->4P,1.4563484775012439,3,4,26.979882455758954,1.7606095000930392e-07,1.8952988018610435e-07,-7.1064943235203515
3P->4P,1.5264179671752334,3,4,27.888410779251434,1.806943731878645e-07,1.9539398357455727e-07,-7.523061927382113
3P->4P,1.599858719606058,3,4,28.827533146878153,1.8527100509401434e-07,2.0124684137099075e-07,-7.938428334149894
3P->4P,1.676832936811008,3,4,29.798279791282685,1.8978236908970125e-07,2.0708584926025173e-07,-8.355703797416215
3P->4P,1.7575106248547918,3,4,30.801715637459083,1.9421991126379816e-07,2.1290871651167799e-07,-8.77784881430852
3P->4P,1.842069969326716,3,4,31.838941470991927,1.9857505167506368e-07,2.1871345207722323e-07,-9.20766427985833
3P->4P,1.93069772888325,3,4,32.911095145636295,2.0283923877184644e-07,2.2449835016954225e-07,-9.647781990976211
3P->4P,2.023589647725157,3,4,34.01935283156198,2.0700400650356674e-07,2.302619755059624e-07,-10.100655547356496
3P->4P,2.120950887920191,3,4,35.164930305631394,2.1106103355059458e-07,2.360031483824937e-07,-10.568551734519694
3P->4P,2.2229964825261948,3,4,36.3490842851268,2.1500220400520187e-07,2.4172092972142734e-07,-11.053542507476543
3P->4P,2.329951810515372,3,4,37.57311380638974,2.1881966874512041e-07,2.474146062167522e-07,-11.557497719670051
3P->4P,2.442053094548651,3,4,38.83836164988525,2.2250590666098944e-07,2.5308367568368707e-07,-12.082078759166915
3P->4P,2.5595479226995357,3,4,40.14621581325404,2.2605378483664227e-07,2.5872783270209773e-07,-12.628733261595693
3P->4P,2.6826957952797255,3,4,41.49811103396865,2.2945661674225958e-07,2.64346954628465e-07,-13.198691066913625
3P->4P,2.8117686979742302,3,4,42.89553036326408,2.32708217488496e-07,2.699410880373741e-07,-13.792961575276408
3P->4P,2.9470517025518106,3,4,44.34000679306922,2.35802955206396e-07,2.755104356411522e-07,-14.4123326371835
3P->4P,3.088843596477481,3,4,45.73125014610309,2.3873579766298336e-07,2.8043063278497745e-07,-14.868145718575597
3P->4P,3.237457542817644,3,4,47.10215119824407,2.415023532939584e-07,2.8491664135575895e-07,-15.23754030484714
3P->4P,3.393221771895328,3,4,48.51414821187214,2.4409890592976204e-07,2.8934382888744027e-07,-15.637078949169258
3P->4P,3.5564803062231287,3,4,49.96847313443377,2.4652244260532805e-07,2.9371333955211094e-07,-16.06699137967148
3P->4P,3.72759372031494,3,4,51.46639484387801,2.487706739725443e-07,2.9802640208265655e-07,-16.527303542875828
3P->4P,3.906939937054617,3,4,53.00922025573454,2.5084204697314916e-07,3.022843186061812e-07,-17.017843290789926
3P->4P,4.094915062380425,3,4,54.59829546337895,2.527357495739728e-07,3.0648845426042075e-07,-17.538247832583842
3P->4P,4.2919342601287775,3,4,56.23500691248046,2.5445170751206287e-07,3.106402275674615e-07,-18.087972860242708
3P->4P,4.498432668969445,3,4,57.9207826106557,2.559905731407841e-07,3.1474110153634666e-07,-18.666303227885848
3P->4P,4.714866363457394,3,4,59.657093373385685,2.5735370660654686e-07,3.187925754641361e-07,-19.272365038031147
3P->4P,4.941713361323834,3,4,61.445454107281236,2.5854314971705884e-07,3.227961774035304e-07,-19.905138965183067
3P->4P,5.17947467923121,3,4,62.981329842687664,2.595615929839822e-07,3.251730849586036e-07,-20.177405514043112
3P->4P,5.428675439323859,3,4,64.45161222419488,2.604123364339467e-07,3.2694763985348957e-07,-20.35044615992897
3P->4P,5.689866029018296,3,4,65.95621795655494,2.6109924488043377e-07,3.286434349799658e-07,-20.552423359270676
3P->4P,5.963623316594643,3,4,67.49594830925778,2.6162669843334924e-07,3.30263226386069e-07,-20.782370687702745
3P->4P,6.250551925273971,3,4,69.0716232572161,2.6199953909120794e-07,3.3180971620794355e-07,-21.039220284009374
3P->4P,6.551285568595508,3,4,70.68408191743886,2.622230143105175e-07,3.332855493824308e-07,-21.321817043550272
3P->4P,6.866488450043,3,4,72.3341829958982,2.623027184758948e-07,3.3469331092713064e-07,-21.628933142018102
3P->4P,7.196856730011519,3,4,74.02280524482862,2.6224453320050644e-07,3.360355237370305e-07,-21.959282672230295
3P->4P,7.543120063354617,3,4,75.75084793070161,2.6205456736805074e-07,3.3731464684987544e-07,-22.3115361828091
3P->4P,7.906043210907698,3,4,77.5192313131251,2.617390977841735e-07,3.38533074135494e-07,-22.684334919838467
3P->4P,8.286427728546842,3,4,79.32889713492264,2.6130451123786125e-07,3.396931333672703e-07,-23.07630459066614
3P->4P,8.685113737513525,3,4,81.18080912365339,2.6075724868470415e-07,3.4079708563684156e-07,-23.486068492213885
3P->4P,9.102981779915218,3,4,83.07595350483963,2.6010375215849184e-07,3.418471250758879e-07,-23.912259873254616
3P->4P,9.54095476349994,3,4,85.0153395271762,2.593504149015897e-07,3.428453788515644e-07,-24.35353342946006
3P->4P,10.0,3,4,87.0,2.585035350852585e-07,3.437939074046738e-07,-24.808575859670935
3P->4D,1.0,3,4,31.299999999999997,2.1556386458963085e-07,2.156789904302294e-07,-0.05337832876948223
3P->4D,1.0481131341546857,3,4,32.62312796412922,2.2586124897534643e-07,2.263448451430953e-07,-0.213654597454227
3P->4D,1.0985411419875581,3,4,34.00218780076516,2.3665363710182324e-07,2.3720732519040695e-07,-0.23341947308720412
3P->4D,1.1513953993264474,3,4,35.439543887690576,2.4797561725527504e-07,2.4826076623047634e-07,-0.11485865428151332
3P->4D,1.2067926406393286,3,4,36.937660550750905,2.598617348138661e-07,2.5949984519109077e-07,0.13945658522795945
3P->4D,1.264855216855296,3,4,38.4991062889046,2.7234611944795685e-07,2.7091959885426366e-07,0.5265475808047926
3P->4D,1.3257113655901092,3,4,40.126558177876895,2.8546210213723847e-07,2.825154384293446e-07,1.0430097994913012
3P->4D,1.3894954943731377,3,4,41.82280645996657,2.9924182588476517e-07,2.942831604455206e-07,1.6849980242626073
3P->4D,1.4563484775012439,3,4,43.59075932787537,3.13715854186762e-07,3.062189542960751e-07,2.448215495974293
3P->4D,1.5264179671752334,3,4,45.43344791076158,3.289127814634696e-07,3.1831940676288094e-07,3.327907276630415
3P->4D,1.599858719606058,3,4,47.35403147106628,3.448588497645352e-07,3.305815038414622e-07,4.318858059862918
3P->4D,1.676832936811008,3,4,49.35580282102226,3.6157757612623907e-07,3.4300263017541655e-07,5.415394611208391
3P->4D,1.7575106248547918,3,4,51.44219396813224,3.790893949704422e-07,3.5558056639481783e-07,6.61139297177491
3P->4D,1.842069969326716,3,4,53.61678199929502,3.974113198900196e-07,3.6831348463710084e-07,7.900290504321017
3P->4D,1.93069772888325,3,4,55.8832952136684,4.1655662905695033e-07,3.811999425114687e-07,9.27510280104984
3P->4D,2.023589647725157,3,4,58.24561951478317,4.36534578312859e-07,3.9423887574956006e-07,10.728445408353714
3P->4D,2.120950887920191,3,4,60.70780507286755,4.573501457554748e-07,4.0742958976640053e-07,12.252560256533208
3P->4D,2.2229964825261948,3,4,63.27407326880416,4.790038113185055e-07,4.2077175033692056e-07,13.839346613682446
3P->4D,2.329951810515372,3,4,65.94882393162578,5.014913744599468e-07,4.3426537357482126e-07,15.480396314292566
3P->4D,2.442053094548651,3,4,68.73664288195701,5.248038126306929e-07,4.479108153825542e-07,17.16703294660691
3P->4D,2.5595479226995357,3,4,71.64230979433655,5.489271826996667e-07,4.6170876052386137e-07,18.890354620268845
3P->4D,2.6826957952797255,3,4,74.67080639189868,5.738425669735595e-07,4.75660211453784e-07,20.641279879117036
3P->4D,2.8117686979742302,3,4,77.82732498746421,5.995260648797363e-07,4.897664770254577e-07,22.410596274553395
3P->4D,2.9470517025518106,3,4,81.11727738568419,6.25948830791439e-07,5.040291611783728e-07,24.189011073888956
3P->4D,3.088843596477481,3,4,84.72122182625787,6.530771578763286e-07,5.195227720902021e-07,25.707128341804065
3P->4D,3.237457542817644,3,4,88.59693935491546,6.808726072533164e-07,5.359148521510288e-07,27.048654188340393
3P->4D,3.393221771895328,3,4,92.64995822600116,7.092921811583399e-07,5.525747570027896e-07,28.361307166038195
3P->4D,3.5564803062231287,3,4,96.88838939336912,7.382885382562929e-07,5.695073438804253e-07,29.636350819613867
3P->4D,3.72759372031494,3,4,101.32071486036209,7.6781024870219e-07,5.86717764045374e-07,30.865348853288044
3P->4D,3.906939937054617,3,4,105.95580465410634,7.978020860579673e-07,6.042114571336541e-07,32.04021152506715
3P->4D,4.094915062380425,3,4,110.80293457632455,8.28205352720125e-07,6.21994145743878e-07,33.153239204466686
3P->4D,4.2919342601287775,3,4,115.87180476619076,8.589582351155582e-07,6.400718302967538e-07,34.19716263990607
3P->4D,4.498432668969445,3,4,121.17255911237429,8.899961845861104e-07,6.584507841921063e-07,35.16517953245379
3P->4D,4.714866363457394,3,4,126.71580555312113,9.212523196135797e-07,6.7713754928452e-07,36.05098706857967
3P->4D,4.941713361323834,3,4,132.51263730499733,9.526578448419298e-07,6.961389316942952e-07,36.84881012520116
3P->4D,5.17947467923121,3,4,137.9740348575141,9.84142482236255e-07,7.123609912789543e-07,38.15221415610524
3P->4D,5.428675439323859,3,4,143.45318426578376,1.015634909680175e-06,7.27703751800937e-07,39.5670844305337
3P->4D,5.689866029018296,3,4,149.14991865856985,1.0470632023533978e-06,7.431769606198805e-07,40.89015911904039
3P->4D,5.963623316594643,3,4,155.0728786517708,1.0783552723448367e-06,7.587843494523436e-07,42.11617215393875
3P->4D,6.250551925273971,3,4,161.23104799269754,1.1094393021366482e-06,7.745297671540854e-07,43.24036972951302
3P->4D,6.551285568595508,3,4,167.63376718632105,1.1402441678313386e-06,7.90417172808402e-07,44.25852664359242
3P->4D,6.866488450043,3,4,174.29074766263636,1.1706998482766686e-06,8.064506293308202e-07,45.166958236252675
3P->4D,7.196856730011519,3,4,181.21208650663556,1.20073781656015e-06,8.226342975699575e-07,45.962527955265365
3P->4D,7.543120063354617,3,4,188.4082817732268,1.2302914106857035e-06,8.389724308837739e-07,46.64265062794901
3P->4D,7.906043210907698,3,4,195.89024841033304,1.2592961806006006e-06,8.554693701701798e-07,47.20529156410205
3P->4D,8.286427728546842,3,4,203.66933481431974,1.2876902091043959e-06,8.721295393308433e-07,47.648961654526545
3P->4D,8.685113737513525,3,4,211.75734004286133,1.3154144045389515e-06,8.889574411471336e-07,47.97270866437733
3P->4D,9.102981779915218,3,4,220.16653171135724,1.3424127635282323e-06,9.059576535473923e-07,48.17610495058402
3P->4D,9.54095476349994,3,4,228.90966460004051,1.3686326024080478e-06,9.231348262450699e-07,48.25923185837091
3P->4D,10.0,3,4,238.00000000000009,1.3940247563604237e-06,9.404936777277286e-07,48.222661073963266
3P->4F,1.0,3,4,40.89999999999999,2.6093679273703636e-07,2.818297350989259e-07,-7.413320796173561
3P->4F,1.0481131341546857,3,4,42.26058273384116,2.7161198894707785e-07,2.93211155750177e-07,-7.366420540118246
3P->4F,1.0985411419875581,3,4,43.666426723810126,2.823599333463153e-07,3.0462734764216607e-07,-7.30972267204566
3P->4F,1.1513953993264474,3,4,45.119037634542565,2.9316921012141097e-07,3.1606746661950816e-07,-7.2447369363904945
3P->4F,1.2067926406393286,3,4,46.619971218236664,3.040281486838667e-07,3.275214275501696e-07,-7.173050948767068
3P->4F,1.264855216855296,3,4,48.17083498087004,3.1492479305554454e-07,3.389799023270668e-07,-7.096323146707539
3P->4F,1.3257113655901092,3,4,49.7732899038452,3.25846876813615e-07,3.5043431228069774e-07,-7.016275120738813
3P->4F,1.3894954943731377,3,4,51.42905222290737,3.367818042493323e-07,3.6187681573598073e-07,-6.934683404796327
3P->4F,1.4563484775012439,3,4,53.13989526623996,3.4771663819681687e-07,3.7330029140889656e-07,-6.853370811879833
3P->4F,1.5264179671752334,3,4,54.90765135370633,3.5863809480043174e-07,3.84698318295912e-07,-6.7741974051039655
3P->4F,1.599858719606058,3,4,56.7342137592717,3.6953254531779514e-07,3.9606515266314026e-07,-6.699051195728778
3P->4F,1.676832936811008,3,4,58.62153873870737,3.8038602490415543e-07,4.073957026941991e-07,-6.62983865844009
3P->4F,1.7575106248547918,3,4,60.571647624748614,3.911842481957631e-07,4.186855013069233e-07,-6.568475150277542
3P->4F,1.842069969326716,3,4,62.58662899195019,4.0191263140644e-07,4.2993067760048834e-07,-6.516875313578807
3P->4F,1.93069772888325,3,4,64.66864089355828,4.125563205728726e-07,4.4112792734687765e-07,-6.4769435355966465
3P->4F,2.023589647725157,3,4,66.81991317279423,4.231002255289311e-07,4.522744828946246e-07,-6.450564528640634
3P->4F,2.120950887920191,3,4,69.04274985102577,4.3352905915504347e-07,4.6336808280884386e-07,-6.439594085315992
3P->4F,2.2229964825261948,3,4,71.33953159538325,4.438273814318971e-07,4.7440694153010974e-07,-6.445850054298119
3P->4F,2.329951810515372,3,4,73.71271826846382,4.5397964782429957e-07,4.853897192959518e-07,-6.471103573683424
3P->4F,2.442053094548651,3,4,76.1648515628543,4.6397026152640343e-07,4.963154925327942e-07,-6.517070591797724
3P->4F,2.5595479226995357,3,4,78.69855772329427,4.7378362910899263e-07,5.071837248931101e-07,-6.585403699843995
3P->4F,2.6826957952797255,3,4,81.31655035939494,4.834042191187408e-07,5.179942390824175e-07,-6.677684297213404
3P->4F,2.8117686979742302,3,4,84.02163335192596,4.928166231843391e-07,5.28747189593446e-07,-6.795415108822411
3P->4F,2.9470517025518106,3,4,86.81670385578327,5.020056191819942e-07,5.394430364402765e-07,-6.940013074471696
3P->4F,3.088843596477481,3,4,89.43449358653558,5.109562360008662e-07,5.48425235460425e-07,-6.832107101727736
3P->4F,3.237457542817644,3,4,91.96175622456057,5.196538194266183e-07,5.562683242725362e-07,-6.582166060560935
3P->4F,3.393221771895328,3,4,94.56043489218905,5.28084098628818e-07,5.639690544184792e-07,-6.3629299353424535
3P->4F,3.5564803062231287,3,4,97.23254768172684,5.362332526972867e-07,5.715302970320282e-07,-6.175883329027343
3P->4F,3.72759372031494,3,4,99.98016971324465,5.440879766268634e-07,5.789550705783708e-07,-6.022417925569856
3P->4F,3.906939937054617,3,4,102.8054347460834,5.516355461037949e-07,5.862465178945957e-07,-5.903825563877152
3P->4F,4.094915062380425,3,4,105.71053683589722,5.588638804053274e-07,5.934078849696806e-07,-5.821291802706352
3P->4F,4.2919342601287775,3,4,108.69773203852257,5.657616026926521e-07,6.004425013953328e-07,-5.77589005143505
3P->4F,4.498432668969445,3,4,111.7693401619945,5.723180969616576e-07,6.073537624145466e-07,-5.7685763423287355
3P->4F,4.714866363457394,3,4,114.92774656807306,5.785235609207005e-07,6.141451124916957e-07,-5.800184817310061
3P->4F,4.941713361323834,3,4,118.17540402467684,5.843690540932799e-07,6.208200303261024e-07,-5.8714239960453
3P->4F,5.17947467923121,3,4,121.06946008837635,5.898465404978679e-07,6.250825431845129e-07,-5.6370159542663885
3P->4F,5.428675439323859,3,4,123.88304789852175,5.949489253368634e-07,6.284291227252453e-07,-5.327601184870567
3P->4F,5.689866029018296,3,4,126.76202194529228,5.996700852292586e-07,6.316236377371969e-07,-5.0589545100643285
3P->4F,5.963623316594643,3,4,129.70790176894332,6.040048916426476e-07,6.346714313828357e-07,-4.831876499210175
3P->4F,6.250551925273971,3,4,132.72224222301193,6.079492273134677e-07,6.375777410428631e-07,-4.647043305014553
3P->4F,6.551285568595508,3,4,135.80663429497838,6.114999955825021e-07,6.403476920538994e-07,-4.505005144762686
3P->4F,6.866488450043,3,4,138.9627059459984,6.146551227078593e-07,6.429862925402347e-07,-4.406185662286521
3P->4F,7.196856730011519,3,4,142.1921229701521,6.17413553342396e-07,6.454984292410807e-07,-4.350882144160206
3P->4F,7.543120063354617,3,4,145.49658987365922,6.197752394703607e-07,6.478888642407301e-07,-4.33926655049336
3P->4F,7.906043210907698,3,4,148.87785077452924,6.217411231842285e-07,6.501622325149821e-07,-4.371387310643071
3P->4F,8.286427728546842,3,4,152.33769032311645,6.233131137447138e-07,6.5232304021294e-07,-4.4471718274363585
3P->4F,8.685113737513525,3,4,155.87793464407045,6.244940594046693e-07,6.543756635989363e-07,-4.566429630026903
3P->4F,9.102981779915218,3,4,159.50045230017523,6.252877144932635e-07,6.56324348584724e-07,-4.728856114874736
3P->4F,9.54095476349994,3,4,163.20715527858835,6.256987022546042e-07,6.581732107872965e-07,-4.934036815908504
3P->4F,10.0,3,4,167.00000000000006,6.257324739204583e-07,6.5992623605265e-07,-5.181452147852427
3P->5S,1.0,3,5,2.58,7.903554074696746e-09,1.3089782292986405e-08,-39.62043143428349
3P->5S,1.0481131341546857,3,5,2.5970676162119872,8.160495685450135e-09,1.345490144815149e-08,-39.3492719593924
3P->5S,1.0985411419875581,3,5,2.6142481407662843,8.409179536615149e-09,1.3802036874347429e-08,-39.072909214983234
3P->5S,1.1513953993264474,3,5,2.6315423205916724,8.649218427362225e-09,1.4130614739155766e-08,-38.79092603526056
3P->5S,1.2067926406393286,3,5,2.6489509075581297,8.880299548904923e-09,1.4440190351733611e-08,-38.50289135670014
3P->5S,1.264855216855296,3,5,2.6664746585095243,9.102184275393246e-09,1.4730441710493787e-08,-38.208341241329094
3P->5S,1.3257113655901092,3,5,2.6841143352965124,9.314707774418995e-09,1.5001162378522257e-08,-37.90675989378516
3P->5S,1.3894954943731377,3,5,2.7018707048096657,9.517778388791602e-09,1.525225386524448e-08,-37.597561167796364
3P->5S,1.4563484775012439,3,5,2.719744539012806,9.711376723147114e-09,1.5483717676265967e-08,-37.28007106437311
3P->5S,1.5264179671752334,3,5,2.737736614976573,9.895554358473794e-09,1.5695647176070542e-08,-36.953511712722
3P->5S,1.599858719606058,3,5,2.755847714912203,1.0070432114828872e-08,1.5888219390887613e-08,-36.616987296861105
3P->5S,1.676832936811008,3,5,2.774078626205538,1.0236197786934934e-08,1.606168686196525e-08,-36.26947234804657
3P->5S,1.7575106248547918,3,5,2.792430141451256,1.0393103288135079e-08,1.621636964304532e-08,-35.90980276777086
3P->5S,1.842069969326716,3,5,2.8109030584873316,1.0541461154212247e-08,1.6352647520284612e-08,-35.53666988091004
3P->5S,1.93069772888325,3,5,2.82949818042972,1.0681640378522284e-08,1.6470952518384134e-08,-35.148617746302655
3P->5S,2.023589647725157,3,5,2.8482163157072744,1.0814061572361588e-08,1.657176174339701e-08,-34.74404387529629
3P->5S,2.120950887920191,3,5,2.8670582780968914,1.0939191468118028e-08,1.6655590600650666e-08,-34.32120343009224
3P->5S,2.2229964825261948,3,5,2.8860248867588907,1.1057536806263e-08,1.6722986415464832e-08,-33.878216895294635
3P->5S,2.329951810515372,3,5,2.9051169662726295,1.116963766950586e-08,1.677452247486165e-08,-33.41308113989706
3P->5S,2.442053094548651,3,5,2.9243353466723483,1.1276060347507744e-08,1.681079250020945e-08,-32.923683714689524
3P->5S,2.5595479226995357,3,5,2.9436808634832596,1.1377389832699472e-08,1.683240555365778e-08,-32.40782016313112
3P->5S,2.6826957952797255,3,5,2.9631543577578734,1.1474222061433808e-08,1.6839981375234627e-08,-31.863214063240374
3P->5S,2.8117686979742302,3,5,2.982756676112559,1.1567156024588919e-08,1.6834146142503365e-08,-31.287539464898607
3P->5S,2.9470517025518106,3,5,3.0024886707643543,1.1656785877673422e-08,1.6815528640627583e-08,-30.678445341826787
3P->5S,3.088843596477481,3,5,3.0226891855441647,1.1743693182470037e-08,1.6786633847069312e-08,-30.041405028201616
3P->5S,3.237457542817644,3,5,3.0432332375667985,1.1828439410439264e-08,1.6747342178971713e-08,-29.371244200818435
3P->5S,3.393221771895328,3,5,3.0639169195836535,1.1911558832744535e-08,1.6697117914333756e-08,-28.660988717585955
3P->5S,3.5564803062231287,3,5,3.0847411806059215,1.1993551913203896e-08,1.663656408712273e-08,-27.908480078002917
3P->5S,3.72759372031494,3,5,3.105706976094855,1.2074879309137239e-08,1.65662731612763e-08,-27.11167326781562
3P->5S,3.906939937054617,3,5,3.1268152680056107,1.215595657142657e-08,1.648682526347753e-08,-26.268663753263187
3P->5S,4.094915062380425,3,5,3.148067024831382,1.2237149619633895e-08,1.6398786685209637e-08,-25.377713275148572
3P->5S,4.2919342601287775,3,5,3.169463221647838,1.2318771051233253e-08,1.6302708632653114e-08,-24.437274021080945
3P->5S,4.498432668969445,3,5,3.1910048401578592,1.2401077326414548e-08,1.6199126203475756e-08,-23.446010786966287
3P->5S,4.714866363457394,3,5,3.2126928687365828,1.2484266851994415e-08,1.6088557570239786e-08,-22.40282077811935
3P->5S,4.941713361323834,3,5,3.23452830247675,1.2568478970182304e-08,1.5971503350966467e-08,-21.306850745382334
3P->5S,5.17947467923121,3,5,3.265070595720911,1.2653793840721006e-08,1.5890097512535894e-08,-20.366795542077256
3P->5S,5.428675439323859,3,5,3.2987788584772684,1.2740233188624303e-08,1.5816382471523456e-08,-19.44913312786659
3P->5S,5.689866029018296,3,5,3.3328351219719683,1.2827761874698545e-08,1.5736813717143847e-08,-18.485647061299016
3P->5S,5.963623316594643,3,5,3.36724297892988,1.2916290232531235e-08,1.5651765983905932e-08,-17.477106124557928
3P->5S,6.250551925273971,3,5,3.4020060591668044,1.3005677103881172e-08,1.556160085641799e-08,-16.424555391951788
3P->5S,6.551285568595508,3,5,3.4371280299723987,1.3095733494579687e-08,1.5466666633822616e-08,-15.329309122485101
3P->5S,6.866488450043,3,5,3.4726125964970525,1.3186226765272906e-08,1.536729827534473e-08,-14.192940561133838
3P->5S,7.196856730011519,3,5,3.5084635021427593,1.3276885265673413e-08,1.5263817417431046e-08,-13.017268861514209
3P->5S,7.543120063354617,3,5,3.5446845289580167,1.3367403317474496e-08,1.515653245367152e-08,-11.804343385703797
3P->5S,7.906043210907698,3,5,3.5812794980368188,1.3457446449693409e-08,1.5045738669385823e-08,-10.556425673697078
3P->5S,8.286427728546842,3,5,3.6182522699217485,1.3546656790887595e-08,1.4931718423426503e-08,-9.275969404605656
3P->5S,8.685113737513525,3,5,3.6556067450112466,1.3634658525318997e-08,1.4814741370391016e-08,-7.965598693680553
3P->5S,9.102981779915218,3,5,3.6933468639710774,1.3721063324568953e-08,1.4695064717044132e-08,-6.628085083187685
3P->5S,9.54095476349994,3,5,3.7314766081500443,1.3805475672127213e-08,1.4572933507328914e-08,-5.266323591030842
3P->5S,10.0,3,5,3.7699999999999996,1.3887498005850847e-08,1.4448580930887182e-08,-3.883308178984479
3P->5P,1.0,3,5,9.77,2.6162207525450274e-08,4.9568671706386504e-08,-47.22027719358981
3P->5P,1.0481131341546857,3,5,9.921497374426592,2.7245519702236235e-08,5.140134533182178e-08,-46.994539683051926
3P->5P,1.0985411419875581,3,5,10.075343925358627,2.832467569098493e-08,5.319321689897846e-08,-46.751339095024946
3P->5P,1.1513953993264474,3,5,10.231576080029736,2.9398082927713662e-08,5.4940579381886945e-08,-46.49113049323657
3P->5P,1.2067926406393286,3,5,10.390230830528242,3.046417347755131e-08,5.66401251767957e-08,-46.2145018527751
3P->5P,1.264855216855296,3,5,10.551345742556006,3.152139626709662e-08,5.8288940767532474e-08,-45.92216662023415
3P->5P,1.3257113655901092,3,5,10.714958964323095,3.256821087067836e-08,5.988449791027883e-08,-45.61495544393933
3P->5P,1.3894954943731377,3,5,10.881109235580375,3.360308301754963e-08,6.14246418605806e-08,-45.29380717624585
3P->5P,1.4563484775012439,3,5,11.049835896792182,3.4624481901138696e-08,6.290757714219045e-08,-44.95975926258179
3P->5P,1.5264179671752334,3,5,11.221178898451216,3.5630879294831484e-08,6.433185132791354e-08,-44.613937638428766
3P->5P,1.599858719606058,3,5,11.39517881053785,3.662075041314016e-08,6.569633726876198e-08,-44.25754625661148
3P->5P,1.676832936811008,3,5,11.571876832126183,3.7592576403268126e-08,6.700021417095555e-08,-43.89185636429737
3P->5P,1.7575106248547918,3,5,11.751314801138983,3.854484830993731e-08,6.824294788195539e-08,-43.51819564329045
3P->5P,1.842069969326716,3,5,11.933535204253916,3.947607232521099e-08,6.942427070789407e-08,-43.13793731977618
3P->5P,1.93069772888325,3,5,12.118581186963409,4.038477611388685e-08,7.054416104637441e-08,-42.75248934162155
3P->5P,2.023589647725157,3,5,12.306496563790477,4.1269515992675696e-08,7.160282308137362e-08,-42.3632837133047
3P->5P,2.120950887920191,3,5,12.49732582866296,4.212888473668404e-08,7.260066675146714e-08,-41.97176607082237
3P->5P,2.2229964825261948,3,5,12.691114165448637,4.2961519788665475e-08,7.353828816918363e-08,-41.57938557146264
3P->5P,2.329951810515372,3,5,12.88790745865371,4.376611165423387e-08,7.441645063830304e-08,-41.187585165870665
3P->5P,2.442053094548651,3,5,13.087752304287179,4.45414122789819e-08,7.523606638748503e-08,-40.79779231202465
3P->5P,2.5595479226995357,3,5,13.290696020893634,4.528624322050351e-08,7.59981791128492e-08,-40.41141018226468
3P->5P,2.6826957952797255,3,5,13.496786660757229,4.599950344892129e-08,7.670394739903016e-08,-40.02980940521594
3P->5P,2.8117686979742302,3,5,13.706073021279291,4.668017663280508e-08,7.735462906774875e-08,-39.654320374386856
3P->5P,2.9470517025518106,3,5,13.918604656532414,4.732733779234946e-08,7.795156648498216e-08,-39.286226144708245
3P->5P,3.088843596477481,3,5,14.102161029099086,4.7940159227253936e-08,7.831695523973603e-08,-38.78699819150998
3P->5P,3.237457542817644,3,5,14.268224922173022,4.851791565177064e-08,7.852005627055346e-08,-38.2095251121645
3P->5P,3.393221771895328,3,5,14.436244346496812,4.905998849273779e-08,7.867173961307869e-08,-37.63962925693094
3P->5P,3.5564803062231287,3,5,14.606242329968925,4.956586932713761e-08,7.87740923362789e-08,-37.07846341720352
3P->5P,3.72759372031494,3,5,14.77824217165921,5.003516245307088e-08,7.882920009634618e-08,-36.52712143226471
3P->5P,3.906939937054617,3,5,14.952267445002152,5.046758660161789e-08,7.88391380779492e-08,-35.98663324842545
3P->5P,4.094915062380425,3,5,15.128342001027724,5.086297580679126e-08,7.880596296676348e-08,-35.45796042332129
3P->5P,4.2919342601287775,3,5,15.306489971630297,5.122127945697042e-08,7.873170589005242e-08,-34.94199207559389
3P->5P,4.498432668969445,3,5,15.486735772876013,5.1542561554432764e-08,7.861836626117137e-08,-34.439541285801326
3P->5P,4.714866363457394,3,5,15.669104108349167,5.1826999210683234e-08,7.846790646389863e-08,-33.95134196102491
3P->5P,4.941713361323834,3,5,15.853619972537928,5.207488040517233e-08,7.828224731329537e-08,-33.47804618234562
3P->5P,5.17947467923121,3,5,16.036109818435694,5.228660103463039e-08,7.804282978463916e-08,-33.00268432229281
3P->5P,5.428675439323859,3,5,16.21928835989164,5.2462661280472414e-08,7.776528197903821e-08,-32.53716832838871
3P->5P,5.689866029018296,3,5,16.404559327654837,5.2603661323175594e-08,7.745822544572607e-08,-32.08770144103771
3P->5P,5.963623316594643,3,5,16.591946623257716,5.271029643554908e-08,7.712341146441987e-08,-31.654609884747565
3P->5P,6.250551925273971,3,5,16.78147442125703,5.2783351491441025e-08,7.67625342765404e-08,-31.23813330434522
3P->5P,6.551285568595508,3,5,16.973167172352575,5.2823694932373176e-08,7.637723008445137e-08,-30.838425439145567
3P->5P,6.866488450043,3,5,17.167049606541518,5.283227224131998e-08,7.596907644621187e-08,-30.455555453900196
3P->5P,7.196856730011519,3,5,17.363146736308806,5.281009897962443e-08,7.553959202175489e-08,-30.089509929553927
3P->5P,7.543120063354617,3,5,17.56148385985395,5.275825344908651e-08,7.509023662953379e-08,-29.740195507206412
3P->5P,7.906043210907698,3,5,17.76208656435477,5.267786904585325e-08,7.46224115757478e-08,-29.40744216986215
3P->5P,8.286427728546842,3,5,17.964980729268273,5.257012637536319e-08,7.413746022123508e-08,-29.09100713932252
3P->5P,8.685113737513525,3,5,18.17019252966942,5.243624519802489e-08,7.363666875399509e-08,-28.790579360395075
3P->5P,9.102981779915218,3,5,18.377748439627847,5.22774762736559e-08,7.312126713804449e-08,-28.505784541504077
3P->5P,9.54095476349994,3,5,18.587675235623294,5.209509316943159e-08,7.259243021192497e-08,-28.236190719409514
3P->5P,10.0,3,5,18.800000000000004,5.1890384091921074e-08,7.205127891264698e-08,-27.98131431527875
3P->5D,1.0,3,5,15.3,4.554371834170488e-08,7.762545313282636e-08,-41.328885689370246
3P->5D,1.0481131341546857,3,5,15.668770521303818,4.760123288883925e-08,8.117684801959182e-08,-41.36107270714574
3P->5D,1.0985411419875581,3,5,16.04642938884179,4.967338728795135e-08,8.471782256350337e-08,-41.366071760500176
3P->5D,1.1513953993264474,3,5,16.433190835298525,5.176065736086716e-08,8.824144183872322e-08,-41.34200860467706
3P->5D,1.2067926406393286,3,5,16.82927425693369,5.3864021267555045e-08,9.174119575348145e-08,-41.28698582445609
3P->5D,1.264855216855296,3,5,17.234904338037897,5.5984947359177156e-08,9.521101313571585e-08,-41.19908452252788
3P->5D,1.3257113655901092,3,5,17.6503111783882,5.812537594304408e-08,9.864527026163301e-08,-41.0763680925802
3P->5D,1.3894954943731377,3,5,18.075730423775695,6.028769502071026e-08,1.020387943554729e-07,-40.916888129150365
3P->5D,1.4563484775012439,3,5,18.51140339967916,6.2474710103086e-08,1.0538686259708032e-07,-40.71869247883196
3P->5D,1.5264179671752334,3,5,18.95757724816053,6.46896082637263e-08,1.0868519717072057e-07,-40.47983538907039
3P->5D,1.599858719606058,3,5,19.414505068059967,6.693591666102653e-08,1.1192995687596015e-07,-40.19838966327454
3P->5D,1.676832936811008,3,5,19.88244605857004,6.921745583862072e-08,1.1511772580126072e-07,-39.8724606859262
3P->5D,1.7575106248547918,3,5,20.361665666270284,7.153828819697665e-08,1.1824549953494598e-07,-39.50020214018005
3P->5D,1.842069969326716,3,5,20.85243573570587,7.390266211392851e-08,1.213106693579421e-07,-39.079833204225764
3P->5D,1.93069772888325,3,5,21.355034663595454,7.631495227372227e-08,1.243110048295239e-07,-38.60965698219708
3P->5D,2.023589647725157,3,5,21.86974755675591,7.877959683952221e-08,1.2724463514239823e-07,-38.08807990108131
3P->5D,2.120950887920191,3,5,22.396866393833545,8.130103217032005e-08,1.301100295878102e-07,-37.513631786971004
3P->5D,2.2229964825261948,3,5,22.936690190933277,8.388362583764589e-08,1.32905977435789e-07,-36.88498632187355
3P->5D,2.329951810515372,3,5,23.489525171240103,8.653160873904777e-08,1.3563156750082416e-07,-36.20098157567784
3P->5D,2.442053094548651,3,5,24.05568493872882,8.924900713338717e-08,1.3828616762969818e-07,-35.460640306138515
3P->5D,2.5595479226995357,3,5,24.635490656060533,9.203957543762775e-08,1.4086940431629295e-07,-34.663189722182665
3P->5D,2.6826957952797255,3,5,25.229271226767118,9.490673062648509e-08,1.4338114261822655e-07,-33.80808041180961
3P->5D,2.8117686979742302,3,5,25.837363481826614,9.785348906583704e-08,1.4582146652234506e-07,-32.89500414478249
3P->5D,2.9470517025518106,3,5,26.460112370735715,1.0088240658906061e-07,1.4819065988051189e-07,-31.92391027180562
3P->5D,3.088843596477481,3,5,27.14246345516599,1.0399552259327948e-07,1.5073683325045728e-07,-31.00855288601866
3P->5D,3.237457542817644,3,5,27.870357739586506,1.0719430889056495e-07,1.533745136433903e-07,-30.109438430037027
3P->5D,3.393221771895328,3,5,28.617772363056833,1.1047962399790356e-07,1.5595537742467676e-07,-29.159464827519045
3P->5D,3.5564803062231287,3,5,29.38523081318332,1.1385167348954237e-07,1.5847983575153346e-07,-28.16015176338247
3P->5D,3.72759372031494,3,5,30.17327061622569,1.1730997696635485e-07,1.6094842399653343e-07,-27.11331117545984
3P->5D,3.906939937054617,3,5,30.982443713579322,1.2085334211935462e-07,1.633617889000258e-07,-26.021046333353702
3P->5D,4.094915062380425,3,5,31.81331684835377,1.244798462787639e-07,1.6572067641192702e-07,-24.885748131181895
3P->5D,4.2919342601287775,3,5,32.6664719623185,1.2818682574670693e-07,1.680259202318591e-07,-23.710088556681118
3P->5D,4.498432668969445,3,5,33.5425066034936,1.319708731115616e-07,1.7027843104870745e-07,-22.497011336795868
3P->5D,4.714866363457394,3,5,34.44203434467117,1.3582784263655108e-07,1.724791864739723e-07,-21.249719799062262
3P->5D,4.941713361323834,3,5,35.3656852131604,1.3975286370594037e-07,1.7462922165766907e-07,-19.97166202807562
3P->5D,5.17947467923121,3,5,36.296482785982406,1.4374036220119108e-07,1.7664385314890762e-07,-18.627022883145262
3P->5D,5.428675439323859,3,5,37.245766215030294,1.4778408956878307e-07,1.785791982957578e-07,-17.244510570583227
3P->5D,5.689866029018296,3,5,38.219876816285975,1.518771592334063e-07,1.8046469739379325e-07,-15.8410695128953
3P->5D,5.963623316594643,3,5,39.2194639095005,1.56012089907075e-07,1.8230162627611472e-07,-14.420900628292532
3P->5D,6.250551925273971,3,5,40.245193796469266,1.6018085524848124e-07,1.840912777219533e-07,-12.988351631512785
3P->5D,6.551285568595508,3,5,41.29775020517351,1.6437493923940767e-07,1.858349556898605e-07,-11.547890100002167
3P->5D,6.866488450043,3,5,42.37783474553758,1.6858539656778922e-07,1.8753397008778497e-07,-10.1040752836011
3P->5D,7.196856730011519,3,5,43.48616737710608,1.7280291724131059e-07,1.891896320490738e-07,-8.661528980358014
3P->5D,7.543120063354617,3,5,44.62348688895231,1.7701789460224425e-07,1.9080324968360585e-07,-7.224905814875148
3P->5D,7.906043210907698,3,5,45.790551392138184,1.8122049587440508e-07,1.9237612427370205e-07,-5.7988632640427635
3P->5D,8.286427728546842,3,5,46.988138825053575,1.854007343473001e-07,1.9390954688511765e-07,-4.388031777960178
3P->5D,8.685113737513525,3,5,48.21704747197215,1.8954854229136446e-07,1.9540479536426058e-07,-2.9969853411116576
3P->5D,9.102981779915218,3,5,49.47809649516936,1.936538437020803e-07,1.968631316937585e-07,-1.6302128103247826
3P->5D,9.54095476349994,3,5,50.77212648095729,1.9770662599007008e-07,1.9828579967958157e-07,-0.2920903516274942
3P->5D,10.0,3,5,52.10000000000001,2.0169700976900725e-07,1.9967402294409082e-07,1.0131447221268575
3P->5F,1.0,3,5,12.500000000000002,3.412515249427304e-08,6.341948785361631e-08,-46.19137799876265
3P->5F,1.0481131341546857,3,5,12.649326029410052,3.534495783890384e-08,6.553369425147741e-08,-46.06597683434119
3P->5F,1.0985411419875581,3,5,12.800435919864844,3.653137521249537e-08,6.75804587248975e-08,-45.94387800591127
3P->5F,1.1513953993264474,3,5,12.953350981515339,3.76818840332014e-08,6.955571676297581e-08,-45.824892924891415
3P->5F,1.2067926406393286,3,5,13.108092779085293,3.8794273234320926e-08,7.145596935681329e-08,-45.708841985471
3P->5F,1.264855216855296,3,5,13.264683134912435,3.98666392458429e-08,7.327826690699438e-08,-45.595548409404806
3P->5F,1.3257113655901092,3,5,13.423144132025948,4.08973815892201e-08,7.502018900867166e-08,-45.484832643526495
3P->5F,1.3894954943731377,3,5,13.583498117260687,4.1885196271277254e-08,7.667982087141555e-08,-45.37650741058123
3P->5F,1.4563484775012439,3,5,13.745767704408633,4.2829067151842757e-08,7.825572708231318e-08,-45.27037349382358
3P->5F,1.5264179671752334,3,5,13.909975777408011,4.372825545453584e-08,7.97469233656547e-08,-45.16621631403442
3P->5F,1.599858719606058,3,5,14.076145493570435,4.458228759037769e-08,8.115284693335316e-08,-45.0638033352164
3P->5F,1.676832936811008,3,5,14.24430028684667,4.539094146830093e-08,8.247332595906804e-08,-44.96288231321155
3P->5F,1.7575106248547918,3,5,14.414463871131408,4.6154231473745e-08,8.37085486475613e-08,-44.863180380693855
3P->5F,1.842069969326716,3,5,14.58666024360746,4.687239230481044e-08,8.485903231050068e-08,-44.764403943114104
3P->5F,1.93069772888325,3,5,14.760913688129959,4.754586186345627e-08,8.592559280184128e-08,-44.66623934372505
3P->5F,2.023589647725157,3,5,14.93724877865099,4.817526340570715e-08,8.69093146108825e-08,-44.56835424211849
3P->5F,2.120950887920191,3,5,15.115690382685074,4.8761387158801165e-08,8.781152185971958e-08,-44.470399639926164
3P->5F,2.2229964825261948,3,5,15.296263664816117,4.930517161395842e-08,8.863375040447412e-08,-44.37201247949274
3P->5F,2.329951810515372,3,5,15.478994090246205,4.980768470059656e-08,8.937772119662003e-08,-44.27281873630928
3P->5F,2.442053094548651,3,5,15.663907428386851,5.027010504125159e-08,9.00453150220067e-08,-44.17243692360253
3P->5F,2.5595479226995357,3,5,15.851029756493057,5.0693703476327435e-08,9.063854870078234e-08,-44.070481927420936
3P->5F,2.6826957952797255,3,5,16.04038746334086,5.1079825034449636e-08,9.115955280122442e-08,-43.96656909251144
3P->5F,2.8117686979742302,3,5,16.232007252948815,5.1429871508155526e-08,9.161055089429739e-08,-43.86031848286053
3P->5F,2.9470517025518106,3,5,16.425916148343852,5.1745284776543794e-08,9.199384035334503e-08,-43.751359245584254
3P->5F,3.088843596477481,3,5,16.597894789136646,5.2027530997022256e-08,9.217711956290902e-08,-43.55700064861051
3P->5F,3.237457542817644,3,5,16.75674247272824,5.227808576813689e-08,9.221471970385859e-08,-43.308307029480254
3P->5F,3.393221771895328,3,5,16.917110384451348,5.24984203453113e-08,9.219146415280993e-08,-43.05500967172655
3P->5F,3.5564803062231287,3,5,17.07901307342322,5.268998897178169e-08,9.21101897712536e-08,-42.79678599877822
3P->5F,3.72759372031494,3,5,17.242465228001247,5.2854217368584016e-08,9.197370876889602e-08,-42.53334123842745
3P->5F,3.906939937054617,3,5,17.407481677115584,5.29924924105422e-08,9.178479829761291e-08,-42.264412633218804
3P->5F,4.094915062380425,3,5,17.574077391614434,5.310615300008429e-08,9.154619138068919e-08,-41.9897734693892
3P->5F,4.2919342601287775,3,5,17.74226748562229,5.319648213753698e-08,9.126056908472739e-08,-41.70923689052527
3P->5F,4.498432668969445,3,5,17.91206721791112,5.3264700175347796e-08,9.093055384200823e-08,-41.42265946395183
3P->5F,4.714866363457394,3,5,18.083491993284706,5.331195923439391e-08,9.055870383257165e-08,-41.1299444689943
3P->5F,4.941713361323834,3,5,18.256557363976206,5.333933875299652e-08,9.014750833764066e-08,-40.83104487678343
3P->5F,5.17947467923121,3,5,18.401424837298,5.334784213324403e-08,8.955409277137072e-08,-40.42947621674903
3P->5F,5.428675439323859,3,5,18.537447401108036,5.333839444444933e-08,8.887996762444801e-08,-39.98828322055142
3P->5F,5.689866029018296,3,5,18.674475438028402,5.331184113970718e-08,8.817620148570401e-08,-39.5394219285454
3P->5F,5.963623316594643,3,5,18.812516380474314,5.326894773824026e-08,8.744516086248039e-08,-39.08302390567609
3P->5F,6.250551925273971,3,5,18.95157771580112,5.3210400423194945e-08,8.668911309491075e-08,-38.61928156429742
3P->5F,6.551285568595508,3,5,19.09166698671038,5.313680750146644e-08,8.591022684999529e-08,-38.14844931762702
3P->5F,6.866488450043,3,5,19.23279179165897,5.304870166875007e-08,8.511057306771363e-08,-37.67084422455393
3P->5F,7.196856730011519,3,5,19.374959785271276,5.294654301916217e-08,8.429212629740399e-08,-37.18684609716293
3P->5F,7.543120063354617,3,5,19.518178678754307,5.2830722734384026e-08,8.345676636788315e-08,-36.69689704786479
3P->5F,7.906043210907698,3,5,19.662456240316033,5.270156738241238e-08,8.26062803398061e-08,-36.201500460229916
3P->5F,8.286427728546842,3,5,19.80780029558666,5.255934375082677e-08,8.174236469353773e-08,-35.70121937641727
3P->5F,8.685113737513525,3,5,19.954218728043152,5.240426413430516e-08,8.086662771032353e-08,-35.196674304231955
3P->5F,9.102981779915218,3,5,20.101719479436774,5.223649199132518e-08,7.998059200878332e-08,-34.688540457929264
3P->5F,9.54095476349994,3,5,20.250310550223915,5.2056147881025184e-08,7.908569720271658e-08,-34.177544458396625
3P->5F,10.0,3,5,20.4,5.186331558852438e-08,7.818330264989351e-08,-33.66446052967421
3P->5G,1.0,3,5,18.600000000000005,5.339891954182099e-08,9.436819792618108e-08,-43.41428498656724
3P->5G,1.0481131341546857,3,5,18.82703629690815,5.6019494325405487e-08,9.753920781821996e-08,-42.567203918851945
3P->5G,1.0985411419875581,3,5,19.056843856188,5.863822981978465e-08,1.0061143680671837e-07,-41.71812700336165
3P->5G,1.1513953993264474,3,5,19.289456504567877,6.124809176703516e-08,1.0357875541688655e-07,-40.868094504010784
3P->5G,1.2067926406393286,3,5,19.52490848167368,6.384210247737674e-08,1.0643587024247596e-07,-40.0182454167609
3P->5G,1.264855216855296,3,5,19.763234445068825,6.641336603488222e-08,1.0917830104811009e-07,-39.16981176908334
3P->5G,1.3257113655901092,3,5,20.004469475355698,6.895509369096927e-08,1.1180235169186711e-07,-38.32411157055715
3P->5G,1.3894954943731377,3,5,20.248649081339398,7.146062958685673e-08,1.1430507598571195e-07,-37.48254049908575
3P->5G,1.4563484775012439,3,5,20.495809205254446,7.392347683818157e-08,1.1668423954110152e-07,-36.64656244158634
3P->5G,1.5264179671752334,3,5,20.745986228055354,7.63373239103159e-08,1.1893827856700589e-07,-35.81769903680758
3P->5G,1.599858719606058,3,5,20.999216974771752,7.86960711178185e-08,1.210662565012792e-07,-34.99751839028161
3P->5G,1.676832936811008,3,5,21.255538719928897,8.099385700079596e-08,1.2306781926684312e-07,-34.18762314689256
3P->5G,1.7575106248547918,3,5,21.514989193034296,8.322508426815146e-08,1.249431498540712e-07,-33.38963811513064
3P->5G,1.842069969326716,3,5,21.777606584131348,8.538444495465664e-08,1.266929228421608e-07,-32.60519763915144
3P->5G,1.93069772888325,3,5,22.043429549420793,8.746694441597672e-08,1.2831825938679864e-07,-31.835932910904717
3P->5G,2.023589647725157,3,5,22.312497216950696,8.946792378243392e-08,1.298206831203047e-07,-31.083459405675683
3P->5G,2.120950887920191,3,5,22.584849192375955,9.138308050662342e-08,1.3120207733459173e-07,-30.349364611371087
3P->5G,2.2229964825261948,3,5,22.860525564788098,9.320848666945913e-08,1.3246464374729293e-07,-29.635196205807212
3P->5G,2.329951810515372,3,5,23.139566912616246,9.49406047508076e-08,1.336108630876448e-07,-28.94245081814242
3P->5G,2.442053094548651,3,5,23.422014309600048,9.657630062133122e-08,1.3464345768130506e-07,-28.272563491407855
3P->5G,2.5595479226995357,3,5,23.70790933083559,9.811285356828222e-08,1.3556535616220393e-07,-27.62689794368245
3P->5G,2.6826957952797255,3,5,23.997294058895108,9.954796322674205e-08,1.363796603946082e-07,-27.006737706557825
3P->5G,2.8117686979742302,3,5,24.290211090021316,1.0087975334651716e-07,1.3708961464956052e-07,-26.41327820171201
3P->5G,2.9470517025518106,3,5,24.58670354039743,1.021067723813487e-07,1.3769857704639466e-07,-25.847619800060862
3P->5G,3.088843596477481,3,5,24.907749847617367,1.0322799093954415e-07,1.3832625552305236e-07,-25.373537692313963
3P->5G,3.237457542817644,3,5,25.24593729637643,1.042427961823735e-07,1.3893195740374126e-07,-24.968453529060852
3P->5G,3.393221771895328,3,5,25.58871651882833,1.0515098329786449e-07,1.3944823838415155e-07,-24.59497192915776
3P->5G,3.5564803062231287,3,5,25.9361498602367,1.059527442126902e-07,1.3987832173274642e-07,-24.25363494485938
3P->5G,3.72759372031494,3,5,26.28830051236416,1.0664865373375878e-07,1.4022545287937793e-07,-23.944867679979566
3P->5G,3.906939937054617,3,5,26.645232524965788,1.072396533342621e-07,1.404928833624497e-07,-23.668978265895124
3P->5G,4.094915062380425,3,5,27.00701081743857,1.0772703281690009e-07,1.406838564449072e-07,-23.426158808003137
3P->5G,4.2919342601287775,3,5,27.37370119062905,1.0811241010046173e-07,1.4080159430785786e-07,-23.216487262155816
3P->5G,4.498432668969445,3,5,27.745370338801308,1.0839770938562165e-07,1.4084928672755662e-07,-23.039930194822876
3P->5G,4.714866363457394,3,5,28.122085861767435,1.0858513796236565e-07,1.4083008114006206e-07,-22.896346374768694
3P->5G,4.941713361323834,3,5,28.503916277182665,1.0867716192542106e-07,1.4074707399780525e-07,-22.785491137729995
3P->5G,5.17947467923121,3,5,28.835408612203587,1.0867648106580834e-07,1.4033309272461983e-07,-22.558194253533827
3P->5G,5.428675439323859,3,5,29.152104201064375,1.085860032063251e-07,1.3977318567713174e-07,-22.312707777046224
3P->5G,5.689866029018296,3,5,29.472278016897867,1.084088182464098e-07,1.3916072412768348e-07,-22.098121487969568
3P->5G,5.963623316594643,3,5,29.79596826062412,1.081481721772222e-07,1.384989219362447e-07,-21.914069318888895
3P->5G,6.250551925273971,3,5,30.123213552718987,1.0780744132062458e-07,1.3779088504470815e-07,-21.760106783808688
3P->5G,6.551285568595508,3,5,30.45405293782207,1.0739010703568628e-07,1.3703960990998136e-07,-21.6357175080776
3P->5G,6.866488450043,3,5,30.788525889395206,1.0689973112303269e-07,1.362479826508085e-07,-21.540320052292284
3P->5G,7.196856730011519,3,5,31.126672314432202,1.0633993214056885e-07,1.3541877882712166e-07,-21.473274931592346
3P->5G,7.543120063354617,3,5,31.46853255822025,1.05714362823761e-07,1.345546637766063e-07,-21.433891730967623
3P->5G,7.906043210907698,3,5,31.81414740915365,1.0502668877990777e-07,1.3365819343892014e-07,-21.421436219019796
3P->5G,8.286427728546842,3,5,32.1635581036004,1.0428056859908032e-07,1.327318156035774e-07,-21.435137367118383
3P->5G,8.685113737513525,3,5,32.51680633082223,1.0347963549531907e-07,1.3177787152286877e-07,-21.474194187936035
3P->5G,9.102981779915218,3,5,32.87393423794867,1.0262748056112316e-07,1.3079859783629887e-07,-21.537782316621843
3P->5G,9.54095476349994,3,5,33.234984435005764,1.0172763768729216e-07,1.297961287578773e-07,-21.625060268896245
3P->5G,10.0,3,5,33.60000000000001,1.0078357016989862e-07,1.287724984821776e-07,-21.73517532251089
3D->4S,1.0,3,4,4.27,1.6887825675081152e-08,1.765397998345839e-08,-4.3398390000165215
3D->4S,1.0481131341546857,3,4,4.27339156883306,1.7009906565598175e-08,1.778971324785679e-08,-4.383469656839811
3D->4S,1.0985411419875581,3,4,4.276785831516038,1.710763831305366e-08,1.7901523280510565e-08,-4.4347341565128655
3D->4S,1.1513953993264474,3,4,4.280182790188601,1.718213272200747e-08,1.799009822134533e-08,-4.4911678046271275
3D->4S,1.2067926406393286,3,4,4.283582446992114,1.723458757898643e-08,1.8056189243448933e-08,-4.550249520455118
3D->4S,1.264855216855296,3,4,4.286984804069647,1.7266267172668582e-08,1.8100599967655795e-08,-4.609420662729924
3D->4S,1.3257113655901092,3,4,4.2903898635659665,1.7278483405038644e-08,1.8124176531139815e-08,-4.666105103578932
3D->4S,1.3894954943731377,3,4,4.293797627627547,1.7272577691108677e-08,1.812779834439723e-08,-4.717730399692344
3D->4S,1.4563484775012439,3,4,4.2972080984025665,1.724990382512703e-08,1.811236955595739e-08,-4.761749853688713
3D->4S,1.5264179671752334,3,4,4.300621278040907,1.7211811971340655e-08,1.8078811231232267e-08,-4.7956652060939575
3D->4S,1.599858719606058,3,4,4.304037168694163,1.7159633916865234e-08,1.802805424098892e-08,-4.817049652253813
3D->4S,1.676832936811008,3,4,4.307455772515632,1.7094669702694568e-08,1.796103284586233e-08,-4.8235708414026135
3D->4S,1.7575106248547918,3,4,4.310877091660328,1.7018175726148154e-08,1.787867895596304e-08,-4.813013489052464
3D->4S,1.842069969326716,3,4,4.314301128284971,1.6931354384111682e-08,1.7781917038810418e-08,-4.783301220235792
3D->4S,1.93069772888325,3,4,4.317727884547999,1.683534530147234e-08,1.7671659644372117e-08,-4.732517260573877
3D->4S,2.023589647725157,3,4,4.321157362609561,1.6731218163581633e-08,1.7548803512749132e-08,-4.6589236045268105
3D->4S,2.120950887920191,3,4,4.324589564631522,1.661996714593648e-08,1.7414226227856444e-08,-4.560978314669173
3D->4S,2.2229964825261948,3,4,4.328024492777467,1.650250690919995e-08,1.726878337916229e-08,-4.437350640966287
3D->4S,2.329951810515372,3,4,4.331462149212695,1.637967010387255e-08,1.711330619302534e-08,-4.2869336928698765
3D->4S,2.442053094548651,3,4,4.334902536104229,1.6252206307037712e-08,1.694859959528241e-08,-4.108854447411314
3D->4S,2.5595479226995357,3,4,4.33834565562081,1.612078229423139e-08,1.677544066737313e-08,-3.9024809310374775
3D->4S,2.6826957952797255,3,4,4.341791509932906,1.598598353309364e-08,1.6594577459340202e-08,-3.667426469506252
3D->4S,2.8117686979742302,3,4,4.3452401012127035,1.5848316772370876e-08,1.640672812442268e-08,-3.4035509567600264
3D->4S,2.9470517025518106,3,4,4.348691431634117,1.5708213590210413e-08,1.621258034158539e-08,-3.1109591486882193
3D->4S,3.088843596477481,3,4,4.361732910940055,1.556603475952769e-08,1.604806581512022e-08,-3.003670729829433
3D->4S,3.237457542817644,3,4,4.380691244229964,1.542207528539668e-08,1.5899042456079308e-08,-2.9999741934159774
3D->4S,3.393221771895328,3,4,4.3997319801814925,1.52765699696718e-08,1.5744297416060185e-08,-2.970773696838791
3D->4S,3.5564803062231287,3,4,4.418855476958964,1.5129699361074155e-08,1.5584348102580383e-08,-2.91734205700237
3D->4S,3.72759372031494,3,4,4.4380620942834685,1.4981595954404228e-08,1.5419689086725144e-08,-2.8411281826562385
3D->4S,3.906939937054617,3,4,4.457352193439633,1.4832350510000833e-08,1.525079219141209e-08,-2.743737349243325
3D->4S,4.094915062380425,3,4,4.476726137282408,1.4682018373688762e-08,1.5078106695289078e-08,-2.6269101924054405
3D->4S,4.2919342601287775,3,4,4.496184290243901,1.4530625687905201e-08,1.4902059636414518e-08,-2.4925007520550047
3D->4S,4.498432668969445,3,4,4.515727018340227,1.4378175396163547e-08,1.4723056201195435e-08,-2.3424539057582683
3D->4S,4.714866363457394,3,4,4.535354689178397,1.4224652955226909e-08,1.4541480185337491e-08,-2.178782531575063
3D->4S,4.941713361323834,3,4,4.555067671963228,1.4070031682077714e-08,1.4357694514783238e-08,-2.0035447363038417
3D->4S,5.17947467923121,3,4,4.578135941996918,1.3914277675754784e-08,1.4182170411492272e-08,-1.8889403241157399
3D->4S,5.428675439323859,3,4,4.602414201850175,1.3757354267169682e-08,1.4008169003023512e-08,-1.7904890767643789
3D->4S,5.689866029018296,3,4,4.626821211462937,1.3599225962895906e-08,1.383257982113172e-08,-1.686987252221206
3D->4S,5.963623316594643,3,4,4.651357653606563,1.3439861861439428e-08,1.3655685334329346e-08,-1.5804660667403825
3D->4S,6.250551925273971,3,4,4.676024214673215,1.3279238532438047e-08,1.3477751306417403e-08,-1.4728923947783024
3D->4S,6.551285568595508,3,4,4.70082158469505,1.3117342360402283e-08,1.3299027406769038e-08,-1.366152883287397
3D->4S,6.866488450043,3,4,4.725750457363529,1.2954171364817621e-08,1.3119747828879954e-08,-1.2620399890450384
3D->4S,7.196856730011519,3,4,4.75081153004882,1.2789736517517701e-08,1.2940131912556034e-08,-1.1622400455779114
3D->4S,7.543120063354617,3,4,4.776005503819303,1.2624062586084378e-08,1.2760384765707122e-08,-1.0683234253962448
3D->4S,7.906043210907698,3,4,4.801333083461191,1.2457188538548179e-08,1.2580697882261089e-08,-0.9817368230983337
3D->4S,8.286427728546842,3,4,4.826794977498236,1.2289167549809627e-08,1.2401249753207306e-08,-0.9037976464322917
3D->4S,8.685113737513525,3,4,4.852391898211558,1.212006665398267e-08,1.2222206468226687e-08,-0.8356904664435505
3D->4S,9.102981779915218,3,4,4.878124561659563,1.1949966089322842e-08,1.2043722305768676e-08,-0.7784654450304518
3D->4S,9.54095476349994,3,4,4.903993687697981,1.1778958383625608e-08,1.1865940309798156e-08,-0.7330386290644197
3D->4S,10.0,3,4,4.93,1.1607147228076257e-08,1.1688992851758908e-08,-0.7001939749696762
3D->4P,1.0,3,4,15.499999999999998,6.347709210247316e-08,6.408353389779977e-08,-0.9463301388680678
3D->4P,1.0481131341546857,3,4,15.659788787136057,6.446925198983917e-08,6.519017683212834e-08,-1.1058795624157014
3D->4P,1.0985411419875581,3,4,15.821224829529816,6.539103436857929e-08,6.622356970155374e-08,-1.2571586471801344
3D->4P,1.1513953993264474,3,4,15.984325108659974,6.6243592091574e-08,6.718394816358727e-08,-1.399673728200057
3D->4P,1.2067926406393286,3,4,16.149106781066497,6.702834751632795e-08,6.807183747714564e-08,-1.5329246271162167
3D->4P,1.264855216855296,3,4,16.315587180155354,6.774695883524178e-08,6.888802509984532e-08,-1.6564072826150689
3D->4P,1.3257113655901092,3,4,16.48378381802178,6.840128689902101e-08,6.963353385574656e-08,-1.769617149229119
3D->4P,1.3894954943731377,3,4,16.653714387292403,6.899336278754527e-08,7.030959590539198e-08,-1.8720533106431514
3D->4P,1.4563484775012439,3,4,16.825396762986323,6.952535636909847e-08,7.091762770578964e-08,-1.9632232235223368
3D->4P,1.5264179671752334,3,4,16.99884900439539,6.999954607577917e-08,7.145920610769987e-08,-2.0426479825717214
3D->4P,1.599858719606058,3,4,17.17408935698386,7.041829010839773e-08,7.193604570130427e-08,-2.1098679780212404
3D->4P,1.676832936811008,3,4,17.35113625430764,7.078399926692243e-08,7.234997748906572e-08,-2.1644488035673093
3D->4P,1.7575106248547918,3,4,17.530008319953335,7.10991115818038e-08,7.270292893623093e-08,-2.2059872661167157
3D->4P,1.842069969326716,3,4,17.71072436949723,7.136606889706949e-08,7.29969054248259e-08,-2.234117348215381
3D->4P,1.93069772888325,3,4,17.893303412484517,7.158729552821343e-08,7.323397311593442e-08,-2.248515979208432
3D->4P,2.023589647725157,3,4,18.07776465442893,7.176517908726719e-08,7.341624320728517e-08,-2.2489084811331495
3D->4P,2.120950887920191,3,4,18.264127498832945,7.190205353497737e-08,7.354585755843647e-08,-2.235073569103485
3D->4P,2.2229964825261948,3,4,18.45241154922887,7.200018448680232e-08,7.362497564386353e-08,-2.2068478024639404
3D->4P,2.329951810515372,3,4,18.642636611240903,7.206175676660108e-08,7.365576278473528e-08,-2.16412940124292
3D->4P,2.442053094548651,3,4,18.834822694668546,7.208886417045388e-08,7.364037960285062e-08,-2.106881361508739
3D->4P,2.5595479226995357,3,4,19.02899001559137,7.208350137392972e-08,7.358097263481161e-08,-2.0351338223183912
3D->4P,2.6826957952797255,3,4,19.225158998495594,7.20475578900093e-08,7.347966604080361e-08,-1.948985655431612
3D->4P,2.8117686979742302,3,4,19.423350278422525,7.19828139622798e-08,7.333855434008585e-08,-1.8486052663640007
3D->4P,2.9470517025518106,3,4,19.623584703139166,7.18909382592411e-08,7.315969610425964e-08,-1.7342306113607209
3D->4P,3.088843596477481,3,4,19.819515563535163,7.177348722070782e-08,7.292167968140476e-08,-1.574555695526203
3D->4P,3.237457542817644,3,4,20.013479586412846,7.163190589632014e-08,7.263583391259673e-08,-1.3821387629205484
3D->4P,3.393221771895328,3,4,20.2093418414673,7.146753010892419e-08,7.231847075415838e-08,-1.1766574104240868
3D->4P,3.5564803062231287,3,4,20.4071209057797,7.128158977182265e-08,7.197150430137721e-08,-0.9585940105761526
3D->4P,3.72759372031494,3,4,20.60683553823614,7.107521318833592e-08,7.15967893892618e-08,-0.7284910473989936
3D->4P,3.906939937054617,3,4,20.808504681306857,7.084943216445984e-08,7.119611978961616e-08,-0.4869473591830209
3D->4P,4.094915062380425,3,4,21.012147462842908,7.060518777035008e-08,7.077122692482153e-08,-0.234613926713223
3D->4P,4.2919342601287775,3,4,21.217783197890355,7.034333659360503e-08,7.03237790438354e-08,0.027810720691556767
3D->4P,4.498432668969445,3,4,21.425431390522316,7.006465733656555e-08,6.985538080941415e-08,0.2995854073466031
3D->4P,4.714866363457394,3,4,21.635111735688838,6.976985762079515e-08,6.936757324906698e-08,0.5799314476286455
3D->4P,4.941713361323834,3,4,21.846844121084924,6.94595808742408e-08,6.88618340257136e-08,0.8680379443626096
3D->4P,5.17947467923121,3,4,22.056948888024277,6.913441318995853e-08,6.832811691281706e-08,1.1800358528397004
3D->4P,5.428675439323859,3,4,22.267832416910462,6.879489005936723e-08,6.777563820781069e-08,1.5038616802564908
3D->4P,5.689866029018296,3,4,22.480732174921602,6.844150289737405e-08,6.720953934348457e-08,1.833018892739835
3D->4P,5.963623316594643,3,4,22.695667438953823,6.807470529100461e-08,6.663106045148532e-08,2.1666244387186673
3D->4P,6.250551925273971,3,4,22.91265767020709,6.769491891697707e-08,6.604138209530415e-08,2.5037889414347925
3D->4P,6.551285568595508,3,4,23.13172251594728,6.730253908661527e-08,6.544162678008036e-08,2.8436217100601624
3D->4P,6.866488450043,3,4,23.352881811285158,6.689793988830318e-08,6.483286055959641e-08,3.185235559378863
3D->4P,7.196856730011519,3,4,23.576155580972312,6.648147890809919e-08,6.421609471963012e-08,3.527751412414326
3D->4P,7.543120063354617,3,4,23.801564041214274,6.605350151803552e-08,6.35922875190648e-08,3.8703026656068396
3D->4P,7.906043210907698,3,4,24.029127601501028,6.561434472898535e-08,6.296234597222751e-08,4.212039300326631
3D->4P,8.286427728546842,3,4,24.25886686645495,6.516434061087082e-08,6.232712765783168e-08,4.552131727640463
3D->4P,8.685113737513525,3,4,24.490802637696447,6.470381928756164e-08,6.16874425416548e-08,4.889774355404697
3D->4P,9.102981779915218,3,4,24.72495591572742,6.42331115173107e-08,6.104405480168532e-08,5.224188868163693
3D->4P,9.54095476349994,3,4,24.96134790183277,6.375255087223615e-08,6.039768464593797e-08,5.554627211233343
3D->4P,10.0,3,4,25.199999999999996,6.326247553245668e-08,5.974901011446743e-08,5.880374271068467
3D->4D,1.0,3,4,46.099999999999994,1.7776793078256682e-07,1.905968330766819e-07,-6.730910523027256
3D->4D,1.0481131341546857,3,4,47.274213245180505,1.826507676063714e-07,1.9679794938132615e-07,-7.188683530204076
3D->4D,1.0985411419875581,3,4,48.47833487962692,1.8742904991574325e-07,2.029178160039867e-07,-7.633024242651587
3D->4D,1.1513953993264474,3,4,49.71312670001638,1.920966785411373e-07,2.0894996220104692e-07,-8.06570313886622
3D->4D,1.2067926406393286,3,4,50.97936990675165,1.9664785191055376e-07,2.1488862697027196e-07,-8.488478574643999
3D->4D,1.264855216855296,3,4,52.277865598193415,2.010770588422881e-07,2.2072873490418854e-07,-8.903089156212774
3D->4D,1.3257113655901092,3,4,53.60943527748117,2.053790724773857e-07,2.2646586897728063e-07,-9.31124703034627
3D->4D,1.3894954943731377,3,4,54.97492137226352,2.0954894519379627e-07,2.32096240918118e-07,-9.714632014344538
3D->4D,1.4563484775012439,3,4,56.37518776766629,2.1358200443974518e-07,2.3761665975963258e-07,-10.114886449544525
3D->4D,1.5264179671752334,3,4,57.811120352836205,2.174738495204016e-07,2.4302449910239085e-07,-10.513610634467053
3D->4D,1.599858719606058,3,4,59.2836275814051,2.2122034945542054e-07,2.4831766356804495e-07,-10.91235867930881
3D->4D,1.676832936811008,3,4,60.793641046230114,2.2481764208372624e-07,2.5349455486415924e-07,-11.312634622783191
3D->4D,1.7575106248547918,3,4,62.34211606877315,2.2826213461786222e-07,2.585540378279946e-07,-11.71588866474571
3D->4D,1.842069969326716,3,4,63.93003230349193,2.3155050583936935e-07,2.6349540676616286e-07,-12.123513392073203
3D->4D,1.93069772888325,3,4,65.55839435762591,2.3467971007939675e-07,2.683183523597089e-07,-12.536839908444286
3D->4D,2.023589647725157,3,4,67.22823242676893,2.3764698304964246e-07,2.7302292936037104e-07,-12.957133817883415
3D->4D,2.120950887920191,3,4,68.94060294662981,2.404498494858076e-07,2.7760952526363756e-07,-13.385591053671709
3D->4D,2.2229964825261948,3,4,70.69658926139478,2.430861324494768e-07,2.8207883010781505e-07,-13.823333584953756
3D->4D,2.329951810515372,3,4,72.4973023091131,2.455539640163326e-07,2.864318075155487e-07,-14.27140506977288
3D->4D,2.442053094548651,3,4,74.3438813245408,2.4785179697031583e-07,2.906696670650451e-07,-14.730766552654295
3D->4D,2.5595479226995357,3,4,76.23749455988582,2.499784170347741e-07,2.9479383805243045e-07,-15.202292325284539
3D->4D,2.6826957952797255,3,4,78.1793400239117,2.519329551103742e-07,2.98805944684098e-07,-15.68676607932905
3D->4D,2.8117686979742302,3,4,80.17064623986722,2.53714898960091e-07,3.027077827183074e-07,-16.184877480936134
3D->4D,2.9470517025518106,3,4,82.21267302272047,2.5532410378507947e-07,3.065012975584902e-07,-16.69721928783825
3D->4D,3.088843596477481,3,4,84.21318194618962,2.5676080116968116e-07,3.0984443888882553e-07,-17.132351288767577
3D->4D,3.237457542817644,3,4,86.20396557227875,2.58025605934542e-07,3.1286398244142296e-07,-17.52786500988437
3D->4D,3.393221771895328,3,4,88.24181094516706,2.5911952051729193e-07,3.1577044290665066e-07,-17.94053992764171
3D->4D,3.5564803062231287,3,4,90.32783059561024,2.6004393659293686e-07,3.1856673355646235e-07,-18.37065543855758
3D->4D,3.72759372031494,3,4,92.46316335437947,2.6080063374349e-07,3.212558095426556e-07,-18.81839145110884
3D->4D,3.906939937054617,3,4,94.64897497398937,2.6139177508159904e-07,3.238406537816304e-07,-19.28382924465728
3D->4D,4.094915062380425,3,4,96.88645876512251,2.618198998205926e-07,3.26324264158821e-07,-19.766953126977505
3D->4D,4.2919342601287775,3,4,99.17683624809912,2.620879128597449e-07,3.287096419795367e-07,-20.267652849665797
3D->4D,4.498432668969445,3,4,101.52135781974806,2.621990715167881e-07,3.309997815924681e-07,-20.785726729085408
3D->4D,4.714866363457394,3,4,103.92130343604173,2.6215696958962655e-07,3.3319766111245467e-07,-21.320885412473466
3D->4D,4.941713361323834,3,4,106.37798331086829,2.6196551896699314e-07,3.3530623417014436e-07,-21.872756223773628
3D->4D,5.17947467923121,3,4,108.51273815142599,2.616289290355589e-07,3.3615125539716846e-07,-22.16928396520791
3D->4D,5.428675439323859,3,4,110.56174717290608,2.611516841511519e-07,3.3651200690390254e-07,-22.394542009394392
3D->4D,5.689866029018296,3,4,112.6494469328344,2.6053851945656527e-07,3.367825112075343e-07,-22.6389403290557
3D->4D,5.963623316594643,3,4,114.77656801522768,2.5979439533955887e-07,3.369667123651323e-07,-22.902059519146402
3D->4D,6.250551925273971,3,4,116.94385479947175,2.589244708328329e-07,3.370684409321897e-07,-23.183413399143326
3D->4D,6.551285568595508,3,4,119.15206572081452,2.579340762626818e-07,3.370914124359506e-07,-23.482454091976955
3D->4D,6.866488450043,3,4,121.40197353577761,2.5682868545353855e-07,3.370392264864434e-07,-23.79857735524774
3D->4D,7.196856730011519,3,4,123.69436559258092,2.556138877898616e-07,3.369153664556088e-07,-24.131128099335097
3D->4D,7.543120063354617,3,4,126.0300441066718,2.5429536042286706e-07,3.3672319966007644e-07,-24.479406028577966
3D->4D,7.906043210907698,3,4,128.40982644145865,2.52878840885927e-07,3.3646597798813817e-07,-24.84267134585535
3D->4D,8.286427728546842,3,4,130.83454539434393,2.513701003484449e-07,3.3614683891619485e-07,-25.22015046789886
3D->4D,8.685113737513525,3,4,133.30504948815982,2.497749176944669e-07,3.357688068645009e-07,-25.61104170845052
3D->4D,9.102981779915218,3,4,135.82220326810526,2.4809905456152955e-07,3.3533479484628353e-07,-26.014520898358484
3D->4D,9.54095476349994,3,4,138.38688760429156,2.463482314211163e-07,3.3484760636837104e-07,-26.429746924902663
3D->4D,10.0,3,4,141.00000000000003,2.445281047295698e-07,3.343099375452346e-07,-26.855867185676065
3D->4F,1.0,3,4,111.99999999999996,4.489105614341083e-07,4.6305521268087564e-07,-3.05463600439273
3D->4F,1.0481131341546857,3,4,117.25242154995794,4.729365858722562e-07,4.881104208197263e-07,-3.1086889974582754
3D->4F,1.0985411419875581,3,4,122.75116392258079,4.979337545834511e-07,5.138047368368926e-07,-3.088913183468711
3D->4F,1.1513953993264474,3,4,128.50777873212903,5.239415061271569e-07,5.401329043463688e-07,-2.997669293783456
3D->4F,1.2067926406393286,3,4,134.53435932453854,5.509985903117126e-07,5.670902525561913e-07,-2.8375839951303328
3D->4F,1.264855216855296,3,4,140.84356618280637,5.791425700203906e-07,5.946727515975619e-07,-2.611550896766357
3D->4F,1.3257113655901092,3,4,147.44865352380197,6.084093109722969e-07,6.228770602965901e-07,-2.3227295154206185
3D->4F,1.3894954943731377,3,4,154.3634971423797,6.388324648322638e-07,6.517005668660558e-07,-1.9745420961766236
3D->4F,1.4563484775012439,3,4,161.60262356128624,6.704429512699673e-07,6.811414230189041e-07,-1.5706682030172003
3D->4F,1.5264179671752334,3,4,169.18124054809917,7.032684447255315e-07,7.111985720184333e-07,-1.115037010042863
3D->4F,1.599858719606058,3,4,177.11526906330866,7.373328717592659e-07,7.418717711839462e-07,-0.6118172440281344
3D->4F,1.676832936811008,3,4,185.42137670665446,7.726559249371296e-07,7.731616093665061e-07,-0.0654047515099454
3D->4F,1.7575106248547918,3,4,194.117012731984,8.092525992196993e-07,8.050695198988038e-07,0.5195923106642075
3D->4F,1.842069969326716,3,4,203.22044470418905,8.471327567686168e-07,8.375977895072323e-07,1.1383706333554233
3D->4F,1.93069772888325,3,4,212.75079687522768,8.863007259487563e-07,8.707495636542529e-07,1.7859512015418355
3D->4F,2.023589647725157,3,4,222.7280903598543,9.267549400758341e-07,9.04528848756041e-07,2.457200933984538
3D->4F,2.120950887920191,3,4,233.1732851954533,9.684876211295183e-07,9.389405116950311e-07,3.1468563840266084
3D->4F,2.2229964825261948,3,4,244.10832437433814,1.0114845132162475e-06,9.739902770202444e-07,3.849549331304436
3D->4F,2.329951810515372,3,4,255.55617994101613,1.055724670023324e-06,1.009684722200659e-06,4.559834056151568
3D->4F,2.442053094548651,3,4,267.5409012512584,1.1011802998607031e-06,1.0460312712690577e-06,5.272216051890877
3D->4F,2.5595479226995357,3,4,280.0876654943592,1.1478166711487704e-06,1.0830381871661432e-06,5.98118189646899
3D->4F,2.6826957952797255,3,4,293.22283058471635,1.1955920803935634e-06,1.1207145630675982e-06,6.681229975366065
3D->4F,2.8117686979742302,3,4,306.9739905338489,1.2444578838141036e-06,1.1590703129505668e-06,7.366901723690211
3D->4F,2.9470517025518106,3,4,321.37003341917585,1.2943585928714391e-06,1.1981161616308353e-06,8.03281303789458
3D->4F,3.088843596477481,3,4,335.70800647420924,1.3452320330195458e-06,1.2351659976813644e-06,8.911031840642947
3D->4F,3.237457542817644,3,4,350.21916898678415,1.3970095640788862e-06,1.2710663971097697e-06,9.908464833583363
3D->4F,3.393221771895328,3,4,365.357584449558,1.4496163597481976e-06,1.307420201661893e-06,10.876086961602361
3D->4F,3.5564803062231287,3,4,381.15036621497154,1.502971742941514e-06,1.3442349534834701e-06,11.808708667089117
3D->4F,3.72759372031494,3,4,397.62579962498074,1.5569895728858073e-06,1.3815187964528865e-06,12.701294899747296
3D->4F,3.906939937054617,3,4,414.813392670945,1.611578679257294e-06,1.4192804551433483e-06,13.54899402842291
3D->4F,4.094915062380425,3,4,432.7439288433167,1.6666433380856295e-06,1.457529214596782e-06,14.347165147334472
3D->4F,4.2919342601287775,3,4,451.4495222657894,1.7220837837253646e-06,1.4962749009717958e-06,15.091403498575783
3D->4F,4.498432668969445,3,4,470.9636752126494,1.7777967508899741e-06,1.5355278631138375e-06,15.777563767866054
3D->4F,4.714866363457394,3,4,491.3213381123431,1.8336760405681362e-06,1.575298955083138e-06,16.401781049322285
3D->4F,4.941713361323834,3,4,512.5589721447375,1.8896131035930705e-06,1.6155995196650156e-06,16.9604893163666
3D->4F,5.17947467923121,3,4,531.878289385653,1.945497635707476e-06,1.6476549918590011e-06,18.07676032422465
3D->4F,5.428675439323859,3,4,550.9506301850553,2.001218178148322e-06,1.6769045986456398e-06,19.34001372317875
3D->4F,5.689866029018296,3,4,570.7068759131377,2.056662718052183e-06,1.7062142786021138e-06,20.539532686198612
3D->4F,5.963623316594643,3,4,591.1715503531301,2.111719283334063e-06,1.7355906106189157e-06,21.67150884626061
3D->4F,6.250551925273971,3,4,612.3700566735688,2.166276527098558e-06,1.7650403317938932e-06,22.732409457004856
3D->4F,6.551285568595508,3,4,634.3287089617037,2.220224297078132e-06,1.794570317845699e-06,23.718991393071253
3D->4F,6.866488450043,3,4,657.0747648876501,2.2734541860356495e-06,1.8241875650911898e-06,24.628312874284997
3D->4F,7.196856730011519,3,4,680.6364595398221,2.325860059495906e-06,1.8538991739059579e-06,25.457742914658056
3D->4F,7.543120063354617,3,4,705.0430404736596,2.3773385575669095e-06,1.8837123335878585e-06,26.20496851761085
3D->4F,7.906043210907698,3,4,730.3248040171428,2.4277895679656394e-06,1.913634308544526e-06,26.86799965517812
3D->4F,8.286427728546842,3,4,756.5131328781697,2.4771166676721774e-06,1.943672425727537e-06,27.445172081657066
3D->4F,8.685113737513525,3,4,783.6405351004743,2.52522753090552e-06,1.973834063237911e-06,27.935148041932845
3D->4F,9.102981779915218,3,4,811.7406844164492,2.572034301356628e-06,2.0041266400299435e-06,28.33691494257067
3D->4F,9.54095476349994,3,4,840.8484620469533,2.6174539268471196e-06,2.0345576066429066e-06,28.649782060779927
3D->4F,10.0,3,4,871.0000000000001,2.6614084548261646e-06,2.065134436892903e-06,28.87337537358514
3D->5S,1.0,3,5,2.92,4.813820785877431e-09,8.88887541756286e-09,-45.84443408480937
3D->5S,1.0481131341546857,3,5,2.90214876950853,4.9096473221148026e-09,9.02128048677437e-09,-45.57704608217668
3D->5S,1.0985411419875581,3,5,2.884406671356122,4.995199539573276e-09,9.13701035900938e-09,-45.33004403734914
3D->5S,1.1513953993264474,3,5,2.866773038369303,5.070472807890189e-09,9.236241051374217e-09,-45.10242013296333
3D->5S,1.2067926406393286,3,5,2.8492472074533235,5.135544641650086e-09,9.31923772178142e-09,-44.8930825141737
3D->5S,1.264855216855296,3,5,2.831828519567219,5.190568099984485e-09,9.386344957408827e-09,-44.70085934901138
3D->5S,1.3257113655901092,3,5,2.8145163196990297,5.23576464957973e-09,9.437977162208003e-09,-44.52450393136118
3D->5S,1.3894954943731377,3,5,2.79730995684117,5.2714166507545005e-09,9.474609171838186e-09,-44.36270082334401
3D->5S,1.4563484775012439,3,5,2.7802087839659455,5.297859617195814e-09,9.496767201737704e-09,-44.21407301395763
3D->5S,1.5264179671752334,3,5,2.7632121580012248,5.31547438939551e-09,9.505020212834498e-09,-44.077190049337325
3D->5S,1.599858719606058,3,5,2.746319439806255,5.324679350171741e-09,9.499971759903606e-09,-43.95057706754941
3D->5S,1.676832936811008,3,5,2.72952999414763,5.3259227981898685e-09,9.482252369964253e-09,-43.832724648205634
3D->5S,1.7575106248547918,3,5,2.712843189675401,5.319675582359547e-09,9.452512482449653e-09,-43.72209936525856
3D->5S,1.842069969326716,3,5,2.696258398899336,5.3064240865848105e-09,9.411415969187148e-09,-43.61715491103598
3D->5S,1.93069772888325,3,5,2.6797749981653247,5.2866636407617425e-09,9.35963424044979e-09,-43.516343641782264
3D->5S,2.023589647725157,3,5,2.663392367631925,5.260892420320803e-09,9.297840933395138e-09,-43.41812838048015
3D->5S,2.120950887920191,3,5,2.647109891247055,5.229605883160571e-09,9.226707170977263e-09,-43.32099430216697
3D->5S,2.2229964825261948,3,5,2.6309269567248292,5.193291779680674e-09,9.146897372766532e-09,-43.22346072075878
3D->5S,2.329951810515372,3,5,2.614842955522529,5.152425758959171e-09,9.059065593890455e-09,-43.12409259478118
3D->5S,2.442053094548651,3,5,2.598857282817725,5.107467582098112e-09,8.963852364364683e-09,-43.02151157238403
3D->5S,2.5595479226995357,3,5,2.5829693374855283,5.05885794253816e-09,8.86188199826229e-09,-42.91440640340119
3D->5S,2.6826957952797255,3,5,2.5671785220759897,5.007015882863883e-09,8.753760340323359e-09,-42.80154255766468
3D->5S,2.8117686979742302,3,5,2.5514842427916307,4.952336788409096e-09,8.640072916593744e-09,-42.68177090383281
3D->5S,2.9470517025518106,3,5,2.5358859094651143,4.895190929925524e-09,8.521383455369168e-09,-42.55403532109385
3D->5S,3.088843596477481,3,5,2.5143741821088623,4.83592252076447e-09,8.378210823284623e-09,-42.27977043350912
3D->5S,3.237457542817644,3,5,2.4894167507842853,4.77484924847677e-09,8.219767115473992e-09,-41.910163859898745
3D->5S,3.393221771895328,3,5,2.464707044473254,4.71226223646315e-09,8.058998705118518e-09,-41.5279439929647
3D->5S,3.5564803062231287,3,5,2.4402426042816,4.6484263882797084e-09,7.89640039744607e-09,-41.13233683308223
3D->5S,3.72759372031494,3,5,2.4160209957218965,4.583581065368278e-09,7.73243530440882e-09,-40.722671643242236
3D->5S,3.906939937054617,3,5,2.3920398084712016,4.5179410482647915e-09,7.56753545674631e-09,-40.298382821092225
3D->5S,4.094915062380425,3,5,2.3682966561312018,4.451697731648792e-09,7.402102566085815e-09,-39.859010437856966
3D->5S,4.2919342601287775,3,5,2.3447891759907376,4.3850205048294104e-09,7.23650891042076e-09,-39.404199468132106
3D->5S,4.498432668969445,3,5,2.32151502879069,4.3180582713046005e-09,7.0710983188829584e-09,-38.933697757058816
3D->5S,4.714866363457394,3,5,2.2984718984911967,4.250941063761676e-09,6.906187234199504e-09,-38.44735279242103
3D->5S,4.941713361323834,3,5,2.2756574920411783,4.183781714186835e-09,6.742065833578936e-09,-37.94510736828669
3D->5S,5.17947467923121,3,5,2.2525185450846252,4.116677542495787e-09,6.577390279481045e-09,-37.411688107694395
3D->5S,5.428675439323859,3,5,2.229433563147855,4.0497120311655804e-09,6.413568555342575e-09,-36.85711790213696
3D->5S,5.689866029018296,3,5,2.206585168116077,3.9829564576198134e-09,6.251365903953162e-09,-36.28662089510518
3D->5S,5.963623316594643,3,5,2.1839709353236048,3.9164714604818415e-09,6.090977492726232e-09,-35.70044438419215
3D->5S,6.250551925273971,3,5,2.1615884649539843,3.850308520156222e-09,5.932577953554174e-09,-35.09889713544304
3D->5S,6.551285568595508,3,5,2.1394353817853307,3.784511338429618e-09,5.776322594816657e-09,-34.48234103431788
3D->5S,6.866488450043,3,5,2.1175093349382688,3.7191171058125396e-09,5.6223485885493596e-09,-33.85118252206911
3D->5S,7.196856730011519,3,5,2.0958079976264568,3.654157649099744e-09,5.470776127194893e-09,-33.20586395529603
3D->5S,7.543120063354617,3,5,2.074329066909672,3.589660455052586e-09,5.321709545439152e-09,-32.54685502088287
3D->5S,7.906043210907698,3,5,2.05307026344942,3.5256495691601748e-09,5.175238403595189e-09,-31.874644331149284
3D->5S,8.286427728546842,3,5,2.0320293312670525,3.4621463710937435e-09,5.031438529842389e-09,-31.189731315226943
3D->5S,8.685113737513525,3,5,2.011204037504365,3.3991702307221042e-09,4.890373019369461e-09,-30.492618512761716
3D->5S,9.102981779915218,3,5,1.9905921721866466,3.336739050412278e-09,4.752093189114548e-09,-29.783804365292575
3D->5S,9.54095476349994,3,5,1.9701915479881547,3.274869700816694e-09,4.616639487353039e-09,-29.06377658927083
3D->5S,10.0,3,5,1.95,3.2135783584749256e-09,4.48404235786154e-09,-28.333006202744805
3D->5P,1.0,3,5,8.88,1.5137362171412044e-08,2.7031922502725415e-08,-44.001903046718695
3D->5P,1.0481131341546857,3,5,8.874833682210033,1.5558575802697202e-08,2.7587270770494518e-08,-43.60233771534369
3D->5P,1.0985411419875581,3,5,8.869670370145231,1.595631111167723e-08,2.8096686524065276e-08,-43.209278083341296
3D->5P,1.1513953993264474,3,5,8.864510062056894,1.6329936598435693e-08,2.8559900152424426e-08,-42.82215094841829
3D->5P,1.2067926406393286,3,5,8.859352756197326,1.6678995720339362e-08,2.897692210775813e-08,-42.44041634817448
3D->5P,1.264855216855296,3,5,8.854198450819856,1.7003196100006348e-08,2.934802033615061e-08,-42.063567132458424
3D->5P,1.3257113655901092,3,5,8.849047144178819,1.7302398114894784e-08,2.967369713563876e-08,-41.6911278840471
3D->5P,1.3894954943731377,3,5,8.84389883452958,1.7576603133418133e-08,2.995466584155897e-08,-41.32265328417575
3D->5P,1.4563484775012439,3,5,8.838753520128511,1.782594161781899e-08,3.019182768513557e-08,-40.95772603195106
3D->5P,1.5264179671752334,3,5,8.833611199232994,1.805066127273933e-08,3.038624911876693e-08,-40.595954432589
3D->5P,1.599858719606058,3,5,8.828471870101431,1.8251115381700643e-08,3.053913985147473e-08,-40.23696976907717
3D->5P,1.676832936811008,3,5,8.82333553099324,1.8427751442143163e-08,3.0651831791237436e-08,-39.88042356603568
3D->5P,1.7575106248547918,3,5,8.818202180168845,1.8581100183359785e-08,3.0725759047939774e-08,-39.52598484428431
3D->5P,1.842069969326716,3,5,8.813071815889685,1.871176503029906e-08,3.076243911173961e-08,-39.17333745113128
3D->5P,1.93069772888325,3,5,8.807944436418207,1.8820412059243004e-08,3.076345528692522e-08,-38.82217753594841
3D->5P,2.023589647725157,3,5,8.80282004001788,1.8907760478082047e-08,3.0730440430810896e-08,-38.472211224396304
3D->5P,2.120950887920191,3,5,8.797698624953169,1.8974573653557347e-08,3.066506202079551e-08,-38.1231525287973
3D->5P,2.2229964825261948,3,5,8.792580189489557,1.9021650699700226e-08,3.0569008550203085e-08,-37.77472151750943
3D->5P,2.329951810515372,3,5,8.78746473189353,1.9049818635136383e-08,3.044397723469195e-08,-37.42664275340325
3D->5P,2.442053094548651,3,5,8.782352250432597,1.905992511142962e-08,3.029166299558018e-08,-37.078644001121276
3D->5P,2.5595479226995357,3,5,8.777242743375258,1.9052831709839343e-08,3.011374867408053e-08,-36.73045519491078
3D->5P,2.6826957952797255,3,5,8.772136208991027,1.902940779951326e-08,2.9911896420854815e-08,-36.381807653473274
3D->5P,2.8117686979742302,3,5,8.767032645550422,1.8990524946102495e-08,2.9687740198166462e-08,-36.03243352528609
3D->5P,2.9470517025518106,3,5,8.76193205132498,1.8937051856034405e-08,2.9442879326924485e-08,-35.6820654469173
3D->5P,3.088843596477481,3,5,8.74552120515336,1.8869849838238374e-08,2.914117593858935e-08,-35.246779752458345
3D->5P,3.237457542817644,3,5,8.72225838350315,1.878976876206424e-08,2.8799891625538065e-08,-34.75750184628276
3D->5P,3.393221771895328,3,5,8.699057440254283,1.869764348754607e-08,2.8443823700655483e-08,-34.2646625702606
3D->5P,3.5564803062231287,3,5,8.675918210812094,1.8594290742131312e-08,2.8074472549517236e-08,-33.767978332148374
3D->5P,3.72759372031494,3,5,8.652840531019722,1.848050641657954e-08,2.7693273247190793e-08,-33.26716473122511
3D->5P,3.906939937054617,3,5,8.629824237156956,1.8357063251971868e-08,2.7301594508961192e-08,-32.76193723430133
3D->5P,4.094915062380425,3,5,8.606869165939091,1.8224708889663013e-08,2.6900738205337905e-08,-32.25201200595049
3D->5P,4.2919342601287775,3,5,8.583975154515741,1.808416425651697e-08,2.6491939372859404e-08,-31.737106891298694
3D->5P,4.498432668969445,3,5,8.561142040469697,1.7936122258827575e-08,2.6076366656828366e-08,-31.216942548509476
3D->5P,4.714866363457394,3,5,8.538369661815786,1.778124675983736e-08,2.5655123126811794e-08,-30.69124372568519
3D->5P,4.941713361323834,3,5,8.515657856999695,1.76201718176139e-08,2.522924741043885e-08,-30.15974067334494
3D->5P,5.17947467923121,3,5,8.500229305884856,1.7453501162086284e-08,2.4820805907187988e-08,-29.681972344693964
3D->5P,5.428675439323859,3,5,8.487227299966154,1.7281807892146488e-08,2.4415804549138744e-08,-29.218765421530634
3D->5P,5.689866029018296,3,5,8.4742451820001,1.7105634375744888e-08,2.4007959519515822e-08,-28.750153207148266
3D->5P,5.963623316594643,3,5,8.461282921565948,1.6925492337732758e-08,2.3598063051700182e-08,-28.275925440781812
3D->5P,6.250551925273971,3,5,8.448340488289487,1.674186312172771e-08,2.318685510102973e-08,-27.795886726422836
3D->5P,6.551285568595508,3,5,8.435417851842976,1.6555198113426538e-08,2.2775025200181287e-08,-27.309858198116245
3D->5P,6.866488450043,3,5,8.422514981945048,1.6365919313528593e-08,2.2363214385619262e-08,-26.817679107647642
3D->5P,7.196856730011519,3,5,8.409631848360666,1.617442004875704e-08,2.1952017172667275e-08,-26.31920829172816
3D->5P,7.543120063354617,3,5,8.396768420901031,1.5981065809409987e-08,2.154198355949514e-08,-25.8143254762352
3D->5P,7.906043210907698,3,5,8.383924669423536,1.5786195201502907e-08,2.113362104283321e-08,-25.30293237724025
3D->5P,8.286427728546842,3,5,8.371100563831664,1.55901210009654e-08,2.0727396630532535e-08,-24.784953562376767
3D->5P,8.685113737513525,3,5,8.358296074074945,1.539313129663264e-08,2.032373883819288e-08,-24.260337041403623
3D->5P,9.102981779915218,3,5,8.345511170148862,1.5195490708033016e-08,1.992303965898708e-08,-23.729054561317973
3D->5P,9.54095476349994,3,5,8.332745822094811,1.4997441663319528e-08,1.9525656497532722e-08,-23.191101588750072
3D->5P,10.0,3,5,8.32,1.4799205722211955e-08,1.913191406020924e-08,-22.64649697025609
3D->5D,1.0,3,5,21.0,3.298660951487548e-08,6.392684375644524e-08,-48.39943977126243
3D->5D,1.0481131341546857,3,5,21.23699451298997,3.414426563421895e-08,6.601483914631127e-08,-48.277893158924954
3D->5D,1.0985411419875581,3,5,21.476663616417433,3.527416966167825e-08,6.803218834877608e-08,-48.15076433990257
3D->5D,1.1513953993264474,3,5,21.719037494247065,3.637456930250656e-08,6.9974938028163e-08,-48.01771844675763
3D->5D,1.2067926406393286,3,5,21.964146671083256,3.744394021099827e-08,7.183971388949834e-08,-47.87849479941777
3D->5D,1.264855216855296,3,5,22.21202201601438,3.848097095391929e-08,7.362370263709802e-08,-47.73290451908183
3D->5D,1.3257113655901092,3,5,22.462694746500468,3.94845472138461e-08,7.532462986101697e-08,-47.58082809474159
3D->5D,1.3894954943731377,3,5,22.716196432304717,4.04537356093286e-08,7.694073462986376e-08,-47.42221294878708
3D->5D,1.4563484775012439,3,5,22.97255899946941,4.138776745558496e-08,7.847074151565507e-08,-47.25707103541513
3D->5D,1.5264179671752334,3,5,23.231814734336677,4.228602274203097e-08,7.991383071737285e-08,-47.08547649081949
3D->5D,1.599858719606058,3,5,23.493996287614646,4.314801456134544e-08,8.12696068871598e-08,-46.90756333883213
3D->5D,1.676832936811008,3,5,23.75913667848946,4.3973374188207696e-08,8.253806719873189e-08,-46.72352324130592
3D->5D,1.7575106248547918,3,5,24.027269298783786,4.476183697310232e-08,8.371956913333732e-08,-46.533603270447244
3D->5D,1.842069969326716,3,5,24.298427917162076,4.551322918632338e-08,8.481479839583424e-08,-46.33810367158898
3D->5D,1.93069772888325,3,5,24.57264668338349,4.62274559183665e-08,8.582473731329369e-08,-46.13737558016835
3D->5D,2.023589647725157,3,5,24.849960132602686,4.690449011450402e-08,8.675063401175943e-08,-45.931818656050496
3D->5D,2.120950887920191,3,5,25.13040318971918,4.7544362793247356e-08,8.759397261399575e-08,-45.72187860143847
3D->5D,2.2229964825261948,3,5,25.4140111737758,4.814715447088132e-08,8.83564446525918e-08,-45.508044534622414
3D->5D,2.329951810515372,3,5,25.700819802406784,4.871298778799796e-08,8.903992184885759e-08,-45.2908461996556
3D->5D,2.442053094548651,3,5,25.99086519633604,4.924202130989959e-08,8.964643036860476e-08,-45.07085100050484
3D->5D,2.5595479226995357,3,5,26.28418388392621,4.973444445185466e-08,9.017812663108569e-08,-44.848660856178746
3D->5D,2.6826957952797255,3,5,26.580812805779065,5.019047346328137e-08,9.063727471692385e-08,-44.62490887988959
3D->5D,2.8117686979742302,3,5,26.880789319387787,5.061034839247702e-08,9.102622539459355e-08,-44.40025588989984
3D->5D,2.9470517025518106,3,5,27.1841512038418,5.099433094556153e-08,9.13473967626295e-08,-44.17538676217265
3D->5D,3.088843596477481,3,5,27.415831517660834,5.13427031494776e-08,9.135299669596623e-08,-43.79746148848046
3D->5D,3.237457542817644,3,5,27.603371764754552,5.165576672844298e-08,9.114315127696097e-08,-43.324576773218894
3D->5D,3.393221771895328,3,5,27.79219489631075,5.1933843105181157e-08,9.087378688027292e-08,-42.850578931409025
3D->5D,3.5564803062231287,3,5,27.982309688005966,5.217727394148412e-08,9.054817785499617e-08,-42.37622978450125
3D->5D,3.72759372031494,3,5,28.173724975547437,5.238642213616994e-08,9.016954159064932e-08,-41.90230846021904
3D->5D,3.906939937054617,3,5,28.36644965508382,5.256167320148472e-08,8.974102888532272e-08,-41.429607110197445
3D->5D,4.094915062380425,3,5,28.56049268361859,5.2703436940969244e-08,8.926571577711019e-08,-40.958926411831186
3D->5D,4.2919342601287775,3,5,28.75586307942636,5.281214935261588e-08,8.874659672257469e-08,-40.49107086583983
3D->5D,4.498432668969445,3,5,28.952569922471945,5.288827468096992e-08,8.8186579008613e-08,-40.026843908068564
3D->5D,4.714866363457394,3,5,29.15062235483245,5.293230754114395e-08,8.758847828771294e-08,-39.567042862338
3D->5D,4.941713361323834,3,5,29.350029581122108,5.2944775037151354e-08,8.695501513100012e-08,-39.11245377004582
3D->5D,5.17947467923121,3,5,29.527029912741362,5.2926238797222185e-08,8.621940092516075e-08,-38.61446701170812
3D->5D,5.428675439323859,3,5,29.697150460353072,5.287729685047991e-08,8.543188436926131e-08,-38.10589893823606
3D->5D,5.689866029018296,3,5,29.868251160753765,5.279858527300287e-08,8.461824615474045e-08,-37.60378207738946
3D->5D,5.963623316594643,3,5,30.040337661112506,5.269077953710144e-08,8.378088627842502e-08,-37.10883009521206
3D->5D,6.250551925273971,3,5,30.213415641134585,5.255459550556011e-08,8.292209476514744e-08,-36.62172228715927
3D->5D,6.551285568595508,3,5,30.38749081324907,5.2390790022291493e-08,8.204405296778744e-08,-36.14309858282911
3D->5D,6.866488450043,3,5,30.562568922797265,5.2200161061758806e-08,8.114883528980576e-08,-35.67355480169609
3D->5D,7.196856730011519,3,5,30.73865574822236,5.1983547410919064e-08,8.023841126662666e-08,-35.2136382185069
3D->5D,7.543120063354617,3,5,30.91575710126021,5.1741827868546124e-08,7.931464794800516e-08,-34.763843492735965
3D->5D,7.906043210907698,3,5,31.093878827131018,5.147591995690254e-08,7.837931252900259e-08,-34.32460901228883
3D->5D,8.286427728546842,3,5,31.27302680473242,5.118677814930973e-08,7.743407518237519e-08,-33.89631369813224
3D->5D,8.685113737513525,3,5,31.453206946833358,5.0875391623948477e-08,7.648051205003814e-08,-33.47927431413803
3D->5D,9.102981779915218,3,5,31.634425200269366,5.054278155924086e-08,7.552010835580545e-08,-33.073743325269625
3D->5D,9.54095476349994,3,5,31.816687546138727,5.018999798976066e-08,7.455426160581663e-08,-32.67990734704708
3D->5D,10.0,3,5,32.0,4.9818116244373406e-08,7.358428484695861e-08,-32.297886229395765
3D->5F,1.0,3,5,40.099999999999994,6.967590579519577e-08,1.2206983022064065e-07,-42.921272464083145
3D->5F,1.0481131341546857,3,5,41.25984539363418,7.313600808677366e-08,1.282555332957494e-07,-42.976333100478
3D->5F,1.0985411419875581,3,5,42.453237952782914,7.663955615625951e-08,1.3448023082185427e-07,-43.01054088925249
3D->5F,1.1513953993264474,3,5,43.68114798980015,8.018511949167708e-08,1.4073301472935486e-07,-43.023234707305946
3D->5F,1.2067926406393286,3,5,44.944573882184756,8.377170967487216e-08,1.4700344961875682e-07,-43.01377968195425
3D->5F,1.264855216855296,3,5,46.24454288433196,8.739877160562954e-08,1.5328160900659444e-07,-42.98156695245188
3D->5F,1.3257113655901092,3,5,47.582111962763655,9.106616846669315e-08,1.595581034265276e-07,-42.9260147174996
3D->5F,1.3894954943731377,3,5,48.958368655516686,9.477416057503728e-08,1.6582410096076862e-07,-42.846570537138405
3D->5F,1.4563484775012439,3,5,50.374431956388136,9.852337831743061e-08,1.720713408174939e-07,-42.74271482435379
3D->5F,1.5264179671752334,3,5,51.831453224756096,1.023147894361632e-07,1.78292140592729e-07,-42.613965429985015
3D->5F,1.599858719606058,3,5,53.330617121716166,1.0614966101059799e-07,1.8447939786286376e-07,-42.45988319546319
3D->5F,1.676832936811008,3,5,54.873142573294466,1.1002951656761474e-07,1.9062658674886343e-07,-42.2800783226683
3D->5F,1.7575106248547918,3,5,56.46028376152061,1.1395608884395916e-07,1.96727750077689e-07,-42.0742173897901
3D->5F,1.842069969326716,3,5,58.09333114416593,1.1793126881058025e-07,2.0277748774252135e-07,-41.84203082724617
3D->5F,1.93069772888325,3,5,59.77361250397703,1.2195705164792595e-07,2.0877094183303748e-07,-41.58332065893542
3D->5F,2.023589647725157,3,5,61.50249402825666,1.2603548042705694e-07,2.1470377907189452e-07,-41.29796831156224
3D->5F,2.120950887920191,3,5,63.28138141967028,1.3016858830034303e-07,2.2057217105526113e-07,-40.985942298345876
3D->5F,2.2229964825261948,3,5,65.11172103918177,1.3435834003456957e-07,2.2637277275497172e-07,-40.647305592709046
3D->5F,2.329951810515372,3,5,66.99500108204687,1.3860657372690912e-07,2.3210269969874508e-07,-40.28222252183543
3D->5F,2.442053094548651,3,5,68.93275278782063,1.4291494353021368e-07,2.3775950420383658e-07,-39.890965028388734
3D->5F,2.5595479226995357,3,5,70.92655168536373,1.4728486417957024e-07,2.433411509991904e-07,-39.47391817010833
3D->5F,2.6826957952797255,3,5,72.97801887385812,1.5171745805933545e-07,2.488459925322011e-07,-39.03158475027363
3D->5F,2.8117686979742302,3,5,75.08882234087535,1.5621350548216464e-07,2.5427274421905925e-07,-38.56458899598587
3D->5F,2.9470517025518106,3,5,77.26067831856815,1.607733987727216e-07,2.5962045986261e-07,-38.073679224741305
3D->5F,3.088843596477481,3,5,79.47487805872649,1.6539710066291072e-07,2.648202834203374e-07,-37.54364336194622
3D->5F,3.237457542817644,3,5,81.73968611007913,1.7008410741666019e-07,2.6989502007051246e-07,-36.981383586764885
3D->5F,3.393221771895328,3,5,84.0690347512982,1.7483341701415423e-07,2.7488550565086355e-07,-36.39773163005076
3D->5F,3.5564803062231287,3,5,86.46476320568459,1.7964350264103865e-07,2.7979201303365933e-07,-35.793913238178355
3D->5F,3.72759372031494,3,5,88.928763109174,1.8451229164980998e-07,2.846150379737586e-07,-35.17127803105684
3D->5F,3.906939937054617,3,5,91.46298000394744,1.894371500898941e-07,2.893552781640021e-07,-34.53129616577305
3D->5F,4.094915062380425,3,5,94.06941487460655,1.9441487284059565e-07,2.940136132991868e-07,-33.87555404015935
3D->5F,4.2919342601287775,3,5,96.75012572812439,1.9944167932729445e-07,2.985910861773215e-07,-33.205749079577714
3D->5F,4.498432668969445,3,5,99.50722921882144,2.045132147555862e-07,3.0308888485311154e-07,-32.52368365316296
3D->5F,4.714866363457394,3,5,102.34290231964772,2.096245567597475e-07,3.0750832584677126e-07,-31.83125816755882
3D->5F,4.941713361323834,3,5,105.2593840410925,2.1477022732990338e-07,3.118508384012e-07,-31.130463387243235
3D->5F,5.17947467923121,3,5,107.88907691868422,2.1994420985539927e-07,3.1503783502056636e-07,-30.18482689831815
3D->5F,5.428675439323859,3,5,110.45869050758331,2.2513997109875773e-07,3.177642948478258e-07,-29.14875121304139
3D->5F,5.689866029018296,3,5,113.08950504642863,2.303504878938114e-07,3.203882116844689e-07,-28.10269557586914
3D->5F,5.963623316594643,3,5,115.78297816927486,2.3556827834154895e-07,3.229124997331385e-07,-27.048882116292372
3D->5F,6.250551925273971,3,5,118.54060222690956,2.40785437256269e-07,3.253400796563601e-07,-25.98961753787046
3D->5F,6.551285568595508,3,5,121.36390511370797,2.4599367559113284e-07,3.2767386819530396e-07,-24.927283049464034
3D->5F,6.866488450043,3,5,124.25445111418102,2.5118436354461635e-07,3.2991676887372836e-07,-23.86432359830909
3D->5F,7.196856730011519,3,5,127.21384176968576,2.563485770164769e-07,3.3207166371658657e-07,-22.803236461855136
3D->5F,7.543120063354617,3,5,130.24371676577834,2.614771470430419e-07,3.341414059142132e-07,-21.746559266536092
3D->5F,7.906043210907698,3,5,133.34575484070135,2.665607117971141e-07,3.3612881336488566e-07,-20.696857514637323
3D->5F,8.286427728546842,3,5,136.52167471550862,2.715897706888192e-07,3.3803666303079853e-07,-19.65671171470693
3D->5F,8.685113737513525,3,5,139.7732360463431,2.7655474005267646e-07,3.398676860450126e-07,-18.62870422578241
3D->5F,9.102981779915218,3,5,143.10224039939519,2.8144600985652045e-07,3.4162456350965474e-07,-17.615405940045513
3D->5F,9.54095476349994,3,5,146.5105322490819,2.86254000823916e-07,3.4330992292851366e-07,-16.619362941186587
3D->5F,10.0,3,5,149.99999999999997,2.909692213280747e-07,3.449263352201184e-07,-15.643083285481929
3D->5G,1.0,3,5,38.699999999999996,6.300188194857886e-08,1.1780804063687762e-07,-46.521577298131135
3D->5G,1.0481131341546857,3,5,39.23036025156866,6.605645522386815e-08,1.219469129718455e-07,-45.83179384039108
3D->5G,1.0985411419875581,3,5,39.767988771779294,6.911958142000624e-08,1.2597409684740463e-07,-45.13190953555126
3D->5G,1.1513953993264474,3,5,40.31298516788734,7.218516845729531e-08,1.2988138353738606e-07,-44.422236281062574
3D->5G,1.2067926406393286,3,5,40.86545041220581,7.524720390867947e-08,1.3366156716861688e-07,-43.703185962383984
3D->5G,1.264855216855296,3,5,41.42548686081264,7.829975759411388e-08,1.373084235212162e-07,-42.975270135546054
3D->5G,1.3257113655901092,3,5,41.99319827251434,8.133698408052733e-08,1.4081668082366798e-07,-42.23909866020894
3D->5G,1.3894954943731377,3,5,42.56868982806947,8.435312563016941e-08,1.441819838705355e-07,-41.49537732404062
3D->5G,1.4563484775012439,3,5,43.15206814967576,8.734251600384879e-08,1.4740085271812113e-07,-40.74490452855358
3D->5G,1.5264179671752334,3,5,43.743441320724095,9.029958538965561e-08,1.5047063712732766e-07,-39.98856712938321
3D->5G,1.599858719606058,3,5,44.342918905823296,9.321886660027437e-08,1.533894678277977e-07,-39.22733553979971
3D->5G,1.676832936811008,3,5,44.950611971099306,9.60950025691457e-08,1.5615620557685163e-07,-38.46225821499425
3D->5G,1.7575106248547918,3,5,45.566633104772635,9.892275508175696e-08,1.5877038888399724e-07,-37.69445563679188
3D->5G,1.842069969326716,3,5,46.19109643801771,1.0169701460546049e-07,1.612321811694628e-07,-36.92511391471408
3D->5G,1.93069772888325,3,5,46.82411766610816,1.044128110299066e-07,1.6354231802543233e-07,-36.15547811076675
3D->5G,2.023589647725157,3,5,47.465814069851774,1.0706532509938557e-07,1.6570205515306243e-07,-35.3868453831263
3D->5G,2.120950887920191,3,5,48.11630453731943,1.096499003059345e-07,1.6771311745817377e-07,-34.62055802923093
3D->5G,2.2229964825261948,3,5,48.77570958587155,1.1216205501501089e-07,1.6957764970458457e-07,-33.85799649281343
3D->5G,2.329951810515372,3,5,49.444151384486645,1.1459749461046691e-07,1.71298169046946e-07,-33.10057238319908
3D->5G,2.442053094548651,3,5,50.12175377639557,1.1695212346890498e-07,1.7287751969493555e-07,-32.34972153968779
3D->5G,2.5595479226995357,3,5,50.80864230202637,1.1922205660177974e-07,1.7431882989783963e-07,-31.606897159847623
3D->5G,2.6826957952797255,3,5,51.5049442222632,1.2140363083359636e-07,1.7562547138280733e-07,-30.87356299874333
3D->5G,2.8117686979742302,3,5,52.21078854202419,1.234934154134195e-07,1.768010213311696e-07,-30.151186637037874
3D->5G,2.9470517025518106,3,5,52.926306034162344,1.2548822198232825e-07,1.7784922693483688e-07,-29.441232809908957
3D->5G,3.088843596477481,3,5,53.65739726690238,1.2738511383968132e-07,1.7879319225024576e-07,-28.75281645993083
3D->5G,3.237457542817644,3,5,54.40215563620254,1.291814144649954e-07,1.7962964608817498e-07,-28.084579979863676
3D->5G,3.393221771895328,3,5,55.15725116415916,1.308747152594438e-07,1.8035093327079555e-07,-27.433303013222332
3D->5G,3.5564803062231287,3,5,55.92282732931982,1.3246288247167975e-07,1.8096112049463687e-07,-26.80036346503195
3D->5G,3.72759372031494,3,5,56.699029601697426,1.3394406326773175e-07,1.8146430804790564e-07,-26.1871027373762
3D->5G,3.906939937054617,3,5,57.48600547041162,1.353166908954891e-07,1.8186460907692275e-07,-25.594819364632638
3D->5G,4.094915062380425,3,5,58.28390447171355,1.3657948888260358e-07,1.8216613097631756e-07,-25.02476275331359
3D->5G,4.2919342601287775,3,5,59.09287821740011,1.3773147419451045e-07,1.8237295878932954e-07,-24.478127070574796
3D->5G,4.498432668969445,3,5,59.91308042362209,1.3877195926880758e-07,1.8248914050031353e-07,-23.95604533598581
3D->5G,4.714866363457394,3,5,60.74466694009236,1.3970055283535287e-07,1.825186740994098e-07,-23.45958377975933
3D->5G,4.941713361323834,3,5,61.587795779699555,1.4051715942973249e-07,1.82465496298964e-07,-22.989736536545237
3D->5G,5.17947467923121,3,5,62.38191567454244,1.4122197751229015e-07,1.8215619430459635e-07,-22.47204216610783
3D->5G,5.428675439323859,3,5,63.16584151591117,1.4181549611617176e-07,1.8171362520719942e-07,-21.956597390830613
3D->5G,5.689866029018296,3,5,63.95961860532377,1.4229848996566102e-07,1.8120079150198298e-07,-21.469167553772095
3D->5G,5.963623316594643,3,5,64.7633707390413,1.4267201302967073e-07,1.8062155825628477e-07,-21.010529193180393
3D->5G,6.250551925273971,3,5,65.57722326901732,1.429373905033023e-07,1.7997967482184627e-07,-20.581370843796908
3D->5G,6.551285568595508,3,5,66.40130312244774,1.4309620924119543e-07,1.792787717810822e-07,-20.18229050791881
3D->5G,6.866488450043,3,5,67.23573882156634,1.431503066980603e-07,1.7852235880439568e-07,-19.813793825731384
3D->5G,7.196856730011519,3,5,68.08066050368862,1.4310175846240948e-07,1.7771382332210365e-07,-19.476292959473575
3D->5G,7.543120063354617,3,5,68.93619994150791,1.429528644973406e-07,1.7685642992101e-07,-19.17010619224412
3D->5G,7.906043210907698,3,5,69.8024905636467,1.4270613422587774e-07,1.759533203820498e-07,-18.895458229479278
3D->5G,8.286427728546842,3,5,70.6796674754655,1.4236427061688474e-07,1.7500751428167687e-07,-18.652481179895176
3D->5G,8.685113737513525,3,5,71.5678674801341,1.419301534404659e-07,1.7402191008573748e-07,-18.441216183330333
3D->5G,9.102981779915218,3,5,72.4672290999669,1.414068218690972e-07,1.7299928667039217e-07,-18.26161564555273
3D->5G,9.54095476349994,3,5,73.37789259802665,1.4079745660293325e-07,1.719423052102327e-07,-18.113546034653226
3D->5G,10.0,3,5,74.29999999999998,1.4010536169559363e-07,1.7085351137903197e-07,-17.996791189866013
4S->5S,1.0,4,5,15.799999999999997,2.2417054858469494e-07,4.6594044873937314e-07,-51.888583789795376
4S->5S,1.0481131341546857,4,5,16.497856087202855,2.303125121152461e-07,4.819475739514824e-07,-52.21212335878847
4S->5S,1.0985411419875581,4,5,17.226535156585843,2.363505556793447e-07,4.981831404419983e-07,-52.557496130910884
4S->5S,1.1513953993264474,4,5,17.987398600917334,2.422769156732262e-07,5.146487909251314e-07,-52.92383467224128
4S->5S,1.2067926406393286,4,5,18.78186794310684,2.4808530596795543e-07,5.313465449772392e-07,-53.31007450540919
4S->5S,1.264855216855296,4,5,19.61142749203959,2.537710086434517e-07,5.482787896246034e-07,-53.714968835981395
4S->5S,1.3257113655901092,4,5,20.4776271157141,2.593309444397463e-07,5.65448269718201e-07,-54.13710531487037
4S->5S,1.3894954943731377,4,5,21.382085136864184,2.6476372110438384e-07,5.828580782069621e-07,-54.57492466796159
4S->5S,1.4563484775012439,4,5,22.326491356474968,2.70069658073643e-07,6.005116464074967e-07,-55.02674099839548
4S->5S,1.5264179671752334,4,5,23.31261021084193,2.7525078624432975e-07,6.184127343557577e-07,-55.490763538193136
4S->5S,1.599858719606058,4,5,24.34228406807127,2.803108219700394e-07,6.365654213145287e-07,-55.965119595847945
4S->5S,1.676832936811008,4,5,25.41743667018042,2.852551148445222e-07,6.549740965000076e-07,-56.44787841704838
4S->5S,1.7575106248547918,4,5,26.540076727229707,2.9009056930509997e-07,6.736434500810709e-07,-56.937075648818606
4S->5S,1.842069969326716,4,5,27.71230167019984,2.9482554058814217e-07,6.925784644960107e-07,-57.43073807490005
4S->5S,1.93069772888325,4,5,28.93630156962711,2.994697060819351e-07,7.11784406123617e-07,-57.926908273693535
4S->5S,2.023589647725157,4,5,30.214363227317097,3.040339136346869e-07,7.312668173383513e-07,-58.4236688406972
4S->5S,2.120950887920191,4,5,31.548874448781742,3.0853000887199924e-07,7.510315089730266e-07,-58.9191658158406
4S->5S,2.2229964825261948,4,5,32.942328504381805,3.129706440448546e-07,7.710845532067755e-07,-59.41163096274244
4S->5S,2.329951810515372,4,5,34.39732878750961,3.173690713532446e-07,7.914322768911282e-07,-59.89940256165433
4S->5S,2.442053094548651,4,5,35.91659367851477,3.217389240605697e-07,8.120812553226779e-07,-60.38094440035711
4S->5S,2.5595479226995357,4,5,37.50296162346054,3.260939890197855e-07,8.330383064670352e-07,-60.85486267699147
4S->5S,2.6826957952797255,4,5,39.159396437198964,3.3044797446507165e-07,8.543104856354993e-07,-61.319920565032035
4S->5S,2.8117686979742302,4,5,40.88899284067296,3.3481427707488753e-07,8.759050806130998e-07,-61.77505023255141
4S->5S,2.9470517025518106,4,5,42.69498224279053,3.3920575237728507e-07,8.978296072342646e-07,-62.219362154674585
4S->5S,3.088843596477481,4,5,44.107569194295586,3.436344925415386e-07,9.103261651672696e-07,-62.25149779382681
4S->5S,3.237457542817644,4,5,45.271186045702756,3.4811161547886896e-07,9.168061684379413e-07,-62.02996582451195
4S->5S,3.393221771895328,4,5,46.46550067079392,3.526470689592558e-07,9.231394863983613e-07,-61.79915666535811
4S->5S,3.5564803062231287,4,5,47.691322918023985,3.5724945314417546e-07,9.293313608767571e-07,-61.55844210324115
4S->5S,3.72759372031494,4,5,48.94948400073651,3.619258645432649e-07,9.35386923330766e-07,-61.307363240176194
4S->5S,3.906939937054617,4,5,50.24083706079834,3.666817639367476e-07,9.413111905238574e-07,-61.04563850636022
4S->5S,4.094915062380425,4,5,51.56625774710328,3.7152087027886756e-07,9.471090610546223e-07,-60.773169051389644
4S->5S,4.2919342601287775,4,5,52.92664480933782,3.764450820274601e-07,9.527853126597225e-07,-60.4900414578595
4S->5S,4.498432668969445,4,5,54.322920707410944,3.814544267502522e-07,9.583446002165186e-07,-60.19652777674437
4S->5S,4.714866363457394,4,5,55.75603223696161,3.865470392597306e-07,9.637914543764914e-07,-59.89308293776057
4S->5S,4.941713361323834,4,5,57.226951171367986,3.9171916794553283e-07,9.691302807654475e-07,-59.580339638532244
4S->5S,5.17947467923121,4,5,58.38274103299546,3.9696520842500494e-07,9.684940549184765e-07,-59.01211717211628
4S->5S,5.428675439323859,4,5,59.442297229422266,4.022777631349031e-07,9.657890888005045e-07,-58.34724498342325
4S->5S,5.689866029018296,4,5,60.52108272741187,4.076477250527297e-07,9.629717352282085e-07,-57.667737261662836
4S->5S,5.963623316594643,4,5,61.6194465089625,4.130643833731245e-07,9.600485115928877e-07,-56.97463426220215
4S->5S,6.250551925273971,4,5,62.73774388955418,4.1851554867681915e-07,9.570256532838972e-07,-56.26913999214727
4S->5S,6.551285568595508,4,5,63.87633663309198,4.239876949162753e-07,9.53909122844247e-07,-55.552611379574415
4S->5S,6.866488450043,4,5,65.03559306893467,4.2946611539896436e-07,9.507046191223437e-07,-54.82654583129805
4S->5S,7.196856730011519,4,5,66.21588821104766,4.349350898692451e-07,9.474175863811054e-07,-54.09256740413837
4S->5S,7.543120063354617,4,5,67.417603879318,4.403780597645369e-07,9.440532233306915e-07,-53.35241182580261
4S->5S,7.906043210907698,4,5,68.64112882307164,4.4577780874247e-07,9.40616492055669e-07,-52.607910608898045
4S->5S,8.286427728546842,4,5,69.88685884683186,4.5111664563558243e-07,9.371121268115278e-07,-51.86097450574225
4S->5S,8.685113737513525,4,5,71.15519693835991,4.5637658708369286e-07,9.335446426692328e-07,-51.113576552825535
4S->5S,9.102981779915218,4,5,72.44655339902009,4.615395372186305e-07,9.299183439898477e-07,-50.3677349520412
4S->5S,9.54095476349994,4,5,73.76134597651006,4.665874619311681e-07,9.262373327142851e-07,-49.62549603092974
4S->5S,10.0,4,5,75.10000000000002,4.715025554372785e-07,9.225055164559648e-07,-48.88891751578102
4S->5P,1.0,4,5,17.3,7.178791643261743e-07,5.101753014677948e-07,40.71225366277184
4S->5P,1.0481131341546857,4,5,17.978044296906546,7.666932648629519e-07,5.25187926691111e-07,45.98455636507466
4S->5P,1.0985411419875581,4,5,18.68266339546439,8.180330859049251e-07,5.402936712212223e-07,51.4052689264211
4S->5P,1.1513953993264474,4,5,19.41489885016494,8.718809397969375e-07,5.554918996825664e-07,56.956553335011776
4S->5P,1.2067926406393286,4,5,20.175833037469662,9.282030700613125e-07,5.707823742010515e-07,62.61943465941076
4S->5P,1.264855216855296,4,5,20.96659075575839,9.86949495658102e-07,5.861652348758256e-07,68.37393911073202
4S->5P,1.3257113655901092,4,5,21.788340887984717,1.0480540370386317e-06,6.016409804477319e-07,74.19924358521692
4S->5P,1.3894954943731377,4,5,22.642298129496492,1.1114345240375659e-06,6.172104492837538e-07,80.07383467459728
4S->5P,1.4563484775012439,4,5,23.529724783575276,1.1769931826449275e-06,6.328748007779655e-07,85.97567499892567
4S->5P,1.5264179671752334,4,5,24.451932627348906,1.2446171948104833e-06,6.486354972524329e-07,91.88237462836682
4S->5P,1.599858719606058,4,5,25.41028485083544,1.3141794227053361e-06,6.644942864260921e-07,97.77136531504323
4S->5P,1.676832936811008,4,5,26.406198071984555,1.3855392863418901e-06,6.804531845057827e-07,103.6200752514981
4S->5P,1.7575106248547918,4,5,27.441144430695175,1.4585437811736318e-06,6.965144599412773e-07,109.40610210685371
4S->5P,1.842069969326716,4,5,28.516653764904518,1.5330286202981796e-06,7.126806178751998e-07,115.1073821635253
4S->5P,1.93069772888325,4,5,29.63431587196533,1.6088194842062327e-06,7.289543853091085e-07,120.7023534845768
4S->5P,2.023589647725157,4,5,30.79578285865397,1.685733359686885e-06,7.453386969985967e-07,126.17011118236073
4S->5P,2.120950887920191,4,5,32.00277158328302,1.7635799485420012e-06,7.618366820829722e-07,131.4905530303578
4S->5P,2.2229964825261948,4,5,33.257066193528566,1.842163126196484e-06,7.784516514488072e-07,136.64451385875557
4S->5P,2.329951810515372,4,5,34.560520763723105,1.9212824301245517e-06,7.951870858212888e-07,141.6138873960967
4S->5P,2.442053094548651,4,5,35.91506203551287,2.0007345582399767e-06,8.120466245728127e-07,146.3817344592114
4S->5P,2.5595479226995357,4,5,37.322692265930456,2.0803148580032464e-06,8.290340552344919e-07,150.93237664583395
4S->5P,2.6826957952797255,4,5,38.785492187093006,2.159818787951062e-06,8.461533036931914e-07,155.25147494244086
4S->5P,2.8117686979742302,4,5,40.30562408190062,2.2390433346125305e-06,8.634084250542135e-07,159.32609291737464
4S->5P,2.9470517025518106,4,5,41.88533498028165,2.317788369291944e-06,8.808035951478115e-07,163.14474441978018
4S->5P,3.088843596477481,4,5,43.46660681300545,2.395857930914369e-06,8.970974872501969e-07,167.06773399379435
4S->5P,3.237457542817644,4,5,45.06940315332117,2.473061422988947e-06,9.127197767044902e-07,170.95517004335125
4S->5P,3.393221771895328,4,5,46.73130132598325,2.549214714688301e-06,9.284202016983915e-07,174.57553271944465
4S->5P,3.5564803062231287,4,5,48.4544806637609,2.6241411380175153e-06,9.442025446270674e-07,177.9214219396088
4S->5P,3.72759372031494,4,5,50.241200860574985,2.6976723750058363e-06,9.600706372453111e-07,180.98686391932057
4S->5P,3.906939937054617,4,5,52.09380493475134,2.7696492307601958e-06,9.760283548362754e-07,183.7672919066775
4S->5P,4.094915062380425,4,5,54.01472230154145,2.8399222900421127e-06,9.920796109159748e-07,186.2595157479396
4S->5P,4.2919342601287775,4,5,56.006471958939954,2.9083524567471698e-06,1.0082283524413383e-06,188.46168129519904
4S->5P,4.498432668969445,4,5,58.07166579097667,2.9748113772649074e-06,1.0244785554906376e-06,190.37322072985972
4S->5P,4.714866363457394,4,5,60.213011992814614,3.0391817501674734e-06,1.040834221386238e-06,191.9947949174587
4S->5P,4.941713361323834,4,5,62.433318622146295,3.1013575260118233e-06,1.0572993732308404e-06,193.328228932441
4S->5P,5.17947467923121,4,5,64.68999865395185,3.1612440022376966e-06,1.073123289528808e-06,194.5834866398017
4S->5P,5.428675439323859,4,5,67.01257967880879,3.2187578191968517e-06,1.0887872993262003e-06,195.62778893442191
4S->5P,5.689866029018296,4,5,69.41854890476745,3.273826864251438e-06,1.1045423757029148e-06,196.39667397713208
4S->5P,5.963623316594643,4,5,71.91090023904071,3.3263900916234973e-06,1.1203922893360321e-06,196.8951253310379
4S->5P,6.250551925273971,4,5,74.49273507983295,3.3763972662549823e-06,1.1363408059458672e-06,197.12892897870873
4S->5P,6.551285568595508,4,5,77.16726617561534,3.4238086403413023e-06,1.1523916847750913e-06,197.10459434714824
4S->5P,6.866488450043,4,5,79.93782162296216,3.4685945714266073e-06,1.1685486773215794e-06,196.8292753860236
4S->5P,7.196856730011519,4,5,82.80784900792253,3.5107350909956857e-06,1.1848155263045696e-06,196.3106925130903
4S->5P,7.543120063354617,4,5,85.78091969608013,3.550219432371124e-06,1.2011959648450039e-06,195.55705615687998
4S->5P,7.906043210907698,4,5,88.86073327664073,3.5870455264379087e-06,1.2176937158421856e-06,194.57699253683214
4S->5P,8.286427728546842,4,5,92.05112216607675,3.6212194732901486e-06,1.2343124915300214e-06,193.37947222760258
4S->5P,8.685113737513525,4,5,95.3560563770571,3.6527549973515823e-06,1.2510559931972669e-06,191.9737419598944
4S->5P,9.102981779915218,4,5,98.7796484585976,3.6816728928925493e-06,1.2679279110572684e-06,190.3692600175168
4S->5P,9.54095476349994,4,5,102.32615861357908,3.7080004661831943e-06,1.2849319242537052e-06,188.57563550199902
4S->5P,10.0,4,5,105.99999999999997,3.7317709798172067e-06,1.3020717009897765e-06,186.60257165411718
4S->5D,1.0,4,5,25.399999999999995,7.0343068374327e-07,7.490435062012708e-07,-6.0894757220877
4S->5D,1.0481131341546857,4,5,26.3809667270211,7.368582844066145e-07,7.706603115810211e-07,-4.386112359291117
4S->5D,1.0985411419875581,4,5,27.399819112291127,7.710501082746928e-07,7.923896366173976e-07,-2.693059999345815
4S->5D,1.1513953993264474,4,5,28.45802032786414,8.059324143373742e-07,8.142303441872449e-07,-1.019113314691511
4S->5D,1.2067926406393286,4,5,29.557090054577728,8.414239953917708e-07,8.361818817837515e-07,0.6269106903915134
4S->5D,1.264855216855296,4,5,30.69860666446384,8.774367011447819e-07,8.582442513165344e-07,2.2362456606970005
4S->5D,1.3257113655901092,4,5,31.88420948744602,9.138760522449367e-07,8.804179792967334e-07,3.8002487153805387
4S->5D,1.3894954943731377,4,5,33.11560116557812,9.506419372684678e-07,9.027040875802915e-07,5.310472207639405
4S->5D,1.4563484775012439,4,5,34.39455009820542,9.876293832533675e-07,9.251040648143956e-07,6.7587335108636015
4S->5D,1.5264179671752334,4,5,35.72289298155975,1.0247293890991214e-06,9.476198387064543e-07,8.137181941856063
4S->5D,1.599858719606058,4,5,37.10253744643558,1.0618298100543355e-06,9.70253749211945e-07,9.438361966317576
4S->5D,1.676832936811008,4,5,38.53546479773511,1.098816280623893e-06,9.930085227168284e-07,10.655271882015604
4S->5D,1.7575106248547918,4,5,40.023732859816676,1.1355731625651614e-06,1.015887247271886e-06,11.781417240415792
4S->5D,1.842069969326716,4,5,41.569478931732476,1.1719845042308602e-06,1.03889334892012e-06,12.810858347402277
4S->5D,1.93069772888325,4,5,43.17492285659998,1.2079349973734555e-06,1.0620305691441553e-06,13.738251277162238
4S->5D,2.023589647725157,4,5,44.842370209514456,1.2433109176665755e-06,1.0853029434481812e-06,14.558881939118095
4S->5D,2.120950887920191,4,5,46.574215608581234,1.2780010356303892e-06,1.108714781078301e-06,15.268692854211396
4S->5D,2.2229964825261948,4,5,48.37294615382239,1.3118974853688786e-06,1.1322706458759937e-06,15.864302421610033
4S->5D,2.329951810515372,4,5,50.24114499889654,1.3448965795256405e-06,1.1559753382516318e-06,16.343016587165682
4S->5D,2.442053094548651,4,5,52.18149506076112,1.3768995601182113e-06,1.1798338782585055e-06,16.702832957346892
4S->5D,2.5595479226995357,4,5,54.196782872604544,1.4078132763842145e-06,1.2038514897424285e-06,16.942437533173216
4S->5D,2.6826957952797255,4,5,56.28990258558139,1.4375507824209463e-06,1.2280335855376312e-06,17.061194363962674
4S->5D,2.8117686979742302,4,5,58.46386012509772,1.4660318491698013e-06,1.2523857536761938e-06,17.059128536593526
4S->5D,2.9470517025518106,4,5,60.721777507614966,1.4931833871291223e-06,1.2769137445755518e-06,16.936903018884706
4S->5D,3.088843596477481,4,5,62.71403852607158,1.5189397780124955e-06,1.2943408860757306e-06,17.3523755876799
4S->5D,3.237457542817644,4,5,64.55030514185756,1.5432431153446295e-06,1.307235862317857e-06,18.05391512196648
4S->5D,3.393221771895328,4,5,66.44033763149726,1.5660433556493555e-06,1.3199836065863299e-06,18.641121589333377
4S->5D,3.5564803062231287,4,5,68.38571025940652,1.5872983833880321e-06,1.3325901084593166e-06,19.113774994412825
4S->5D,3.72759372031494,4,5,70.38804338445247,1.6069739941162186e-06,1.345061274592084e-06,19.47217754845887
4S->5D,3.906939937054617,4,5,72.44900480959865,1.625043801418663e-06,1.357402920796565e-06,19.717128681662068
4S->5D,4.094915062380425,4,5,74.5703111710679,1.6414890740461032e-06,1.3696207652328337e-06,19.849896826516943
4S->5D,4.2919342601287775,4,5,76.75372936817985,1.6562985103125543e-06,1.3817204226208328e-06,19.872188555402893
4S->5D,4.498432668969445,4,5,79.00107803505398,1.669467957228604e-06,1.3937073993860037e-06,19.78611564838404
4S->5D,4.714866363457394,4,5,81.31422905540431,1.6810000820626459e-06,1.4055870896576912e-06,19.59416064870283
4S->5D,4.941713361323834,4,5,83.69510912168707,1.6909040040605687e-06,1.417364772044284e-06,19.299141435676816
4S->5D,5.17947467923121,4,5,85.64252474187843,1.69919489394062e-06,1.4206985590800058e-06,19.602774499958553
4S->5D,5.428675439323859,4,5,87.46472145964306,1.7058935485396277e-06,1.421083598345306e-06,20.041744942095697
4S->5D,5.689866029018296,4,5,89.3256886467305,1.7110259476436413e-06,1.4212917138978492e-06,20.385275655425072
4S->5D,5.963623316594643,4,5,91.22625121368789,1.714622799612099e-06,1.4213309540708265e-06,20.63501429426109
4S->5D,6.250551925273971,4,5,93.16725162249844,1.716719081918292e-06,1.4212090572726586e-06,20.792861059633672
4S->5D,6.551285568595508,4,5,95.14955026001934,1.717353582195633e-06,1.4209334600528443e-06,20.86094320924534
4S->5D,6.866488450043,4,5,97.17402581936497,1.7165684448120764e-06,1.4205113053595388e-06,20.841589808931783
4S->5D,7.196856730011519,4,5,99.24157568940561,1.7144087274047988e-06,1.419949450932946e-06,20.737306970919622
4S->5D,7.543120063354617,4,5,101.35311635255232,1.7109219712042632e-06,1.4192544777847062e-06,20.550753792569786
4S->5D,7.906043210907698,4,5,103.50958379100615,1.7061577883707288e-06,1.4184326987191529e-06,20.28471917711656
4S->5D,8.286427728546842,4,5,105.71193390165068,1.7001674689672714e-06,1.417490166857404e-06,19.942099685711902
4S->5D,8.685113737513525,4,5,107.96114291977233,1.693003609611983e-06,1.4164326841300133e-06,19.525878538438434
4S->5D,9.102981779915218,4,5,110.25820785179596,1.6847197652988874e-06,1.4152658097081725e-06,19.03910585152031
4S->5D,9.54095476349994,4,5,112.60414691722742,1.6753701253627347e-06,1.413994868347371e-06,18.484880169392003
4S->5D,10.0,4,5,115.00000000000001,1.6650092140966915e-06,1.4126249586209844e-06,17.866331324209828
4S->5F,1.0,4,5,34.8,6.587862194973317e-07,1.0262485832993789e-06,-35.80636989730689
4S->5F,1.0481131341546857,4,5,35.69477152571421,6.721774473275999e-07,1.042742065916949e-06,-35.53751504821935
4S->5F,1.0985411419875581,4,5,36.61254926071663,6.852459723393634e-07,1.0588173770578565e-06,-35.28194878672456
4S->5F,1.1513953993264474,4,5,37.55392473664475,6.979832164349382e-07,1.074478994378984e-06,-35.03984534957324
4S->5F,1.2067926406393286,4,5,38.51950469449431,7.103811511639282e-07,1.0897321712436912e-06,-34.81139954295528
4S->5F,1.264855216855296,4,5,39.50991147567962,7.224322363240553e-07,1.1045828484873826e-06,-34.596826547383465
4S->5F,1.3257113655901092,4,5,40.5257834231488,7.341293640519517e-07,1.1190375713995385e-06,-34.39636140779406
4S->5F,1.3894954943731377,4,5,41.56777529281246,7.454658092530176e-07,1.1331034119182595e-06,-34.21025818014266
4S->5F,1.4563484775012439,4,5,42.63655867555083,7.56435187006896e-07,1.1467878959843571e-06,-34.038788719722035
4S->5F,1.5264179671752334,4,5,43.73282243007172,7.670314173536107e-07,1.16009893596118e-06,-33.8822411109187
4S->5F,1.599858719606058,4,5,44.8572731268977,7.772486976241637e-07,1.1730447679927602e-06,-33.7409177525132
4S->5F,1.676832936811008,4,5,46.01063550376937,7.870814822386796e-07,1.1856338941458883e-06,-33.61513312626065
4S->5F,1.7575106248547918,4,5,47.19365293275754,7.965244696660774e-07,1.1978750291604716e-06,-33.50521128866673
4S->5F,1.842069969326716,4,5,48.40708789938603,8.055725960325919e-07,1.2097770516164576e-06,-33.41148313598635
4S->5F,1.93069772888325,4,5,49.651722494073255,8.142210346923028e-07,1.2213489593139459e-06,-33.33428349996992
4S->5F,2.023589647725157,4,5,50.92835891621008,8.224652009394727e-07,1.2325998286553709e-06,-33.273948136380106
4S->5F,2.120950887920191,4,5,52.23781999119799,8.303007609558198e-07,1.2435387778141704e-06,-33.230810669589204
4S->5F,2.2229964825261948,4,5,53.580949700781574,8.37723644048767e-07,1.2541749334727907e-06,-33.20519955464878
4S->5F,2.329951810515372,4,5,54.95861372701679,8.447300572487851e-07,1.2645174009136207e-06,-33.197435113311755
4S->5F,2.442053094548651,4,5,56.37170001022544,8.513165013915104e-07,1.2745752372492336e-06,-33.20782669300817
4S->5F,2.5595479226995357,4,5,57.82111932129594,8.574797879065583e-07,1.2843574275827061e-06,-33.236669988320614
4S->5F,2.6826957952797255,4,5,59.307805848698855,8.632170556607383e-07,1.2938728638944775e-06,-33.28424455378806
4S->5F,2.8117686979742302,4,5,60.83271780059548,8.685257873477077e-07,1.3031303264589673e-06,-33.35081152567623
4S->5F,2.9470517025518106,4,5,62.39683802242827,8.73403825067408e-07,1.3121384676016962e-06,-33.436611559464424
4S->5F,3.088843596477481,4,5,63.6931924708309,8.778493848853244e-07,1.3145494233386826e-06,-33.220511203316406
4S->5F,3.237457542817644,4,5,64.82540277221027,8.818610702934879e-07,1.3128069821947562e-06,-32.82629645835758
4S->5F,3.393221771895328,4,5,65.97773924589819,8.854378846037585e-07,1.310793071029289e-06,-32.45021627185777
4S->5F,3.5564803062231287,4,5,67.15055965476895,8.885792423835652e-07,1.3085214913176064e-06,-32.09288129545227
4S->5F,3.72759372031494,4,5,68.34422812129051,8.91284980092107e-07,1.3060055396871611e-06,-31.754885181757786
4S->5F,3.906939937054617,4,5,69.55911524057221,8.935553660911955e-07,1.3032580149819816e-06,-31.436802550295507
4S->5F,4.094915062380425,4,5,70.79559819542297,8.953911101924465e-07,1.300291226532411e-06,-31.13918698196123
4S->5F,4.2919342601287775,4,5,72.05406087345375,8.967933728665562e-07,1.2971170034493489e-06,-30.862569029488853
4S->5F,4.498432668969445,4,5,73.33489398626243,8.97763774187798e-07,1.29374670477903e-06,-30.607454235708776
4S->5F,4.714866363457394,4,5,74.63849519073707,8.983044025250933e-07,1.2901912303699708e-06,-30.374321156446037
4S->5F,4.941713361323834,4,5,75.96526921251511,8.984178229275146e-07,1.2864610323183099e-06,-30.163619390127117
4S->5F,5.17947467923121,4,5,76.97840756095042,8.981070850933716e-07,1.2769720770345073e-06,-29.66901146507197
4S->5F,5.428675439323859,4,5,77.89176774866614,8.973757307631968e-07,1.26554697421434e-06,-29.091867070339784
4S->5F,5.689866029018296,4,5,78.8159650900583,8.962278003411181e-07,1.2540678924781196e-06,-28.53434764443943
4S->5F,5.963623316594643,4,5,79.75112816955762,8.946678385275372e-07,1.2425452715791774e-06,-27.99716364535477
4S->5F,6.250551925273971,4,5,80.69738709726815,8.927008987379784e-07,1.2309889520576985e-06,-27.480998326934124
4S->5F,6.551285568595508,4,5,81.65487352706953,8.903325460863009e-07,1.2194082016565142e-06,-26.986505021302797
4S->5F,6.866488450043,4,5,82.62372067493418,8.875688587220438e-07,1.2078117410488455e-06,-26.51430446012286
4S->5F,7.196856730011519,4,5,83.60406333746168,8.844164273279842e-07,1.1962077688420362e-06,-26.0649821573952
4S->5F,7.543120063354617,4,5,84.5960379106332,8.808823526018712e-07,1.184603985829859e-06,-25.63908587689071
4S->5F,7.906043210907698,4,5,85.59978240878853,8.769742405633605e-07,1.173007618473489e-06,-25.23712320772272
4S->5F,8.286427728546842,4,5,86.61543648382785,8.727001955422438e-07,1.161425441597856e-06,-24.859559272129626
4S->5F,8.685113737513525,4,5,87.64314144464184,8.680688107172178e-07,1.1498638002959207e-06,-24.506814590230785
4S->5F,9.102981779915218,4,5,88.68304027677203,8.630891560871181e-07,1.1383286310384542e-06,-24.17926312722588
4S->5F,9.54095476349994,4,5,89.7352776623046,8.577707637709484e-07,1.1268254819913108e-06,-23.877230549036977
4S->5F,10.0,4,5,90.80000000000003,8.521236105519802e-07,1.11535953254596e-06,-23.60099271246716
4S->5G,1.0,4,5,27.60000000000001,4.801291037278051e-07,8.139212902029561e-07,-41.01037661662812
4S->5G,1.0481131341546857,4,5,28.077030244281598,4.858766152275212e-07,8.202069734679174e-07,-40.76170638086798
4S->5G,1.0985411419875581,4,5,28.562305338344338,4.912048647710536e-07,8.260081811216503e-07,-40.53268769032792
4S->5G,1.1513953993264474,4,5,29.05596778373549,4.961200505807316e-07,8.313385954707437e-07,-40.32274535506141
4S->5G,1.2067926406393286,4,5,29.558162544957003,5.006296743758633e-07,8.36212222964899e-07,-40.13126564918941
4S->5G,1.264855216855296,4,5,30.069037092034385,5.047424195143625e-07,8.406433070050502e-07,-39.95759969676054
4S->5G,1.3257113655901092,4,5,30.58874144382155,5.084680259124989e-07,8.446462485388977e-07,-39.80106739453743
4S->5G,1.3894954943731377,4,5,31.117428212053895,5.118171626733635e-07,8.482355341084732e-07,-39.6609618328119
4S->5G,1.4563484775012439,4,5,31.655252646163,5.148012993823926e-07,8.51425670987916e-07,-39.53655416742785
4S->5G,1.5264179671752334,4,5,32.2023726788657,5.174325770443123e-07,8.54231129031573e-07,-39.42709888939348
4S->5G,1.599858719606058,4,5,32.75894897254129,5.197236796404969e-07,8.566662888417756e-07,-39.33183943269552
4S->5G,1.676832936811008,4,5,33.32514496641013,5.216877072799963e-07,8.587453958610105e-07,-39.250014056036655
4S->5G,1.7575106248547918,4,5,33.90112692452774,5.233380519028786e-07,8.604825199937897e-07,-39.18086193004181
4S->5G,1.842069969326716,4,5,34.487063984608504,5.246882764725354e-07,8.618915203683834e-07,-39.12362935787128
4S->5G,1.93069772888325,4,5,35.08312820769302,5.257519985655834e-07,8.62986014856953e-07,-39.077576054030125
4S->5G,2.023589647725157,4,5,35.689494628674126,5.265427792347925e-07,8.637793539838287e-07,-39.041981403430235
4S->5G,2.120950887920191,4,5,36.30634130769597,5.270740179823369e-07,8.642845988650335e-07,-39.016150620468856
4S->5G,2.2229964825261948,4,5,36.93384938244168,5.273588546371503e-07,8.64514502837231e-07,-38.99942072615058
4S->5G,2.329951810515372,4,5,37.57220312132449,5.274100788802058e-07,8.644814964504893e-07,-38.99116626027037
4S->5G,2.442053094548651,4,5,38.22158997759853,5.272400481035575e-07,8.641976755163279e-07,-38.990804645644296
4S->5G,2.5595479226995357,4,5,38.8822006444045,5.268606142211305e-07,8.636747919200041e-07,-38.99780112258623
4S->5G,2.6826957952797255,4,5,39.55422911076704,5.262830599696768e-07,8.629242469237167e-07,-39.01167317457465
4S->5G,2.8117686979742302,4,5,40.23787271855978,5.255180451454407e-07,8.61957086705041e-07,-39.03199437058852
4S->5G,2.9470517025518106,4,5,40.93333222045493,5.245755631149359e-07,8.607839998923178e-07,-39.05839755611639
4S->5G,3.088843596477481,4,5,41.53129534006331,5.234649078166402e-07,8.571550305755387e-07,-38.92996142539601
4S->5G,3.237457542817644,4,5,42.07033913493695,5.221946513353332e-07,8.519844474197845e-07,-38.70842913661302
4S->5G,3.393221771895328,4,5,42.61637929749941,5.207726319842764e-07,8.46668214673499e-07,-38.49153387846239
4S->5G,3.5564803062231287,4,5,43.169506635142035,5.192059526758233e-07,8.412175191402093e-07,-38.27922732678074
4S->5G,3.72759372031494,4,5,43.72981313386525,5.175009892027364e-07,8.356430348581423e-07,-38.07152484785723
4S->5G,3.906939937054617,4,5,44.29739197357591,5.156634078958437e-07,8.299549373607933e-07,-37.86850530275508
4S->5G,4.094915062380425,4,5,44.87233754358339,5.136981919745337e-07,8.241629184467378e-07,-37.67031002284388
4S->5G,4.2919342601287775,4,5,45.45474545829659,5.116096757710245e-07,8.182762013228978e-07,-37.47714097710394
4S->5G,4.498432668969445,4,5,46.04471257312483,5.094015858930158e-07,8.123035560007341e-07,-37.28925816833979
4S->5G,4.714866363457394,4,5,46.64233700058497,5.070770882971438e-07,8.062533148388527e-07,-37.10697631072758
4S->5G,4.941713361323834,4,5,47.24771812661783,5.046388401812525e-07,8.001333881383724e-07,-36.93066085451468
4S->5G,5.17947467923121,4,5,47.71542574474272,5.02089045569007e-07,7.915371108658672e-07,-36.5678451867192
4S->5G,5.428675439323859,4,5,48.138994462055734,4.9942951345624e-07,7.821386077634471e-07,-36.14565135911444
4S->5G,5.689866029018296,4,5,48.566323188956574,4.966617174133556e-07,7.727554499572892e-07,-35.72847432641123
4S->5G,5.963623316594643,4,5,48.997445302962284,4.93786855589304e-07,7.633941409733524e-07,-35.31691834054298
4S->5G,6.250551925273971,4,5,49.432394477881424,4.908059101360309e-07,7.540607405625652e-07,-34.911621341025345
4S->5G,6.551285568595508,4,5,49.8712046864441,4.877197051630008e-07,7.447608868193324e-07,-34.51324931335792
4S->5G,6.866488450043,4,5,50.31391020295562,4.845289624341437e-07,7.354998175438377e-07,-34.12249046475603
4S->5G,7.196856730011519,4,5,50.760545605973405,4.812343541292013e-07,7.262823908382706e-07,-33.74004929766181
4S->5G,7.543120063354617,4,5,51.21114578100802,4.778365521032671e-07,7.171131049326703e-07,-33.36664065731567
4S->5G,7.906043210907698,4,5,51.6657459232478,4.7433627318846433e-07,7.079961172408661e-07,-33.00298382468513
4S->5G,8.286427728546842,4,5,52.12438154030802,4.707343201872124e-07,6.989352626511403e-07,-32.64979672056264
4S->5G,8.685113737513525,4,5,52.587088455004164,4.6703161830551707e-07,6.899340710597681e-07,-32.30779028086892
4S->5G,9.102981779915218,4,5,53.05390280815007,4.632292468661104e-07,6.809957841585955e-07,-31.97766305727524
4S->5G,9.54095476349994,4,5,53.524861061380655,4.593284662247696e-07,6.721233714903203e-07,-31.66009609124496
4S->5G,10.0,4,5,54.00000000000001,4.553307398889116e-07,6.633195457872448e-07,-31.35574810350066
4P->5S,1.0,4,5,18.1,1.3602837326958198e-07,1.779224076409843e-07,-23.54623845689916
4P->5S,1.0481131341546857,4,5,18.48215891134545,1.4114951833485564e-07,1.799714985516224e-07,-21.571182397879063
4P->5S,1.0985411419875581,4,5,18.872386631172706,1.464122680814176e-07,1.8192679208929178e-07,-19.52132701292465
4P->5S,1.1513953993264474,4,5,19.270853522303053,1.5181594879572208e-07,1.837901760262095e-07,-17.397136191831997
4P->5S,1.2067926406393286,4,5,19.677733544556144,1.5735880102770758e-07,1.8556364687393426e-07,-15.199553533989397
4P->5S,1.264855216855296,4,5,20.093204330696107,1.6303793575556282e-07,1.8724929218922055e-07,-12.930012258306157
4P->5S,1.3257113655901092,4,5,20.517447263981214,1.6884930536177256e-07,1.8884927420048954e-07,-10.590439875074264
4P->5S,1.3894954943731377,4,5,20.950647557350866,1.7478768991931294e-07,1.9036581471991036e-07,-8.18325749479647
4P->5S,1.4563484775012439,4,5,21.392994334284534,1.8084669900887868e-07,1.9180118129849262e-07,-5.711373733702874
4P->5S,1.5264179671752334,4,5,21.84468071136793,1.870187890125446e-07,1.931576745756668e-07,-3.1781732600624
4P->5S,1.599858719606058,4,5,22.305903882602475,1.932952955603787e-07,1.9443761677038167e-07,-0.5875001087634057
4P->5S,1.676832936811008,4,5,22.776865205494826,1.9966648054828197e-07,1.9564334125758427e-07,2.0563640269263272
4P->5S,1.7575106248547918,4,5,23.2577702889641,2.0612159290195845e-07,1.967771831718965e-07,4.7487262392098994
4P->5S,1.842069969326716,4,5,23.74882908310515,2.1264894203780722e-07,1.9784147097920165e-07,7.484513224308875
4P->5S,1.93069772888325,4,5,24.25025597084706,2.1923598277118327e-07,1.9883851895655957e-07,10.258306047371013
4P->5S,2.023589647725157,4,5,24.762269861546912,2.2586941025027158e-07,1.9977062052125073e-07,13.064378366009311
4P->5S,2.120950887920191,4,5,25.285094286559673,2.3253526335372685e-07,2.0064004235068635e-07,15.896737575091224
4P->5S,2.2229964825261948,4,5,25.818957496825895,2.3921903488546615e-07,2.014490192363157e-07,18.74916829693931
4P->5S,2.329951810515372,4,5,26.36409256251989,2.459057868327641e-07,2.0219974961641246e-07,21.615277614964977
4P->5S,2.442053094548651,4,5,26.920737474801836,2.5258026892499563e-07,2.0289439173465786e-07,24.488541435544555
4P->5S,2.5595479226995357,4,5,27.489135249718235,2.5922703873954084e-07,2.0353506037368016e-07,27.362351362764237
4P->5S,2.6826957952797255,4,5,28.06953403429614,2.658305816466281e-07,2.0412382411510757e-07,30.23006148303564
4P->5S,2.8117686979742302,4,5,28.662187214877388,2.723754289631061e-07,2.0466270308018135e-07,33.0850344805603
4P->5S,2.9470517025518106,4,5,29.2673535277402,2.7884627279208927e-07,2.051536671075245e-07,35.920686538808596
4P->5S,3.088843596477481,4,5,29.76506432045323,2.8522807615614685e-07,2.0477148143165424e-07,39.29091793543833
4P->5S,3.237457542817644,4,5,30.196872665487486,2.915061771808426e-07,2.0384326503916047e-07,43.00505691215315
4P->5S,3.393221771895328,4,5,30.6349453493061,2.976663862475388e-07,2.0287688218380347e-07,46.722673891378854
4P->5S,3.5564803062231287,4,5,31.079373250051766,3.0369507520433624e-07,2.0187485179301884e-07,50.43729939958699
4P->5S,3.72759372031494,4,5,31.53024856425644,3.095792578972045e-07,2.0083958526120775e-07,54.14254988356615
4P->5S,3.906939937054617,4,5,31.98766482596749,3.153066614558742e-07,1.9977338901268642e-07,57.83216323964497
4P->5S,4.094915062380425,4,5,32.45171692615126,3.208657879378038e-07,1.9867846721443904e-07,61.50003190405364
4P->5S,4.2919342601287775,4,5,32.92250113237832,3.2624596609610984e-07,1.9755692460733815e-07,65.14023324900026
4P->5S,4.498432668969445,4,5,33.40011510879402,3.3143739319202976e-07,1.9641076942779416e-07,68.74705707717061
4P->5S,4.714866363457394,4,5,33.884657936379035,3.3643116691798344e-07,1.952419163948525e-07,72.31503005614495
4P->5S,4.941713361323834,4,5,34.37623013350362,3.41219307632593e-07,1.940521897405589e-07,75.83893698328863
4P->5S,5.17947467923121,4,5,34.95366818880418,3.4579477123317877e-07,1.9327869412250883e-07,78.90992734770772
4P->5S,5.428675439323859,4,5,35.5674647017133,3.501514531033033e-07,1.9262753362661753e-07,81.77642962611182
4P->5S,5.689866029018296,4,5,36.19203965873947,3.5428418367179607e-07,1.919546581180543e-07,84.56659877141782
4P->5S,5.963623316594643,4,5,36.82758233247573,3.581887162041674e-07,1.9126140424254602e-07,87.27705028764422
4P->5S,6.250551925273971,4,5,37.474285319196504,3.618617075162257e-07,1.905490494530545e-07,89.9047560483252
4P->5S,6.551285568595508,4,5,38.13234459722249,3.653006923519686e-07,1.8981881399820614e-07,92.44704181716192
4P->5S,6.866488450043,4,5,38.801959586310254,3.6850405220266765e-07,1.8907186290335324e-07,94.90158215187931
4P->5S,7.196856730011519,4,5,39.48333320808499,3.714709793612302e-07,1.8830930793657918e-07,97.26639295299103
4P->5S,7.543120063354617,4,5,40.17667194753418,3.7420143700573206e-07,1.8753220955298613e-07,99.5398219312313
4P->5S,7.906043210907698,4,5,40.88218591558142,3.766961160895337e-07,1.8674157881154856e-07,101.72053727235482
4P->5S,8.286427728546842,4,5,41.60008891275879,3.78956389784357e-07,1.8593837925965242e-07,103.80751477626133
4P->5S,8.685113737513525,4,5,42.33059849399752,3.809842661794952e-07,1.8512352878121125e-07,105.8000237396957
4P->5S,9.102981779915218,4,5,43.07393603455623,3.8278233988776703e-07,1.8429790140493166e-07,107.69761183917859
4P->5S,9.54095476349994,4,5,43.830326797107126,3.843537431499873e-07,1.834623290699193e-07,109.50008925456642
4P->5S,10.0,4,5,44.6,3.8570209696763053e-07,1.8261760334636492e-07,111.20751225503808
4P->5P,1.0,4,5,75.4,3.9458201392773716e-07,7.411795323828849e-07,-46.76296407441799
4P->5P,1.0481131341546857,4,5,78.16497689055798,4.058036225406951e-07,7.611377054339254e-07,-46.68459864179951
4P->5P,1.0985411419875581,4,5,81.03134764325542,4.169692413943009e-07,7.811292457870558e-07,-46.61968635239512
4P->5P,1.1513953993264474,4,5,84.00283045020994,4.280598788818726e-07,8.011526306956653e-07,-46.56949718680008
4P->5P,1.2067926406393286,4,5,87.08327985254802,4.3905680276332874e-07,8.212069217520605e-07,-46.53517997308245
4P->5P,1.264855216855296,4,5,90.27669174042984,4.4994172967309906e-07,8.412917298489599e-07,-46.517751962939336
4P->5P,1.3257113655901092,4,5,93.58720853642863,4.606970121293375e-07,8.614071808816707e-07,-46.518090125763386
4P->5P,1.3894954943731377,4,5,97.01912456898907,4.7130581938016223e-07,8.815538823528102e-07,-46.53692430889448
4P->5P,1.4563484775012439,4,5,100.57689164293365,4.817523084132919e-07,9.017328910114127e-07,-46.57483239044957
4P->5P,1.5264179671752334,4,5,104.26512481424487,4.920217815432732e-07,9.219456816313447e-07,-46.632237522642214
4P->5P,1.599858719606058,4,5,108.08860837661256,5.021008271772574e-07,9.421941170098695e-07,-46.709407529446736
4P->5P,1.676832936811008,4,5,112.05230206751317,5.119774406431494e-07,9.624804192459167e-07,-46.80645648414613
4P->5P,1.7575106248547918,4,5,116.16134750186988,5.216411223362498e-07,9.82807142338831e-07,-46.923348451164415
4P->5P,1.842069969326716,4,5,120.42107484164104,5.310829508924269e-07,1.0031771461320307e-06,-47.059903334108675
4P->5P,1.93069772888325,4,5,124.83700970998697,5.402956296153874e-07,1.023593571611789e-06,-47.21580472954538
4P->5P,2.023589647725157,4,5,129.41488035898533,5.49273504959326e-07,1.044059817559183e-06,-47.390609645008176
4P->5P,2.120950887920191,4,5,134.1606251001912,5.580125564818989e-07,1.0645795185428757e-06,-47.58375990121727
4P->5P,2.2229964825261948,4,5,139.08040000768233,5.665103583212319e-07,1.0851565242317193e-06,-47.794595003488915
4P->5P,2.329951810515372,4,5,144.18058690358157,5.747660128993177e-07,1.1057948799989007e-06,-48.02236623668495
4P->5P,2.442053094548651,4,5,149.46780163641301,5.827800581968159e-07,1.1264988087834598e-06,-48.266251712580356
4P->5P,2.5595479226995357,4,5,154.94890266303352,5.905543505644782e-07,1.1472726941703007e-06,-48.52537207890554
4P->5P,2.6826957952797255,4,5,160.63099994526954,5.980919256170226e-07,1.1681210646461039e-06,-48.79880658618021
4P->5P,2.8117686979742302,4,5,166.52146417280125,6.053968402787676e-07,1.1890485789858053e-06,-49.08560920234743
4P->5P,2.9470517025518106,4,5,172.62793632425584,6.124739994993652e-07,1.2100600127222985e-06,-49.38482446655939
4P->5P,3.088843596477481,4,5,177.62057376096672,6.193289715161801e-07,1.2219569771525943e-06,-49.31663036456969
4P->5P,3.237457542817644,4,5,181.92281532623736,6.259677957930924e-07,1.2280656037471085e-06,-49.028146877241596
4P->5P,3.393221771895328,4,5,186.3292637527628,6.323967879027524e-07,1.2339470385449974e-06,-48.750086661058
4P->5P,3.5564803062231287,4,5,190.8424430898715,6.386223456340603e-07,1.2396096151817112e-06,-48.48197869613602
4P->5P,3.72759372031494,4,5,195.46493852322112,6.446507604975175e-07,1.2450614560208109e-06,-48.223378261358505
4P->5P,3.906939937054617,4,5,200.19939785561448,6.504880385724439e-07,1.2503104682855068e-06,-47.973878882704376
4P->5P,4.094915062380425,4,5,205.0485330236815,6.561397343019408e-07,1.2553643413820413e-06,-47.733123152152714
4P->5P,4.2919342601287775,4,5,210.01512165129958,6.61610800409093e-07,1.260230545293006e-06,-47.500812221999645
4P->5P,4.498432668969445,4,5,215.1020086406386,6.669054566007735e-07,1.2649163299275023e-06,-47.27671381719005
4P->5P,4.714866363457394,4,5,220.31210780174314,6.72027079165798e-07,1.2694287253235357e-06,-47.060668648842785
4P->5P,4.941713361323834,4,5,225.64840352158785,6.769781129858322e-07,1.2737745426060931e-06,-46.85259515386755
4P->5P,5.17947467923121,4,5,229.8060729072198,6.817600068836147e-07,1.2707283662764855e-06,-46.34887951062886
4P->5P,5.428675439323859,4,5,233.59914019712576,6.863731726551839e-07,1.265134487679782e-06,-45.747019045068384
4P->5P,5.689866029018296,4,5,237.45481401123598,6.908169675890064e-07,1.259408369127558e-06,-45.14750064210208
4P->5P,5.963623316594643,4,5,241.37412770239487,6.950896997791241e-07,1.2535591990644855e-06,-44.550708072035185
4P->5P,6.250551925273971,4,5,245.35813167946634,6.991886551009415e-07,1.247595741156142e-06,-43.957114309078506
4P->5P,6.551285568595508,4,5,249.40789368885245,7.031101443415748e-07,1.2415263493988514e-06,-43.367279745450304
4P->5P,6.866488450043,4,5,253.52449910065752,7.068495686623552e-07,1.2353589830940542e-06,-42.78184897381047
4P->5P,7.196856730011519,4,5,257.70905119957763,7.104015013164505e-07,1.2291012216376817e-06,-42.20154623474413
4P->5P,7.543120063354617,4,5,261.9626714805894,7.137597833452741e-07,1.222760279082127e-06,-41.62716964595362
4P->5P,7.906043210907698,4,5,266.28649994952013,7.169176308285963e-07,1.2163430184348922e-06,-41.05958434726108
4P->5P,8.286427728546842,4,5,270.68169542857896,7.198677511610778e-07,1.2098559656637787e-06,-40.499714710574864
4P->5P,8.685113737513525,4,5,275.14943586693107,7.22602465770076e-07,1.2033053233837143e-06,-39.94853577659691
4P->5P,9.102981779915218,4,5,279.6909186563972,7.251138366759948e-07,1.196696984204975e-06,-39.4070640900191
4P->5P,9.54095476349994,4,5,284.3073609523658,7.273937943289493e-07,1.1900365437267487e-06,-38.8763481118803
4P->5P,10.0,4,5,289.00000000000006,7.294342642372235e-07,1.1833293131636653e-06,-38.357458391099954
4P->5D,1.0,4,5,70.5,9.298624095509862e-07,6.930126927452704e-07,34.17682234180586
4P->5D,1.0481131341546857,4,5,73.4870183882433,9.899311029973673e-07,7.155857108935545e-07,38.338578863073835
4P->5D,1.0985411419875581,4,5,76.60059392331932,1.0529662119988874e-06,7.384174877800304e-07,42.59768077331327
4P->5D,1.1513953993264474,4,5,79.84608871196205,1.1189440327326103e-06,7.61508912015333e-07,46.937746240070325
4P->5D,1.2067926406393286,4,5,83.22909204830157,1.1878224793126572e-06,7.84861417678962e-07,51.341683073854625
4P->5D,1.264855216855296,4,5,86.75543003957922,1.25954093001674e-06,8.084769657005655e-07,55.7918139232719
4P->5D,1.3257113655901092,4,5,90.43117563969523,1.3340202692772127e-06,8.323580250957418e-07,60.270007503533996
4P->5D,1.3894954943731377,4,5,94.26265910786876,1.4111631252169375e-06,8.565075542229979e-07,64.75781424918185
4P->5D,1.4563484775012439,4,5,98.25647891042071,1.4908542995504322e-06,8.809289822064264e-07,69.23660472792609
4P->5D,1.5264179671752334,4,5,102.41951308445569,1.5729613838119565e-06,9.056261906483461e-07,73.68770912928866
4P->5D,1.599858719606058,4,5,106.75893108301172,1.657335553156327e-06,9.306034957374858e-07,78.09255614744062
4P->5D,1.676832936811008,4,5,111.28220612207772,1.7438125264450083e-06,9.558656308413403e-07,82.4328096105022
4P->5D,1.7575106248547918,4,5,115.99712805074336,1.8322136790180598e-06,9.814177296559631e-07,86.69050126701336
4P->5D,1.842069969326716,4,5,120.91181676664391,1.9223472924999297e-06,1.0072653099726135e-06,90.84815822280193
4P->5D,1.93069772888325,4,5,126.03473619980517,2.0140099242308094e-06,1.033414258108327e-06,94.88892362656873
4P->5D,2.023589647725157,4,5,131.37470888897138,2.1069878774896205e-06,1.0598708140364707e-06,98.79666932852422
4P->5D,2.120950887920191,4,5,136.94093117551702,2.2010587526088272e-06,1.0866415572435882e-06,102.5560993812999
4P->5D,2.2229964825261948,4,5,142.74298904111174,2.2959930583968745e-06,1.1137333933303553e-06,106.15284341356168
4P->5D,2.329951810515372,4,5,148.79087461641132,2.3915558629925713e-06,1.1411535413669405e-06,109.5735390811499
4P->5D,2.442053094548651,4,5,155.09500338920597,2.4875084633766474e-06,1.1689095220066693e-06,112.80590298437612
4P->5D,2.5595479226995357,4,5,161.6662321416629,2.583610053245419e-06,1.1970091463563238e-06,115.8387896291257
4P->5D,2.6826957952797255,4,5,168.51587764755178,2.6796193697834373e-06,1.2254605055966828e-06,118.66223819907744
4P->5D,2.8117686979742302,4,5,175.6557361616538,2.7752963010176174e-06,1.2542719613429548e-06,121.26750709201018
4P->5D,2.9470517025518106,4,5,183.09810373492024,2.870403436846986e-06,1.283452136731447e-06,123.64709635039529
4P->5D,3.088843596477481,4,5,190.35898950203222,2.9647075484652367e-06,1.3095920729248505e-06,126.38404811384065
4P->5D,3.237457542817644,4,5,197.59332129147776,3.0579809826712173e-06,1.3338489786070188e-06,129.25991110813496
4P->5D,3.393221771895328,4,5,205.10258391858264,3.1500029594388297e-06,1.3582714863301187e-06,131.9126177013218
4P->5D,3.5564803062231287,4,5,212.89722575200034,3.240560763041692e-06,1.382865592238362e-06,134.33663988966487
4P->5D,3.72759372031494,4,5,220.9880922362754,3.329450818954621e-06,1.407637389916204e-06,136.52759175094243
4P->5D,3.906939937054617,4,5,229.38644098216818,3.4164796506483515e-06,1.4325930622908576e-06,138.48221386644602
4P->5D,4.094915062380425,4,5,238.1039574304647,3.501464712229637e-06,1.4577388742675447e-06,140.19834924063358
4P->5D,4.2919342601287775,4,5,247.15277111106923,3.5842350946382494e-06,1.4830811660558962e-06,141.6749114392814
4P->5D,4.498432668969445,4,5,256.5454725199999,3.6646321047844406e-06,1.5086263471470288e-06,142.91184571412566
4P->5D,4.714866363457394,4,5,266.29513063777404,3.742509718588583e-06,1.5343808909021714e-06,143.91008391587147
4P->5D,4.941713361323834,4,5,276.4153111135526,3.817734910363727e-06,1.5603513297150437e-06,144.67149401929458
4P->5D,5.17947467923121,4,5,286.0296074084795,3.890187862356269e-06,1.5816202380153143e-06,145.9621955291774
4P->5D,5.428675439323859,4,5,295.6725583117407,3.959762059521313e-06,1.6013139015196475e-06,147.28206354566063
4P->5D,5.689866029018296,4,5,305.6406031902905,4.026364275746233e-06,1.6210508732193265e-06,148.37988383116402
4P->5D,5.963623316594643,4,5,315.94470197681267,4.089914458733327e-06,1.6408361216204668e-06,149.25794872763927
4P->5D,6.250551925273971,4,5,326.5961840975321,4.150345521593713e-06,1.6606745640296547e-06,149.91925639679997
4P->5D,6.551285568595508,4,5,337.60676092899763,4.207603049872531e-06,1.6805710646490393e-06,150.36745772790167
4P->5D,6.866488450043,4,5,348.98853867481705,4.2616449332061045e-06,1.7005304330672627e-06,150.60680187412677
4P->5D,7.196856730011519,4,5,360.75403167651245,4.312440931095091e-06,1.7205574231109782e-06,150.64208105868798
4P->5D,7.543120063354617,4,5,372.9161761731211,4.3599721823623165e-06,1.7406567320240217e-06,150.4785752497321
4P->5D,7.906043210907698,4,5,385.4883445246783,4.404230667756061e-06,1.7608329999436827e-06,150.12199725339786
4P->5D,8.286427728546842,4,5,398.48435991521876,4.4452186348754135e-06,1.7810908096456307e-06,149.5784387186773
4P->5D,8.685113737513525,4,5,411.9185115514595,4.482947994157841e-06,1.8014346865311482e-06,148.85431748792564
4P->5D,9.102981779915218,4,5,425.8055703738793,4.517439694112073e-06,1.821869098832272e-06,147.95632666515553
4P->5D,9.54095476349994,4,5,440.1608052974672,4.5487230833361435e-06,1.8423984580122829e-06,146.8913857127109
4P->5D,10.0,4,5,454.99999999999994,4.576835266168132e-06,1.8630271193407182e-06,145.6665938275642
4P->5F,1.0,4,5,115.00000000000001,8.702616106177638e-07,1.1304462363929943e-06,-23.01609907654012
4P->5F,1.0481131341546857,4,5,118.69756201965171,9.030082017060457e-07,1.1558269904273727e-06,-21.873411056774682
4P->5F,1.0985411419875581,4,5,122.5140106905136,9.361501770008937e-07,1.181015490330348e-06,-20.733454839018396
4P->5F,1.1513953993264474,4,5,126.45316854098704,9.696284876919204e-07,1.2060104176663597e-06,-19.60032239454783
4P->5F,1.2067926406393286,4,5,130.51898100413274,1.0033793996326918e-06,1.230811365879938e-06,-18.478214660022207
4P->5F,1.264855216855296,4,5,134.71552036938948,1.0373348092202709e-06,1.2554187685004643e-06,-17.371411416820216
4P->5F,1.3257113655901092,4,5,139.04698986135008,1.0714226168210855e-06,1.279833830067976e-06,-16.284240059181833
4P->5F,1.3894954943731377,4,5,143.51772784968244,1.1055671535699532e-06,1.3040584599624563e-06,-15.221043571790304
4P->5F,1.4563484775012439,4,5,148.13221219441024,1.139689656526375e-06,1.3280952092673504e-06,-14.186148058233716
4P->5F,1.5264179671752334,4,5,152.89506473090623,1.1737087863916591e-06,1.3519472107527328e-06,-13.183830177942724
4P->5F,1.599858719606058,4,5,157.81105589909032,1.2075411812852179e-06,1.3756181220241405e-06,-12.218284860307548
4P->5F,1.676832936811008,4,5,162.88510952146953,1.2411020394633213e-06,1.3991120718491136e-06,-11.293593670231218
4P->5F,1.7575106248547918,4,5,168.12230773480337,1.274305723355195e-06,1.4224336096444805e-06,-10.413694198796964
4P->5F,1.842069969326716,4,5,173.52789608033734,1.3070663769069967e-06,1.4455876580830237e-06,-9.582350845449138
4P->5F,1.93069772888325,4,5,179.10728875770016,1.339298547981119e-06,1.4685794687577466e-06,-8.803127343594463
4P->5F,2.023589647725157,4,5,184.86607404772852,1.370917807471616e-06,1.4914145808253108e-06,-8.079361359536586
4P->5F,2.120950887920191,4,5,190.81001990965026,1.4018413568779473e-06,1.5140987825367737e-06,-7.414141465112767
4P->5F,2.2229964825261948,4,5,196.94507975823188,1.431988616334633e-06,1.536638075553253e-06,-6.810286747641725
4P->5F,2.329951810515372,4,5,203.2773984266781,1.461281785523036e-06,1.5590386419361526e-06,-6.270329277516396
4P->5F,2.442053094548651,4,5,209.8133183212528,1.4896463704847156e-06,1.5813068136958268e-06,-5.79649960508819
4P->5F,2.5595479226995357,4,5,216.55938577378984,1.517011670097194e-06,1.6034490447787805e-06,-5.390715405833912
4P->5F,2.6826957952797255,4,5,223.52235759845303,1.5433112168388793e-06,1.6254718853712852e-06,-5.054573337861146
4P->5F,2.8117686979742302,4,5,230.7092078593143,1.5684831674306228e-06,1.6473819583965991e-06,-4.789344120459393
4P->5F,2.9470517025518106,4,5,238.1271348555276,1.5924706399633523e-06,1.669185938083399e-06,-4.595970788499038
4P->5F,3.088843596477481,4,5,244.71530051882576,1.6152219951689806e-06,1.68354128439758e-06,-4.058070322465901
4P->5F,3.237457542817644,4,5,250.81824203947724,1.6366910605306673e-06,1.6931425301913486e-06,-3.3341238941237528
4P->5F,3.393221771895328,4,5,257.07338448555316,1.6568372969266877e-06,1.7024429501079069e-06,-2.678835915078892
4P->5F,3.5564803062231287,4,5,263.4845235876241,1.6756259084328862e-06,1.7114534041936383e-06,-2.0933959214409548
4P->5F,3.72759372031494,4,5,270.055549737778,1.6930278967512141e-06,1.720184491926534e-06,-1.578702476552707
4P->5F,3.906939937054617,4,5,276.7904503503789,1.7090200624726999e-06,1.7286465459008528e-06,-1.1353670578113984
4P->5F,4.094915062380425,4,5,283.6933122816997,1.7235849560154113e-06,1.7368496271361988e-06,-0.763720181272054
4P->5F,4.2919342601287775,4,5,290.7683243098991,1.7367107816010396e-06,1.7448035218502578e-06,-0.46381957325695167
4P->5F,4.498432668969445,4,5,298.0197796768455,1.7483912580519281e-06,1.752517739545731e-06,-0.2354601839792303
4P->5F,4.714866363457394,4,5,305.4520786933318,1.758625440511302e-06,1.760001512272911e-06,-0.07818582836509602
4P->5F,4.941713361323834,4,5,313.0697314092617,1.7674175074224923e-06,1.7672637949396939e-06,0.008697766753251734
4P->5F,5.17947467923121,4,5,319.41051988368434,1.7747765172574582e-06,1.7662022720660899e-06,0.48546224444261377
4P->5F,5.428675439323859,4,5,325.3836485503449,1.7807161395693035e-06,1.7622242751439025e-06,1.0493479567968755
4P->5F,5.689866029018296,4,5,331.468477564513,1.7852543649641278e-06,1.7580362667524803e-06,1.54821028020804
4P->5F,5.963623316594643,4,5,337.66709577582276,1.7884131985486704e-06,1.7536498139231662e-06,1.9823447275219452
4P->5F,6.250551925273971,4,5,343.98163109639097,1.7902183413140952e-06,1.7490759937495703e-06,2.3522332769730703
4P->5F,6.551285568595508,4,5,350.4142512313033,1.7906988637637608e-06,1.7443254087670318e-06,2.6585323336835387
4P->5F,6.866488450043,4,5,356.9671644227608,1.789886875884527e-06,1.7394082023772593e-06,2.9020602201529355
4P->5F,7.196856730011519,4,5,363.642620208145,1.7878171972982563e-06,1.7343340742472574e-06,3.0837843668735987
4P->5F,7.543120063354617,4,5,370.4429101922567,1.7845270311155426e-06,1.7291122956204935e-06,3.20480836527528
4P->5F,7.906043210907698,4,5,377.37036883399554,1.7800556446530302e-06,1.7237517244863914e-06,3.2663590334283787
4P->5F,8.286427728546842,4,5,384.42737424775413,1.7744440597771052e-06,1.7182608205615713e-06,3.2697736305930425
4P->5F,8.685113737513525,4,5,391.61634901979545,1.7677347552118072e-06,1.7126476600428673e-06,3.216487340283458
4P->5F,9.102981779915218,4,5,398.93976103989706,1.7599713827111026e-06,1.7069199500982036e-06,3.108021123652982
4P->5F,9.54095476349994,4,5,406.4001243485504,1.7511984985602038e-06,1.7010850430668224e-06,2.9459700264622635
4P->5F,10.0,4,5,413.99999999999994,1.74146131145285e-06,1.6951499503451808e-06,2.73199200449723
4P->5G,1.0,4,5,99.4,5.992406579597927e-07,9.770987469344663e-07,-38.67143317501526
4P->5G,1.0481131341546857,4,5,101.52527912103788,6.097554936740566e-07,9.886105141682715e-07,-38.32196957898527
4P->5G,1.0985411419875581,4,5,103.69599900004668,6.198618860605557e-07,9.996128639825693e-07,-37.98980501401746
4P->5G,1.1513953993264474,4,5,105.91313120940245,6.295559468273817e-07,1.0101157691813927e-06,-37.67487192704855
4P->5G,1.2067926406393286,4,5,108.1776680947454,6.38835071680039e-07,1.020129811013344e-06,-37.377080369266594
4P->5G,1.264855216855296,4,5,110.490623219135,6.476978588781524e-07,1.0296660826626913e-06,-37.09631988622743
4P->5G,1.3257113655901092,4,5,112.8530318167012,6.56144023533568e-07,1.0387360998520896e-06,-36.832461716984774
4P->5G,1.3894954943731377,4,5,115.26595125599556,6.641743088599347e-07,1.0473517183775127e-06,-36.58536123005277
4P->5G,1.4563484775012439,4,5,117.73046151324844,6.717903955933427e-07,1.0555250583537802e-06,-36.35486052400484
4P->5G,1.5264179671752334,4,5,120.24766565574603,6.789948107697572e-07,1.0632684349160122e-06,-36.14079112360831
4P->5G,1.599858719606058,4,5,122.8186903355417,6.857908369720666e-07,1.0705942950972692e-06,-35.94297670811343
4P->5G,1.676832936811008,4,5,125.44468629372422,6.921824230546263e-07,1.0775151605846503e-06,-35.7612358160182
4P->5G,1.7575106248547918,4,5,128.12682887546666,6.981740972252344e-07,1.0840435760441463e-06,-35.595384479562455
4P->5G,1.842069969326716,4,5,130.8663185560885,7.037708832237454e-07,1.0901920626978602e-06,-35.44523875158766
4P->5G,1.93069772888325,4,5,133.6643814783656,7.089782201932604e-07,1.0959730768348856e-06,-35.31061709647527
4P->5G,2.023589647725157,4,5,136.5222700013275,7.138018867035173e-07,1.1013989729385481e-06,-35.19134262499958
4P->5G,2.120950887920191,4,5,139.44126326078947,7.18247929264534e-07,1.1064819711172476e-06,-35.08724515960275
4P->5G,2.2229964825261948,4,5,142.42266774186882,7.223225955672356e-07,1.1112341285331255e-06,-34.998163121507886
4P->5G,2.329951810515372,4,5,145.46781786374316,7.260322726096757e-07,1.115667314531815e-06,-34.92394523412635
4P->5G,2.442053094548651,4,5,148.5780765769097,7.293834298127553e-07,1.1197931891871179e-06,-34.86445203848484
4P->5G,2.5595479226995357,4,5,151.75483597321625,7.323825671959132e-07,1.123623184986261e-06,-34.81955721616154
4P->5G,2.6826957952797255,4,5,154.99951790893448,7.350361686669012e-07,1.1271684913939888e-06,-34.78914871388312
4P->5G,2.8117686979742302,4,5,158.31357464115575,7.373506604749701e-07,1.1304400420470002e-06,-34.773129661987554
4P->5G,2.9470517025518106,4,5,161.69848947779275,7.3933237487735e-07,1.133448504343741e-06,-34.77141907691532
4P->5G,3.088843596477481,4,5,164.67783923590238,7.409875190686577e-07,1.1329162516248193e-06,-34.594678291008776
4P->5G,3.237457542817644,4,5,167.41578756755047,7.423221494164202e-07,1.130136260629261e-06,-34.31569490540066
4P->5G,3.393221771895328,4,5,170.1992572705107,7.43342151029043e-07,1.1271276730324694e-06,-34.049871295491705
4P->5G,3.5564803062231287,4,5,173.0290051871323,7.440532226528463e-07,1.1239031269070923e-06,-33.79738833003943
4P->5G,3.72759372031494,4,5,175.90580074309148,7.444608668515826e-07,1.1204747718460076e-06,-33.55844454890613
4P->5G,3.906939937054617,4,5,178.83042615660472,7.445703853663545e-07,1.1168542776178518e-06,-33.333255708662804
4P->5G,4.094915062380425,4,5,181.803676651117,7.44386879488895e-07,1.1130528438045658e-06,-33.1220540307431
4P->5G,4.2919342601287775,4,5,184.82636067152941,7.439152552108598e-07,1.109081210258471e-06,-32.925087150517086
4P->5G,4.498432668969445,4,5,187.89930010401892,7.431602328408245e-07,1.104949668232054e-06,-32.742616771866295
4P->5G,4.714866363457394,4,5,191.02333049951537,7.42126360714033e-07,1.1006680720483653e-06,-32.574917038074794
4P->5G,4.941713361323834,4,5,194.1993013008919,7.408180325620235e-07,1.0962458511934513e-06,-32.42227263569425
4P->5G,5.17947467923121,4,5,196.73131935077396,7.392395080635549e-07,1.0878392588648277e-06,-32.045152623471274
4P->5G,5.428675439323859,4,5,199.06221146815645,7.37394936067005e-07,1.0780881672323433e-06,-31.601611215153437
4P->5G,5.689866029018296,4,5,201.4207202257406,7.352883799582544e-07,1.068291421356464e-06,-31.17155438498034
4P->5G,5.963623316594643,4,5,203.80717282820913,7.329238446462804e-07,1.0584579166211614e-06,-30.755504480901784
4P->5G,6.250551925273971,4,5,206.22190035699805,7.303053046491748e-07,1.048596037381909e-06,-30.35398965720195
4P->5G,6.551285568595508,4,5,208.66523781622965,7.274367327830814e-07,1.03871367951016e-06,-29.967540898649915
4P->5G,6.866488450043,4,5,211.13752417918752,7.243221289822704e-07,1.0288182723494468e-06,-29.596688895485677
4P->5G,7.196856730011519,4,5,213.63910243534426,7.209655488067623e-07,1.0189168000525773e-06,-29.241960799001486
4P->5G,7.543120063354617,4,5,216.1703196379462,7.17371131221872e-07,1.0090158222766225e-06,-28.90387688834436
4P->5G,7.906043210907698,4,5,218.7315269521602,7.135431252598462e-07,9.991214942188171e-07,-28.582947180238182
4P->5G,8.286427728546842,4,5,221.3230797037929,7.094859151966947e-07,9.892395859821499e-07,-28.279668014670722
4P->5G,8.685113737513525,4,5,223.9453374285866,7.052040438978801e-07,9.79375501264356e-07,-27.994518651173685
4P->5G,9.102981779915218,4,5,226.59866392209815,7.007022340063004e-07,9.69534295368332e-07,-27.727957911989144
4P->5G,9.54095476349994,4,5,229.28342729017012,6.959854066672082e-07,9.597206925357549e-07,-27.480420909932725
4P->5G,10.0,4,5,231.99999999999997,6.910586975100536e-07,9.499391026088936e-07,-27.25231589981464
4D->5S,1.0,4,5,15.999999999999998,5.127866945455346e-08,9.436768582063252e-08,-45.6607746511657
4D->5S,1.0481131341546857,4,5,16.11804360770787,5.18761956704642e-08,9.417044217769084e-08,-44.91244336245267
4D->5S,1.0985411419875581,4,5,16.236958108748286,5.2455158136506135e-08,9.391300930006124e-08,-44.14495017521291
4D->5S,1.1513953993264474,4,5,16.356749928333187,5.3015661286933924e-08,9.359865493448392e-08,-43.35852227359121
4D->5S,1.2067926406393286,4,5,16.477425539077935,5.355766180383094e-08,9.3230589809594e-08,-42.553552526898706
4D->5S,1.264855216855296,4,5,16.598991461351094,5.4080971154336755e-08,9.281195824335389e-08,-41.73060004559337
4D->5S,1.3257113655901092,4,5,16.721454263626725,5.458526114607252e-08,9.234583017955344e-08,-40.89038883516539
4D->5S,1.3894954943731377,4,5,16.844820562839267,5.507007232393246e-08,9.183519453928713e-08,-40.03380446875031
4D->5S,1.4563484775012439,4,5,16.9690970247411,5.553482497361411e-08,9.128295377608052e-08,-39.16188874667389
4D->5S,1.5264179671752334,4,5,17.094290364262694,5.5978832444144314e-08,9.069191952704287e-08,-38.27583236072941
4D->5S,1.599858719606058,4,5,17.22040734587541,5.6401316454920456e-08,9.00648092568541e-08,-37.37696563141479
4D->5S,1.676832936811008,4,5,17.34745478395706,5.680142401388084e-08,8.940424379636197e-08,-36.46674743621936
4D->5S,1.7575106248547918,4,5,17.475439543160025,5.717824554355809e-08,8.871274568290439e-08,-35.546752494916
4D->5S,1.842069969326716,4,5,17.60436853878224,5.753083379193287e-08,8.799273821504815e-08,-34.6186572222227
4D->5S,1.93069772888325,4,5,17.7342487371408,5.7858223095933254e-08,8.724654514012886e-08,-33.684224397647256
4D->5S,2.023589647725157,4,5,17.865087155948356,5.8159448567601075e-08,8.647639089869146e-08,-32.74528693532569
4D->5S,2.120950887920191,4,5,17.99689086469234,5.843356478655921e-08,8.568440135559061e-08,-31.803731061783726
4D->5S,2.2229964825261948,4,5,18.12966698501691,5.867966360730612e-08,8.487260495304644e-08,-30.861479225517918
4D->5S,2.329951810515372,4,5,18.263422691107767,5.889689072547618e-08,8.404293422631797e-08,-29.920473068118238
4D->5S,2.442053094548651,4,5,18.39816521007979,5.9084460692541664e-08,8.319722762781467e-08,-28.982656781716575
4D->5S,2.5595479226995357,4,5,18.533901822367493,5.92416701220358e-08,8.23372316103853e-08,-28.049961161721193
4D->5S,2.6826957952797255,4,5,18.67063986211848,5.9367908890363536e-08,8.146460292518685e-08,-27.124288637502904
4D->5S,2.8117686979742302,4,5,18.808386717589663,5.946266919937716e-08,8.058091109392844e-08,-26.207499527940293
4D->5S,2.9470517025518106,4,5,18.947149831546483,5.9525552433620123e-08,7.968764101940185e-08,-25.301399725049944
4D->5S,3.088843596477481,4,5,19.066596892141852,5.95562738098557e-08,7.870223795447074e-08,-24.327089854409202
4D->5S,3.237457542817644,4,5,19.174319030602703,5.955466487762573e-08,7.766146857785812e-08,-23.315041592446494
4D->5S,3.393221771895328,4,5,19.28264977578977,5.952067398477588e-08,7.661845951704408e-08,-22.31549112321258
4D->5S,3.5564803062231287,4,5,19.391592566199108,5.945436486916807e-08,7.557439805177918e-08,-21.330018628221957
4D->5S,3.72759372031494,4,5,19.5011508597535,5.935591357570081e-08,7.453039343107063e-08,-20.360123107902183
4D->5S,3.906939937054617,4,5,19.611328133912274,5.922560392538552e-08,7.348748035844785e-08,-19.407219248091746
4D->5S,4.094915062380425,4,5,19.722127885781646,5.906382178029061e-08,7.244662242317215e-08,-18.472635707860185
4D->5S,4.2919342601287775,4,5,19.8335536322257,5.887104835496254e-08,7.140871546537003e-08,-17.55761468148477
4D->5S,4.498432668969445,4,5,19.945608909978066,5.864785282226445e-08,7.037459086510511e-08,-16.663312565921153
4D->5S,4.714866363457394,4,5,20.058297275754153,5.839488445064776e-08,6.934501874722568e-08,-15.790801552009114
4D->5S,4.941713361323834,4,5,20.171622306364007,5.8112864492170706e-08,6.832071109544591e-08,-14.941071952565842
4D->5S,5.17947467923121,4,5,20.27849320603665,5.780257801772868e-08,6.727878741305325e-08,-14.084988388904907
4D->5S,5.428675439323859,4,5,20.383559495288992,5.746486586961189e-08,6.623640158281736e-08,-13.242772106570666
4D->5S,5.689866029018296,4,5,20.489170150684583,5.710061687321416e-08,6.520204478911013e-08,-12.42511326462118
4D->5S,5.963623316594643,4,5,20.595327992676093,5.6710760420888594e-08,6.417621418348872e-08,-11.632742531766304
4D->5S,6.250551925273971,4,5,20.702035856329456,5.629625951276206e-08,6.315936200890104e-08,-10.866326507813307
4D->5S,6.551285568595508,4,5,20.809296591399555,5.585810431273923e-08,6.21518981983199e-08,-10.126470901174834
4D->5S,6.866488450043,4,5,20.917113062406333,5.539730625366652e-08,6.115419286191729e-08,-9.413723473138614
4D->5S,7.196856730011519,4,5,21.02548814871129,5.491489270419291e-08,6.01665786641614e-08,-8.728576689198864
4D->5S,7.543120063354617,4,5,21.13442474459439,5.441190219157046e-08,5.9189353092672086e-08,-8.071470038913297
4D->5S,7.906043210907698,4,5,21.243925759331347,5.3889380159638317e-08,5.822278062104608e-08,-7.442792005439447
4D->5S,8.286427728546842,4,5,21.353994117271313,5.3348375229542606e-08,5.7267094768172204e-08,-6.842881683614821
4D->5S,8.685113737513525,4,5,21.464632757915005,5.27899359222653e-08,5.632250005680594e-08,-6.272030060771005
4D->5S,9.102981779915218,4,5,21.57584463599316,5.221510779657686e-08,5.538917387436786e-08,-5.730480987115505
4D->5S,9.54095476349994,4,5,21.687632721545498,5.162493095330886e-08,5.4467268239081534e-08,-5.218431872324436
4D->5S,10.0,4,5,21.8,5.102043785652801e-08,5.355691147467384e-08,-4.7360341519045335
4D->5P,1.0,4,5,60.50000000000001,2.0648831527521024e-07,3.568278120092668e-07,-42.13222503243449
4D->5P,1.0481131341546857,4,5,61.35835783339143,2.1008147182549528e-07,3.584891460216836e-07,-41.39809415239917
4D->5P,1.0985411419875581,4,5,62.228893818355495,2.1361128914315729e-07,3.5992595686669953e-07,-40.65132423270341
4D->5P,1.1513953993264474,4,5,63.111780735252495,2.1707928079236366e-07,3.6114618204850624e-07,-39.89157532801847
4D->5P,1.2067926406393286,4,5,64.00719381580427,2.2048682378819182e-07,3.6215781508780304e-07,-39.11857908278576
4D->5P,1.264855216855296,4,5,64.91531077787367,2.2383511310160862e-07,3.629688663494226e-07,-38.33214530137491
4D->5P,1.3257113655901092,4,5,65.83631186073691,2.2712512112246374e-07,3.63587327925454e-07,-37.53216801630913
4D->5P,1.3894954943731377,4,5,66.77037986085699,2.303575626089608e-07,3.640211423510912e-07,-36.718630923149654
4D->5P,1.4563484775012439,4,5,67.71770016816423,2.3353286554411532e-07,3.6427817492353143e-07,-35.891612064560796
4D->5P,1.5264179671752334,4,5,68.67846080285175,2.3665114820460052e-07,3.643661893912171e-07,-35.05128766200916
4D->5P,1.599858719606058,4,5,69.65285245269297,2.3971220262797997e-07,3.642928267809038e-07,-34.19793501117995
4D->5P,1.676832936811008,4,5,70.64106851088837,2.427154845435398e-07,3.640655871329122e-07,-33.33193437617332
4D->5P,1.7575106248547918,4,5,71.64330511444972,2.4566010971278216e-07,3.6369181391998483e-07,-32.45376983744006
4D->5P,1.842069969326716,4,5,72.65976118312807,2.4854485651111446e-07,3.6317868093195295e-07,-31.564029068742848
4D->5P,1.93069772888325,4,5,73.69063845889481,2.513681744753038e-07,3.625331814165948e-07,-30.663402038653352
4D->5P,2.023589647725157,4,5,74.73614154598253,2.541281984445507e-07,3.617621192762237e-07,-29.75267865165535
4D->5P,2.120950887920191,4,5,75.79647795149401,2.5682276783888245e-07,3.6087210212945933e-07,-28.83274536230296
4D->5P,2.2229964825261948,4,5,76.87185812658733,2.594494505487728e-07,3.5986953605802225e-07,-27.904580812602752
4D->5P,2.329951810515372,4,5,77.96249550824535,2.620055708556258e-07,3.587606218690464e-07,-26.969250557475554
4D->5P,2.442053094548651,4,5,79.06860656163778,2.6448824076448183e-07,3.57551352714164e-07,-26.027900955552884
4D->5P,2.5595479226995357,4,5,80.19041082308449,2.6689439410782786e-07,3.5624751291732276e-07,-25.081752312536654
4D->5P,2.6826957952797255,4,5,81.32813094362781,2.6922082277185093e-07,3.548546778738245e-07,-24.132091371900234
4D->5P,2.8117686979742302,4,5,82.48199273322362,2.7146421440250287e-07,3.533782148933667e-07,-23.180263252951715
4D->5P,2.9470517025518106,4,5,83.6522252055591,2.7362119096657747e-07,3.51823284869789e-07,-22.227662939408454
4D->5P,3.088843596477481,4,5,84.4264122629375,2.756883475706225e-07,3.48491533394638e-07,-20.89094822902682
4D->5P,3.237457542817644,4,5,84.95465064843927,2.776622909758814e-07,3.4409059958513143e-07,-19.305470329425557
4D->5P,3.393221771895328,4,5,85.48619411092383,2.7953967728858293e-07,3.3967429678557884e-07,-17.70361197949464
4D->5P,3.5564803062231287,4,5,86.02106332956608,2.813172483500736e-07,3.3524786882319345e-07,-16.08678995109806
4D->5P,3.72759372031494,4,5,86.55927911292581,2.829918663990751e-07,3.3081622586236235e-07,-14.456473330055097
4D->5P,3.906939937054617,4,5,87.10086239975789,2.8456054662772894e-07,3.263839588578223e-07,-12.814175174678933
4D->5P,4.094915062380425,4,5,87.64583425982659,2.8602048730338876e-07,3.219553538217982e-07,-11.16144399894009
4D->5P,4.2919342601287775,4,5,88.19421589472502,2.87369097178975e-07,3.1753440585075307e-07,-9.499855170326422
4D->5P,4.498432668969445,4,5,88.74602863870058,2.8860401996596447e-07,3.131248328661992e-07,-7.831002311692304
4D->5P,4.714866363457394,4,5,89.30129395948424,2.89723155695698e-07,3.087300890319025e-07,-6.156488794404613
4D->5P,4.941713361323834,4,5,89.86003345912633,2.9072467884654614e-07,3.0435337781687324e-07,-4.477919406738895
4D->5P,5.17947467923121,4,5,90.37668417958912,2.916070531663193e-07,2.9984642646945587e-07,-2.747864431853042
4D->5P,5.428675439323859,4,5,90.8810665113745,2.923690431706678e-07,2.9531813710521864e-07,-0.9986159209382062
4D->5P,5.689866029018296,4,5,91.38826374546491,2.9300972234830905e-07,2.9082201095058605e-07,0.7522509697846402
4D->5P,5.963623316594643,4,5,91.89829159152042,2.935284781517452e-07,2.8636030687986085e-07,2.503200024468355
4D->5P,6.250551925273971,4,5,92.41116584687501,2.93925013896484e-07,2.819350868626225e-07,4.252726103474935
4D->5P,6.551285568595508,4,5,92.92690239702584,2.941993477313673e-07,2.7754822717324325e-07,5.999361166061634
4D->5P,6.866488450043,4,5,93.44551721612527,2.943518088762728e-07,2.732014291296814e-07,7.741679761328002
4D->5P,7.196856730011519,4,5,93.96702636747558,2.943830313501566e-07,2.688962293663835e-07,9.478303970207836
4D->5P,7.543120063354617,4,5,94.49144600402681,2.942939454315556e-07,2.646340096481694e-07,11.207907790392868
4D->5P,7.906043210907698,4,5,95.0187923688766,2.9408576710506057e-07,2.6041600623367825e-07,12.929220963925525
4D->5P,8.286427728546842,4,5,95.5490817957736,2.9375998575121944e-07,2.562433187983669e-07,14.641032253556507
4D->5P,8.685113737513525,4,5,96.0823307096233,2.933183503346183e-07,2.5211691892819824e-07,16.342192178762115
4D->5P,9.102981779915218,4,5,96.61855562699684,2.9276285433669116e-07,2.4803765819607136e-07,18.03161522564649
4D->5P,9.54095476349994,4,5,97.15777315664246,2.920957196675654e-07,2.440062758337587e-07,19.70828154705744
4D->5P,10.0,4,5,97.70000000000003,2.9131937977650566e-07,2.4002340601264384e-07,21.371238170480634
4D->5D,1.0,4,5,159.0,4.761846689859277e-07,9.377788778425357e-07,-49.22207353598716
4D->5D,1.0481131341546857,4,5,164.14992180989398,4.853427113541655e-07,9.590537844728766e-07,-49.39358780374098
4D->5D,1.0985411419875581,4,5,169.4666467307818,4.942280499673132e-07,9.80178840389027e-07,-49.57776789272894
4D->5D,1.1513953993264474,4,5,174.95557742291055,5.028314676215192e-07,1.0011528446555595e-06,-49.7747551429557
4D->5D,1.2067926406393286,4,5,180.62229153569572,5.111448098277189e-07,1.0219753524418402e-06,-49.984624520892474
4D->5D,1.264855216855296,4,5,186.47254737552407,5.191610560020183e-07,1.0426466162625676e-06,-50.20738111029567
4D->5D,1.3257113655901092,4,5,192.5122897571324,5.26874385857519e-07,1.0631675293972499e-06,-50.442957361929196
4D->5D,1.3894954943731377,4,5,198.74765604450903,5.34280239594902e-07,1.0835395716437573e-06,-50.69121114013537
4D->5D,1.4563484775012439,4,5,205.18498238745823,5.413753704384777e-07,1.1037647575184402e-06,-50.95192460614207
4D->5D,1.5264179671752334,4,5,211.8308101601619,5.481578880401928e-07,1.1238455869777965e-06,-51.224803977361475
4D->5D,1.599858719606058,4,5,218.69189260828364,5.546272912824367e-07,1.1437849987040597e-06,-51.50948019856486
4D->5D,1.676832936811008,4,5,225.77520171136786,5.607844890562978e-07,1.163586325968884e-06,-51.80551055467679
4D->5D,1.7575106248547918,4,5,233.0879352675099,5.666318076787244e-07,1.1832532550652386e-06,-52.112381246102444
4D->5D,1.842069969326716,4,5,240.63752420749316,5.721729837420969e-07,1.2027897862772173e-06,-52.42951093615096
4D->5D,1.93069772888325,4,5,248.43164014582683,5.774131413642084e-07,1.2222001973405076e-06,-52.75625526647335
4D->5D,2.023589647725157,4,5,256.4782031763597,5.823587530256999e-07,1.241489009332265e-06,-53.09191232076056
4D->5D,2.120950887920191,4,5,264.78538992038733,5.870175834445103e-07,1.2606609549178306e-06,-53.43572899957294
4D->5D,2.2229964825261948,4,5,273.3616418354331,5.913986162405038e-07,1.2797209488728645e-06,-53.786908250475385
4D->5D,2.329951810515372,4,5,282.21567379314837,5.955119634838919e-07,1.2986740607926514e-06,-54.14461707809745
4D->5D,2.442053094548651,4,5,291.35648293504306,5.993687585920815e-07,1.3175254898953673e-06,-54.50799523888672
4D->5D,2.5595479226995357,4,5,300.79335781505074,6.029810334323944e-07,1.336280541822774e-06,-54.87616450585377
4D->5D,2.6826957952797255,4,5,310.5358878382141,6.063615808913947e-07,1.3549446073397746e-06,-55.24823837028345
4D->5D,2.8117686979742302,4,5,320.59397300508704,6.095238045717313e-07,1.373523142833532e-06,-55.62333203106399
4D->5D,2.9470517025518106,4,5,330.97783397175033,6.124815576589948e-07,1.392021652512962e-06,-56.00057250881796
4D->5D,3.088843596477481,4,5,339.2633849153048,6.152489733477099e-07,1.4003960853574262e-06,-56.06607446416285
4D->5D,3.237457542817644,4,5,346.24240347687254,6.17840289511076e-07,1.402380626661347e-06,-55.9434665764051
4D->5D,3.393221771895328,4,5,353.3649880766521,6.202696705285603e-07,1.404074717349516e-06,-55.82359949480119
4D->5D,3.5564803062231287,4,5,360.6340920249334,6.22551029336846e-07,1.4054907728022877e-06,-55.70579036277877
4D->5D,3.72759372031494,4,5,368.05272938482557,6.246978528343653e-07,1.4066408142630593e-06,-55.58938383558526
4D->5D,3.906939937054617,4,5,375.6239762220097,6.267230337436675e-07,1.4075364700590702e-06,-55.47376234468967
4D->5D,4.094915062380425,4,5,383.3509718801994,6.286387119198416e-07,1.4081889781975818e-06,-55.35835589876078
4D->5D,4.2919342601287775,4,5,391.23692028283864,6.30456127892462e-07,1.4086091901670845e-06,-55.24265124113812
4D->5D,4.498432668969445,4,5,399.2850912615789,6.321854911526695e-07,1.4088075757874004e-06,-55.12620019811201
4D->5D,4.714866363457394,4,5,407.4988219120807,6.338358653588252e-07,1.4087942289659365e-06,-55.00862707082037
4D->5D,4.941713361323834,4,5,415.88151797770945,6.354150722488881e-07,1.4085788742299808e-06,-54.88963494527444
4D->5D,5.17947467923121,4,5,422.2520855763982,6.369296156312682e-07,1.40092303760301e-06,-54.53500309902394
4D->5D,5.428675439323859,4,5,427.98527769315916,6.383846263942109e-07,1.3907386848390967e-06,-54.09744236257657
4D->5D,5.689866029018296,4,5,433.7963131006237,6.397838290411044e-07,1.3804564278652676e-06,-53.654181607856785
4D->5D,5.963623316594643,4,5,439.68624872794817,6.411295298374307e-07,1.3700873752500514e-06,-53.205208556832396
4D->5D,6.250551925273971,4,5,445.6561558549059,6.42422626253568e-07,1.3596420503990882e-06,-52.75060623014702
4D->5D,6.551285568595508,4,5,451.7071203067347,6.436626370123149e-07,1.3491304155068622e-06,-52.29055474444302
4D->5D,6.866488450043,4,5,457.8402426516303,6.448477517043427e-07,1.338561895015343e-06,-51.82533179035765
4D->5D,7.196856730011519,4,5,464.05663840092063,6.459748986200856e-07,1.3279453985322397e-06,-51.35531179715122
4D->5D,7.543120063354617,4,5,470.3574382119601,6.470398291633303e-07,1.3172893431704665e-06,-50.88096381270134
4D->5D,7.906043210907698,4,5,476.74378809377447,6.480372169602913e-07,1.3066016752783066e-06,-50.40284815016335
4D->5D,8.286427728546842,4,5,483.21684961550255,6.489607695597771e-07,1.2958898915368194e-06,-49.921611874743256
4D->5D,8.685113737513525,4,5,489.77780011766515,6.498033504381858e-07,1.285161059407244e-06,-49.43798322539471
4D->5D,9.102981779915218,4,5,496.42783292630384,6.505571088826e-07,1.2744218369166513e-06,-48.9527650862791
4D->5D,9.54095476349994,4,5,503.1681575700264,6.512136152326449e-07,1.2636784917749226e-06,-48.46682764078931
4D->5D,10.0,4,5,509.9999999999999,6.517639989243703e-07,1.252936919820351e-06,-47.981100355968294
4D->5F,1.0,4,5,195.0,1.430799402923774e-06,1.150106170938959e-06,24.40585391830861
4D->5F,1.0481131341546857,4,5,203.63498218640552,1.5248976432798426e-06,1.1897471419031021e-06,28.169893380927856
4D->5F,1.0985411419875581,4,5,212.65233830798797,1.6234222043325903e-06,1.229960740887654e-06,31.989757913815843
4D->5F,1.1513953993264474,4,5,222.06900063202363,1.7263330540383843e-06,1.2707512099208683e-06,35.85137992084901
4D->5F,1.2067926406393286,4,5,231.90265121976927,1.8335648584168843e-06,1.3121237234756466e-06,39.74024138211658
4D->5F,1.264855216855296,4,5,242.17175512880965,1.9450267954468225e-06,1.3540843657320194e-06,43.641477936667485
4D->5F,1.3257113655901092,4,5,252.8955950856703,2.060602614805291e-06,1.3966401072984898e-06,47.53998571551112
4D->5F,1.3894954943731377,4,5,264.09430769379946,2.1801509417451e-06,1.4397987816671912e-06,51.42052969517241
4D->5F,1.4563484775012439,4,5,275.78892124491256,2.3035058201741686e-06,1.4835690616447847e-06,55.267852351972515
4D->5F,1.5264179671752334,4,5,288.00139520469594,2.430477486968684e-06,1.5279604359702199e-06,59.06678142653521
4D->5F,1.599858719606058,4,5,300.75466144701636,2.560853366742818e-06,1.5729831863021038e-06,62.802335653890836
4D->5F,1.676832936811008,4,5,314.07266731405946,2.694399273730975e-06,1.6186483647323146e-06,66.45982737433917
4D->5F,1.7575106248547918,4,5,327.9804205832583,2.830860805130343e-06,1.6649677719587289e-06,70.02496101170865
4D->5F,1.842069969326716,4,5,342.50403642544376,2.969964908218364e-06,1.711953936228271e-06,73.48392648704716
4D->5F,1.93069772888325,4,5,357.670786442396,3.11142160181831e-06,1.7596200931420453e-06,76.82348672561676
4D->5F,2.023589647725157,4,5,373.50914987587157,3.2549258312538534e-06,1.8079801663967421e-06,80.03105851215375
4D->5F,2.120950887920191,4,5,390.04886708426926,3.400159434826207e-06,1.8570487495209514e-06,83.09478605251046
4D->5F,2.2229964825261948,4,5,407.3209953873478,3.5467931990777437e-06,1.906841088651126e-06,86.00360670781949
4D->5F,2.329951810515372,4,5,425.35796738385403,3.694488979681047e-06,1.9573730663796643e-06,88.74730847882428
4D->5F,2.442053094548651,4,5,444.1936518515732,3.842901864711299e-06,2.0086611866969603e-06,91.31657893139071
4D->5F,2.5595479226995357,4,5,463.86341734415095,3.991682357313355e-06,2.060722561039844e-06,93.70304536769596
4D->5F,2.6826957952797255,4,5,484.4041986041096,4.140478555343325e-06,2.1135748954508283e-06,95.89930615920548
4D->5F,2.8117686979742302,4,5,505.8545659167584,4.288938306420174e-06,2.167236478845637e-06,97.89895326534213
4D->5F,2.9470517025518106,4,5,528.2547975352354,4.436711317930053e-06,2.2217261723806603e-06,99.69658606379721
4D->5F,3.088843596477481,4,5,549.7597769592256,4.58345120284464e-06,2.269273590289939e-06,101.97878397990014
4D->5F,3.237457542817644,4,5,570.9451692772127,4.7288174437023184e-06,2.3124910069939725e-06,104.49019820619108
4D->5F,3.393221771895328,4,5,592.9469560759851,4.872477258716872e-06,2.3560393866045646e-06,106.80797131065378
4D->5F,3.5564803062231287,4,5,615.79659770984,5.014107355686271e-06,2.3999296104939076e-06,108.9272674399131
4D->5F,3.72759372031494,4,5,639.5267668806779,5.153395561144349e-06,2.4441727510393715e-06,110.84416226115339
4D->5F,3.906939937054617,4,5,664.1713953567008,5.290042314009276e-06,2.4887800580175015e-06,112.55563732791995
4D->5F,4.094915062380425,4,5,689.7657224914423,5.423762014820856e-06,2.5337629462290426e-06,114.05956792023306
4D->5F,4.2919342601287775,4,5,716.34634561252,5.5542842235163364e-06,2.5791329842871774e-06,115.35470475367649
4D->5F,4.498432668969445,4,5,743.9512723521558,5.681354700567789e-06,2.6249018845028044e-06,116.44064999572059
4D->5F,4.714866363457394,4,5,772.6199749942834,5.804736288189914e-06,2.6710814938026796e-06,117.31782806544078
4D->5F,4.941713361323834,4,5,802.3934469159683,5.924209630218488e-06,2.717683785618449e-06,117.98745172519571
4D->5F,5.17947467923121,4,5,829.7328100418407,6.039573731144246e-06,2.752838525488786e-06,119.39440600032567
4D->5F,5.428675439323859,4,5,856.7758146620628,6.150646356643574e-06,2.784094060682472e-06,120.92092517649533
4D->5F,5.689866029018296,4,5,884.7002163899302,6.257264279746559e-06,2.815353804461637e-06,122.25498869201972
4D->5F,5.963623316594643,4,5,913.5347420948231,6.3592833784868e-06,2.846626249098044e-06,123.39720152941554
4D->5F,6.250551925273971,4,5,943.309054924465,6.456578592443587e-06,2.877919761115327e-06,124.34880498340806
4D->5F,6.551285568595508,4,5,974.0537848205062,6.549043746970797e-06,2.9092425785729383e-06,125.11164229499485
4D->5F,6.866488450043,4,5,1005.8005600286813,6.636591255067557e-06,2.9406028090542967e-06,125.68812199434363
4D->5F,7.196856730011519,4,5,1038.582039635961,6.719151707749861e-06,2.972008428292891e-06,126.0811794403057
4D->5F,7.543120063354617,4,5,1072.4319471681686,6.796673364409099e-06,3.0034672793748105e-06,126.29423703340183
4D->5F,7.906043210907698,4,5,1107.3851052826224,6.86912155498695e-06,3.034987072460636e-06,126.33116355971046
4D->5F,8.286427728546842,4,5,1143.4774715914982,6.93647800586689e-06,3.0665753849738343e-06,126.19623309622554
4D->5F,8.685113737513525,4,5,1180.7461756527603,6.998740101206446e-06,3.098239662206818e-06,125.89408387540217
4D->5F,9.102981779915218,4,5,1219.2295571667166,7.0559200910510505e-06,3.1299872182995635e-06,125.42967746955655
4D->5F,9.54095476349994,4,5,1258.9672054174928,7.108044257027135e-06,3.1618252375492483e-06,124.80825861636258
4D->5F,10.0,4,5,1300.0,7.155152045761057e-06,3.19376077601266e-06,124.03531596671766
4D->5G,1.0,4,5,261.00000000000006,1.046610591636442e-06,1.5393728749490685e-06,-32.01058634536028
4D->5G,1.0481131341546857,4,5,267.867284608122,1.0794110569509413e-06,1.565027446905602e-06,-31.02925708522425
4D->5G,1.0985411419875581,4,5,274.9152573307612,1.1122646051538559e-06,1.5900834962752047e-06,-30.04992456312181
4D->5G,1.1513953993264474,4,5,282.14867233154825,1.1451215322260473e-06,1.6145466756839086e-06,-29.074733516701624
4D->5G,1.2067926406393286,4,5,289.57240886298325,1.1779300380359982e-06,1.6384238185057863e-06,-28.105901249027887
4D->5G,1.264855216855296,4,5,297.1914745577019,1.2106364352778273e-06,1.6617228095546627e-06,-27.145705149087128
4D->5G,1.3257113655901092,4,5,305.0110088063423,1.2431853819099542e-06,1.684452463168459e-06,-26.1964698266688
4D->5G,1.3894954943731377,4,5,313.0362862242872,1.2755201345727142e-06,1.7066224087113593e-06,-25.26055394199136
4D->5G,1.4563484775012439,4,5,321.27272020961937,1.307582820337368e-06,1.7282429834452418e-06,-24.340336812436536
4D->5G,1.5264179671752334,4,5,329.7258665946962,1.3393147240226159e-06,1.7493251326598984e-06,-23.43820488155053
4D->5G,1.599858719606058,4,5,338.40142739379746,1.37065658820403e-06,1.7698803169002596e-06,-22.556538138998217
4D->5G,1.676832936811008,4,5,347.3052546493833,1.4015489229368352e-06,1.7899204260873261e-06,-21.69769658416888
4D->5G,1.7575106248547918,4,5,356.44335437955056,1.4319323221171291e-06,1.8094577002963612e-06,-20.864006830190018
4D->5G,1.842069969326716,4,5,365.82189062935146,1.4617477833279321e-06,1.8285046569304088e-06,-20.057748948704766
4D->5G,1.93069772888325,4,5,375.447189628712,1.490937027963736e-06,1.8470740240083664e-06,-19.28114365832353
4D->5G,2.023589647725157,4,5,385.32574405974606,1.519442818410367e-06,1.865178679273613e-06,-18.53633996062466
4D->5G,2.120950887920191,4,5,395.46421743635415,1.547209269085308e-06,1.8828315948211646e-06,-17.825403326511246
4D->5G,2.2229964825261948,4,5,405.86944859905014,1.57418214822421e-06,1.900045786937318e-06,-17.15030453231169
4D->5G,2.329951810515372,4,5,416.54845632805853,1.6003091674359791e-06,1.9168342708455325e-06,-16.51290923914519
4D->5G,2.442053094548651,4,5,427.50844407778544,1.6255402562414218e-06,1.933210020054937e-06,-15.914968400834805
4D->5G,2.5595479226995357,4,5,438.75680483586024,1.6498278190546843e-06,1.9491859300130984e-06,-15.358109575334478
4D->5G,2.6826957952797255,4,5,450.30112611002943,1.6731269723544872e-06,1.9647747857718945e-06,-14.843829202685367
4D->5G,2.8117686979742302,4,5,462.1491950462569,1.6953957601123377e-06,1.979989233384152e-06,-14.373485899486106
4D->5G,2.9470517025518106,4,5,474.30900368149486,1.7165953458844987e-06,1.994841754758854e-06,-13.948294806371297
4D->5G,3.088843596477481,4,5,485.7073681102424,1.7366901803200082e-06,2.0048809484720714e-06,-13.376892446229915
4D->5G,3.237457542817644,4,5,496.70519259897134,1.7556481431760152e-06,2.0117978972769525e-06,-12.732380049091718
4D->5G,3.393221771895328,4,5,507.95203975325154,1.7734406592536843e-06,2.0183171528271177e-06,-12.132706360366974
4D->5G,3.5564803062231287,4,5,519.453548168973,1.790042787965818e-06,2.024454107351625e-06,-11.578989048680487
4D->5G,3.72759372031494,4,5,531.2154841162017,1.80543328651766e-06,2.030223719235287e-06,-11.072200102277275
4D->5G,3.906939937054617,4,5,543.2437444300929,1.8195946469252886e-06,2.035640509712492e-06,-10.613163854639396
4D->5G,4.094915062380425,4,5,555.5443594672644,1.832513107315165e-06,2.040718561543432e-06,-10.202556009036224
4D->5G,4.2919342601287775,4,5,568.1234961291104,1.8441786381494842e-06,2.045471519453687e-06,-9.84090364445479
4D->5G,4.498432668969445,4,5,580.9874609535697,1.8545849042120364e-06,2.04991259213498e-06,-9.528586178375065
4D->5G,4.714866363457394,4,5,594.1427032769044,1.8637292033749184e-06,2.0540545556210585e-06,-9.265837254677677
4D->5G,4.941713361323834,4,5,607.5958184670676,1.8716123833527923e-06,2.057909757867763e-06,-9.052747517364267
4D->5G,5.17947467923121,4,5,619.1192536181318,1.8782387378409075e-06,2.054077303687571e-06,-8.560464863274142
4D->5G,5.428675439323859,4,5,630.1060623497451,1.8836158836249445e-06,2.0475304225060106e-06,-8.00547513625942
4D->5G,5.689866029018296,4,5,641.2878415420568,1.8877546204404288e-06,2.0407502236267916e-06,-7.497027388019162
4D->5G,5.963623316594643,4,5,652.6680511151834,1.8906687755392452e-06,2.033750793091675e-06,-7.035376115817938
4D->5G,6.250551925273971,4,5,664.2502123885271,1.8923750350805448e-06,2.0265455977320924e-06,-6.620653529913067
4D->5G,6.551285568595508,4,5,676.0379091703618,1.892892764591317e-06,2.0191475057512e-06,-6.25287359146709
4D->5G,6.866488450043,4,5,688.0347888667503,1.8922438208270502e-06,2.0115688072503677e-06,-5.931936605560306
4D->5G,7.196856730011519,4,5,700.2445636101432,1.890452357395193e-06,2.003821234618203e-06,-5.657634287152902
4D->5G,7.543120063354617,4,5,712.6710114080055,1.8875446264773948e-06,1.9959159827110655e-06,-5.429655214568163
4D->5G,7.906043210907698,4,5,725.3179773118226,1.8835487788982394e-06,1.9878637287638647e-06,-5.2475905846168125
4D->5G,8.286427728546842,4,5,738.1893746068595,1.878494664641371e-06,1.979674651978911e-06,-5.110940185873414
4D->5G,8.685113737513525,4,5,751.2891860230253,1.8724136357158043e-06,1.971358452748567e-06,-5.019118511644027
4D->5G,9.102981779915218,4,5,764.6214649672296,1.8653383530381678e-06,1.962924371474751e-06,-4.971460941374239
4D->5G,9.54095476349994,4,5,778.1903367776076,1.8573025987352785e-06,1.95438120695483e-06,-4.967229928024741
4D->5G,10.0,4,5,792.0000000000001,1.8483410950027042e-06,1.9457373343092517e-06,-5.005621138534799
4F->5S,1.0,4,5,10.8,2.1162176585842865e-08,4.549870566351927e-08,-53.48839867589763
4F->5S,1.0481131341546857,4,5,10.74380749684002,2.101063655105469e-08,4.48365786849139e-08,-53.13951874270882
4F->5S,1.0985411419875581,4,5,10.687907363810723,2.0844359403022174e-08,4.415559407007353e-08,-52.793389281677804
4F->5S,1.1513953993264474,4,5,10.632298079707532,2.066463808331027e-08,4.345819674636011e-08,-52.449388998081105
4F->5S,1.2067926406393286,4,5,10.576978131240695,2.0472697687919737e-08,4.2746705061943825e-08,-52.10695734734887
4F->5S,1.264855216855296,4,5,10.52194601299414,2.0269692729842885e-08,4.202331105781136e-08,-51.765598141569754
4F->5S,1.3257113655901092,4,5,10.467200227384483,2.0056705681055608e-08,4.12900815671632e-08,-51.42488239353317
4F->5S,1.3894954943731377,4,5,10.412739284620274,1.9834746685855452e-08,4.0548960025286907e-08,-51.0844503200915
4F->5S,1.4563484775012439,4,5,10.35856170266147,1.9604754329802522e-08,3.980176888241059e-08,-50.74401243893871
4F->5S,1.5264179671752334,4,5,10.3046660071791,1.9367597341971602e-08,3.905021252133195e-08,-50.40334970932189
4F->5S,1.599858719606058,4,5,10.251050731515122,1.9124077103057415e-08,3.829588059066031e-08,-50.06231268717336
4F->5S,1.676832936811008,4,5,10.19771441664255,1.887493082838689e-08,3.754025167321229e-08,-49.72081968790973
4F->5S,1.7575106248547918,4,5,10.144655611125717,1.862083529336063e-08,3.678469721739494e-08,-49.37885397475799
4F->5S,1.842069969326716,4,5,10.091872871080803,1.836241096949486e-08,3.603048566724786e-08,-49.03646001589562
4F->5S,1.93069772888325,4,5,10.039364760136516,1.810022644221003e-08,3.527878673416316e-08,-48.69373887883114
4F->5S,2.023589647725157,4,5,9.98712984939502,1.7834802986863724e-08,3.4530675760144055e-08,-48.35084285419927
4F->5S,2.120950887920191,4,5,9.93516671739305,1.756661918719502e-08,3.3787138128791804e-08,-48.00796942246619
4F->5S,2.2229964825261948,4,5,9.88347395006323,1.729611549017128e-08,3.304907368603115e-08,-47.66535469500366
4F->5S,2.329951810515372,4,5,9.832050140695591,1.702369860294133e-08,3.231730113790548e-08,-47.32326647482961
4F->5S,2.442053094548651,4,5,9.780893889899282,1.67497456508507e-08,3.1592562397612945e-08,-46.98199709145382
4F->5S,2.5595479226995357,4,5,9.73000380556451,1.64746080298465e-08,3.0875526858332816e-08,-46.64185616835793
4F->5S,2.6826957952797255,4,5,9.679378502824619,1.6198614901629334e-08,3.016679557233092e-08,-46.30316348055623
4F->5S,2.8117686979742302,4,5,9.629016604018451,1.5922076295116367e-08,2.9466905320362586e-08,-45.96624205354304
4F->5S,2.9470517025518106,4,5,9.57891673865282,1.5645285792685358e-08,2.8776332558532916e-08,-45.63141164405909
4F->5S,3.088843596477481,4,5,9.509900206555066,1.5368522793825924e-08,2.8038954843140033e-08,-45.188674542960136
4F->5S,3.237457542817644,4,5,9.42978294255413,1.509205436183268e-08,2.7280938728528784e-08,-44.67912372073067
4F->5S,3.393221771895328,4,5,9.350340635792655,1.4816136670699025e-08,2.6537872269487974e-08,-44.1698395400978
4F->5S,3.5564803062231287,4,5,9.271567600014624,1.4541016079155124e-08,2.5809901819765255e-08,-43.6610949522497
4F->5S,3.72759372031494,4,5,9.193458196868534,1.4266929866667682e-08,2.5097128931093474e-08,-43.15313952508719
4F->5S,3.906939937054617,4,5,9.116006835503839,1.3994106672097501e-08,2.4399614079358106e-08,-42.64619667105139
4F->5S,4.094915062380425,4,5,9.039207972170765,1.3722766679596222e-08,2.3717380177408823e-08,-42.14046164901731
4F->5S,4.2919342601287775,4,5,8.9630561098235,1.3453121598293717e-08,2.3050415880180464e-08,-41.63610032797208
4F->5S,4.498432668969445,4,5,8.88754579772675,1.318537448252872e-08,2.2398678688513984e-08,-41.13324868002074
4F->5S,4.714866363457394,4,5,8.81267163106556,1.2919719438006187e-08,2.1762097858628237e-08,-40.63201295235525
4F->5S,4.941713361323834,4,5,8.73842825055848,1.2656341256562874e-08,2.1140577124610724e-08,-40.13247045262052
4F->5S,5.17947467923121,4,5,8.664411390181662,1.2395415018447217e-08,2.0533051799421314e-08,-39.63189135481283
4F->5S,5.428675439323859,4,5,8.59088994936067,1.2137105696438647e-08,1.99400767344303e-08,-39.132101355048206
4F->5S,5.689866029018296,4,5,8.517992371144647,1.1881567791007425e-08,1.9361814628764298e-08,-38.63401742646616
4F->5S,5.963623316594643,4,5,8.445713361777843,1.1628945020296048e-08,1.8798088223509203e-08,-38.13761866617534
4F->5S,6.250551925273971,4,5,8.374047672424421,1.1379370083210463e-08,1.824870586548559e-08,-37.642865378565496
4F->5S,6.551285568595508,4,5,8.30299009878728,1.1132964508538542e-08,1.7713463276064465e-08,-37.149701698469684
4F->5S,6.866488450043,4,5,8.232535480730128,1.0889838597928879e-08,1.7192145187158785e-08,-36.658058204029395
4F->5S,7.196856730011519,4,5,8.162678701902763,1.0650091465895297e-08,1.6684526851908063e-08,-36.1678544412703
4F->5S,7.543120063354617,4,5,8.09341468936952,1.0413811175864207e-08,1.619037543735498e-08,-35.67900129210647
4F->5S,7.906043210907698,4,5,8.024738413240883,1.0181074967722932e-08,1.57094513061719e-08,-35.19140312861844
4F->5S,8.286427728546842,4,5,7.956644886308216,9.951949569403341e-09,1.5241509194237083e-08,-34.70495970854225
4F->5S,8.685113737513525,4,5,7.889129163681604,9.726491582764814e-09,1.4786299290590655e-08,-34.21956777951654
4F->5S,9.102981779915218,4,5,7.822186342430752,9.504747932421558e-09,1.434356822602254e-08,-33.735122372285616
4F->5S,9.54095476349994,4,5,7.755811561228939,9.286756365166749e-09,1.3913059976262649e-08,-33.25151777530557
4F->5S,10.0,4,5,7.6899999999999995,9.072545987238167e-09,1.3494516685460088e-08,-32.76864819461414
4F->5P,1.0,4,5,40.49999999999999,8.203500800929807e-08,1.706201462381972e-07,-51.91950668312539
4F->5P,1.0481131341546857,4,5,40.46545343226852,8.176547894573202e-08,1.6887239345737161e-07,-51.58150052135546
4F->5P,1.0985411419875581,4,5,40.43093633281709,8.14289651287572e-08,1.670347573024188e-07,-51.250286800292166
4F->5P,1.1513953993264474,4,5,40.39644867650922,8.102996312284661e-08,1.6511546245948246e-07,-50.92527258449191
4F->5P,1.2067926406393286,4,5,40.36199043822989,8.057285005969456e-08,1.6312240410897254e-07,-50.60589592226182
4F->5P,1.264855216855296,4,5,40.3275615928854,8.006186127833326e-08,1.610631401195171e-07,-50.29163021475724
4F->5P,1.3257113655901092,4,5,40.29316211540358,7.95010720620179e-08,1.589448863308567e-07,-49.98198816127374
4F->5P,1.3894954943731377,4,5,40.25879198073358,7.889438335033769e-08,1.5677451457026836e-07,-49.67652518868032
4F->5P,1.4563484775012439,4,5,40.224451163845934,7.824551125920632e-08,1.5455855306956895e-07,-49.374842281302335
4F->5P,1.5264179671752334,4,5,40.19013963973252,7.755798019780708e-08,1.5230318897285586e-07,-49.076588139182164
4F->5P,1.599858719606058,4,5,40.155857383406556,7.683511933123044e-08,1.5001427264844222e-07,-48.78146060722289
4F->5P,1.676832936811008,4,5,40.12160436990259,7.608006210146015e-08,1.4769732354155137e-07,-48.489207334852814
4F->5P,1.7575106248547918,4,5,40.08738057427641,7.529574848851106e-08,1.4535753732694785e-07,-48.19962564503907
4F->5P,1.842069969326716,4,5,40.05318597160514,7.448492966880267e-08,1.4299979414256903e-07,-47.91256161212224
4F->5P,1.93069772888325,4,5,40.01902053698713,7.365017471005741e-08,1.4062866770618925e-07,-47.62790836934313
4F->5P,2.023589647725157,4,5,39.984884245541984,7.279387893179815e-08,1.3824843513708196e-07,-47.345603688303264
4F->5P,2.120950887920191,4,5,39.95077707241053,7.191827355833466e-08,1.3586308732343966e-07,-47.06562689310607
4F->5P,2.2229964825261948,4,5,39.9166989927548,7.102543629719306e-08,1.3347633969392302e-07,-46.78799519071113
4F->5P,2.329951810515372,4,5,39.88264998175803,7.011730249018047e-08,1.310916432681016e-07,-46.51275951528022
4F->5P,2.442053094548651,4,5,39.84863001462456,6.919567650630123e-08,1.2871219587572708e-07,-46.239999997272704
4F->5P,2.5595479226995357,4,5,39.81463906657995,6.826224307483213e-08,1.263409534487531e-07,-45.96982117716808
4F->5P,2.6826957952797255,4,5,39.78067711287087,6.731857829198822e-08,1.2398064130281512e-07,-45.70234708855335
4F->5P,2.8117686979742302,4,5,39.746744128765094,6.636616007445992e-08,1.2163376533655775e-07,-45.4377163357343
4F->5P,2.9470517025518106,4,5,39.71284008955151,6.54063778761593e-08,1.1930262308778501e-07,-45.17607728705838
4F->5P,3.088843596477481,4,5,39.540568423207176,6.44405415291412e-08,1.1658126672309313e-07,-44.72478868993416
4F->5P,3.237457542817644,4,5,39.28520332858429,6.346988911420129e-08,1.1365449570513811e-07,-44.15540826570934
4F->5P,3.393221771895328,4,5,39.03148745991216,6.249559380951087e-08,1.107780635000857e-07,-43.584865238718926
4F->5P,3.5564803062231287,4,5,38.779410165984764,6.151876970541303e-08,1.0795291715404143e-07,-43.013332731314755
4F->5P,3.72759372031494,4,5,38.528960864384835,6.054047660899871e-08,1.0517982218311363e-07,-42.44097836218026
4F->5P,3.906939937054617,4,5,38.28012904103955,5.9561723892429554e-08,1.0245937638744329e-07,-41.86796173031458
4F->5P,4.094915062380425,4,5,38.03290424977924,5.8583473463617936e-08,9.979202294273322e-08,-41.29443242448675
4F->5P,4.2919342601287775,4,5,37.78727611189875,5.760664195657387e-08,9.717806278193954e-08,-40.72052857666142
4F->5P,4.498432668969445,4,5,37.543234315721804,5.663210225154217e-08,9.461766628314134e-08,-40.14637596104747
4F->5P,4.714866363457394,4,5,37.300768616168114,5.566068444228291e-08,9.211088428231267e-08,-39.57208762464243
4F->5P,4.941713361323834,4,5,37.0598688343232,5.469317636999569e-08,8.965765843186902e-08,-38.99776402084255
4F->5P,5.17947467923121,4,5,36.796561288890416,5.373032384108836e-08,8.720104170509924e-08,-38.38339222735869
4F->5P,5.428675439323859,4,5,36.52721671067008,5.277283063995124e-08,8.478231107594737e-08,-37.7549043306006
4F->5P,5.689866029018296,4,5,36.25984368901035,5.182135843886283e-08,8.242040393847467e-08,-37.12557089923202
4F->5P,5.963623316594643,4,5,35.99442779245209,5.0876526695842874e-08,8.011477541487562e-08,-36.49545114196727
4F->5P,6.250551925273971,4,5,35.730954695172024,4.9938912618376436e-08,7.786481615961573e-08,-35.86459831099293
4F->5P,6.551285568595508,4,5,35.469410176209415,4.9009051257085066e-08,7.566985954514374e-08,-35.233061681782495
4F->5P,6.866488450043,4,5,35.209780118698596,4.80874357791911e-08,7.352918833152936e-08,-34.600888612595796
4F->5P,7.196856730011519,4,5,34.952050509106925,4.717451795750627e-08,7.144204084775554e-08,-33.968126613241445
4F->5P,7.543120063354617,4,5,34.69620743647848,4.627070889711761e-08,6.940761671174104e-08,-33.33482535600386
4F->5P,7.906043210907698,4,5,34.442237091683104,4.5376380009309346e-08,6.742508211540651e-08,-32.70103856656495
4F->5P,8.286427728546842,4,5,34.190125766671194,4.449186423085738e-08,6.549357470025653e-08,-32.06682573903984
4F->5P,8.685113737513525,4,5,33.939859853733715,4.3617457476893416e-08,6.361220804804445e-08,-31.432253626614536
4F->5P,9.102981779915218,4,5,33.69142584476776,4.275342030722471e-08,6.178007581013895e-08,-30.797397467407627
4F->5P,9.54095476349994,4,5,33.4448103305474,4.1899979779394926e-08,5.999625549823219e-08,-30.162341913772405
4F->5P,10.0,4,5,33.20000000000001,4.105733145689533e-08,5.825981195803317e-08,-29.527181642003008
4F->5D,1.0,4,5,103.00000000000001,2.109033874355042e-07,4.339228410502301e-07,-51.39610836685815
4F->5D,1.0481131341546857,4,5,104.0987476063689,2.1228240328782132e-07,4.344299438934234e-07,-51.13541175699907
4F->5D,1.0985411419875581,4,5,105.20921605062624,2.1349222006773084e-07,4.34657157685708e-07,-50.88261718627838
4F->5D,1.1513953993264474,4,5,106.33153036425317,2.1453804928067337e-07,4.3461691275668135e-07,-50.63743655995696
4F->5D,1.2067926406393286,4,5,107.46581691249844,2.154252329937665e-07,4.343215541148675e-07,-50.399598879499365
4F->5D,1.264855216855296,4,5,108.61220340860616,2.1615919693489268e-07,4.337832947325043e-07,-50.16885169167502
4F->5D,1.3257113655901092,4,5,109.77081892819506,2.167454084174502e-07,4.330141746387545e-07,-49.944962287141806
4F->5D,1.3894954943731377,4,5,110.94179392379222,2.171893391754824e-07,4.3202602542770957e-07,-49.72771861128897
4F->5D,1.4563484775012439,4,5,112.12526023952083,2.1749643309869174e-07,4.308304397884609e-07,-49.51692986097195
4F->5D,1.5264179671752334,4,5,113.32135112594474,2.1767207876642793e-07,4.294387456701303e-07,-49.312426752095895
4F->5D,1.599858719606058,4,5,114.53020125507211,2.1772158659711133e-07,4.278619847041058e-07,-49.114061454260806
4F->5D,1.676832936811008,4,5,115.75194673551842,2.1765017035722566e-07,4.2611089451809454e-07,-48.92170719939589
4F->5D,1.7575106248547918,4,5,116.98672512783094,2.1746293271391395e-07,4.2419589459127477e-07,-48.735257581065014
4F->5D,1.842069969326716,4,5,118.23467545997792,2.1716485446856507e-07,4.2212707531621933e-07,-48.55462556959066
4F->5D,1.93069772888325,4,5,119.49593824300185,2.1676078707615828e-07,4.19914189950826e-07,-48.37974227507244
4F->5D,2.023589647725157,4,5,120.77065548683973,2.1625544803642034e-07,4.175666491618455e-07,-48.21055549563265
4F->5D,2.120950887920191,4,5,122.0589707163132,2.156534187373252e-07,4.1509351788032763e-07,-48.047028091751955
4F->5D,2.2229964825261948,4,5,123.36102898728805,2.1495914433789294e-07,4.125035142081216e-07,-47.88913622940944
4F->5D,2.329951810515372,4,5,124.67697690300636,2.141769352939693e-07,4.0980501013322594e-07,-47.736867535040325
4F->5D,2.442053094548651,4,5,126.00696263059362,2.1331097015577843e-07,4.07006033830074e-07,-47.5902192042597
4F->5D,2.5595479226995357,4,5,127.3511359177411,2.1236529929749301e-07,4.041142733385891e-07,-47.44919610410253
4F->5D,2.6826957952797255,4,5,128.70964810956613,2.1134384927481203e-07,4.011370814329526e-07,-47.31380890546346
4F->5D,2.8117686979742302,4,5,130.08265216565317,2.102504275446582e-07,3.98081481507394e-07,-47.184072278742015
4F->5D,2.9470517025518106,4,5,131.4703026772759,2.09088727319906e-07,3.949541743218394e-07,-47.06000318165413
4F->5D,3.088843596477481,4,5,131.99999999999997,2.078623323701041e-07,3.891883152194729e-07,-46.590808551668516
4F->5D,3.237457542817644,4,5,131.99999999999997,2.06574721615393e-07,3.818840724228184e-07,-45.90643168100621
4F->5D,3.393221771895328,4,5,131.99999999999997,2.052292733944636e-07,3.746386656934293e-07,-45.219409476969254
4F->5D,3.5564803062231287,4,5,131.99999999999997,2.038292693180456e-07,3.67457498794879e-07,-44.52983814821355
4F->5D,3.72759372031494,4,5,131.99999999999997,2.0237789764690575e-07,3.603454704381804e-07,-43.83781280757767
4F->5D,3.906939937054617,4,5,131.99999999999997,2.0087825615774817e-07,3.533070034493079e-07,-43.14342648275016
4F->5D,4.094915062380425,4,5,131.99999999999997,1.9933335448200827e-07,3.4634607291440914e-07,-42.44676926616443
4F->5D,4.2919342601287775,4,5,131.99999999999997,1.9774611592162761e-07,3.3946623326937273e-07,-41.74792761649657
4F->5D,4.498432668969445,4,5,131.99999999999997,1.9611937876284735e-07,3.3267064431218896e-07,-41.04698382139106
4F->5D,4.714866363457394,4,5,131.99999999999997,1.9445589712413808e-07,3.2596209612675586e-07,-40.34401562796411
4F->5D,4.941713361323834,4,5,131.99999999999997,1.9275834138776867e-07,3.1934303291558966e-07,-39.639096044184086
4F->5D,5.17947467923121,4,5,131.68794776711567,1.9102929827623915e-07,3.120760696942141e-07,-38.78758519888497
4F->5D,5.428675439323859,4,5,131.27328468581206,1.892712706447336e-07,3.0469478543496026e-07,-37.881683674191
4F->5D,5.689866029018296,4,5,130.859927308439,1.8748667706864827e-07,2.974510359345497e-07,-36.968894231754405
4F->5D,5.963623316594643,4,5,130.44787152355545,1.8567785131075547e-07,2.903449942507404e-07,-36.04923281356625
4F->5D,6.250551925273971,4,5,130.0371132326669,1.8384704175533222e-07,2.8337658487353204e-07,-35.122712472033925
4F->5D,6.551285568595508,4,5,129.62764835018393,1.819964108962613e-07,2.765455048475794e-07,-34.189343993651136
4F->5D,6.866488450043,4,5,129.2194728033824,1.8012803496252372e-07,2.69851243598508e-07,-33.24913661301368
4F->5D,7.196856730011519,4,5,128.812582532362,1.782439037575975e-07,2.632931015187248e-07,-32.30209879049141
4F->5D,7.543120063354617,4,5,128.40697349000678,1.7634592077926275e-07,2.568702073685105e-07,-31.34823902474847
4F->5D,7.906043210907698,4,5,128.00264164194436,1.7443590367360883e-07,2.5058153454791445e-07,-30.387566670338828
4F->5D,8.286427728546842,4,5,127.59958296650568,1.725155850622834e-07,2.444259162943719e-07,-29.420092730872284
4F->5D,8.685113737513525,4,5,127.19779345468564,1.7058661376602054e-07,2.3840205986005343e-07,-28.445830599719592
4F->5D,9.102981779915218,4,5,126.79726911010235,1.686505564311297e-07,2.3250855972179804e-07,-27.46479672278558
4F->5D,9.54095476349994,4,5,126.39800594895834,1.6670889954983224e-07,2.2674390987513961e-07,-26.477011161343512
4F->5D,10.0,4,5,126.0,1.647630518509357e-07,2.2110651526241497e-07,-25.482498037024992
4F->5F,1.0,4,5,271.00000000000006,5.554952336788067e-07,1.1416804847049745e-06,-51.34407208314906
4F->5F,1.0481131341546857,4,5,278.8426949790263,5.627214707583723e-07,1.1636798628249588e-06,-51.64293129621535
4F->5F,1.0985411419875581,4,5,286.9123562478461,5.694781205467847e-07,1.185338261731642e-06,-51.95648879883088
4F->5F,1.1513953993264474,4,5,295.21555217318036,5.757652557837844e-07,1.2066568725545286e-06,-52.28426001793931
4F->5F,1.2067926406393286,4,5,303.75904120919165,5.81584582929302e-07,1.2276377981831974e-06,-52.62571877552165
4F->5F,1.264855216855296,4,5,312.5497773985834,5.86939377171536e-07,1.2482839676662462e-06,-52.98029996581146
4F->5F,1.3257113655901092,4,5,321.59491603289945,5.918344117067996e-07,1.2685990547733565e-06,-53.34740243736547
4F->5F,1.3894954943731377,4,5,330.9018194766323,5.962758826608327e-07,1.2885874008264846e-06,-53.72639199495599
4F->5F,1.4563484775012439,4,5,340.47806315987964,6.002713309111565e-07,1.308253941851642e-06,-54.11660445207143
4F->5F,1.5264179671752334,4,5,350.33144174442793,6.038295619122439e-07,1.3276041400559253e-06,-54.51734868145201
4F->5F,1.599858719606058,4,5,360.46997546828055,6.069605644307141e-07,1.3466439195946886e-06,-54.927909627854966
4F->5F,1.676832936811008,4,5,370.9019166737964,6.096754288782723e-07,1.36537960656044e-06,-55.34755126348194
4F->5F,1.7575106248547918,4,5,381.6357565247514,6.119862656981483e-07,1.3838178730974828e-06,-55.775519481598934
4F->5F,1.842069969326716,4,5,392.68023191779037,6.139061240290751e-07,1.401965685523966e-06,-56.2110449372635
4F->5F,1.93069772888325,4,5,404.04433259389526,6.154489106522572e-07,1.419830256325251e-06,-56.653345855219484
4F->5F,2.023589647725157,4,5,415.73730845565973,6.166293090337153e-07,1.4374189998688152e-06,-57.10163083345974
4F->5F,2.120950887920191,4,5,427.76867709632097,6.174626981183711e-07,1.4547394916807564e-06,-57.555101676316234
4F->5F,2.2229964825261948,4,5,440.1482315466823,6.179650704230349e-07,1.4717994311169852e-06,-58.01295629296135
4F->5F,2.329951810515372,4,5,452.8860482462338,6.181529489203602e-07,1.488606607257809e-06,-58.4743916957972
4F->5F,2.442053094548651,4,5,465.9924952449489,6.180433022089114e-07,1.5051688678525268e-06,-58.938607128468334
4F->5F,2.5595479226995357,4,5,479.47824064244514,6.176534575259872e-07,1.5214940911406028e-06,-59.40480734545888
4F->5F,2.6826957952797255,4,5,493.35426127137083,6.17001011275886e-07,1.5375901603774118e-06,-59.87220605493215
4F->5F,2.8117686979742302,4,5,507.6318516320874,6.161037369091533e-07,1.5534649408954745e-06,-60.340029524322034
4F->5F,2.9470517025518106,4,5,522.3226330859205,6.149794901867595e-07,1.5691262595359933e-06,-60.80752033500381
4F->5F,3.088843596477481,4,5,534.3081116584873,6.136461120833575e-07,1.5753520741247326e-06,-61.047049598465165
4F->5F,3.237457542817644,4,5,544.6238970663602,6.12121329810703e-07,1.5756302405339965e-06,-61.15069931615116
4F->5F,3.393221771895328,4,5,555.1388473872469,6.104226566607523e-07,1.5755793716647462e-06,-61.25725763877043
4F->5F,3.5564803062231287,4,5,565.8568078603626,6.085672915639617e-07,1.5752146007001765e-06,-61.366070928148076
4F->5F,3.72759372031494,4,5,576.7816979642254,6.065720194202801e-07,1.5745505476746312e-06,-61.476497511236225
4F->5F,3.906939937054617,4,5,587.9175128499828,6.044531133797276e-07,1.5736013237908896e-06,-61.58791275520996
4F->5F,4.094915062380425,4,5,599.2683248024073,6.022262403214909e-07,1.5723805372523514e-06,-61.69971415610065
4F->5F,4.2919342601287775,4,5,610.8382847291028,5.999063708038838e-07,1.5709013004069181e-06,-61.811326360956784
4F->5F,4.498432668969445,4,5,622.6316236784583,5.975076947345409e-07,1.5691762380170994e-06,-61.92220604298815
4F->5F,4.714866363457394,4,5,634.6526543869116,5.950435439457836e-07,1.567217496487631e-06,-62.0318465510138
4F->5F,4.941713361323834,4,5,646.9057728560855,5.925263227611098e-07,1.565036753897469e-06,-62.13978225843453
4F->5F,5.17947467923121,4,5,655.366069622254,5.899674475130599e-07,1.553096321163342e-06,-62.01346693866697
4F->5F,5.428675439323859,4,5,662.5852558337338,5.87377295828245e-07,1.5379082868370362e-06,-61.80674095746737
4F->5F,5.689866029018296,4,5,669.8839650049321,5.847651663390902e-07,1.5226791229755697e-06,-61.59629711108396
4F->5F,5.963623316594643,4,5,677.2630731211675,5.821392493194219e-07,1.5074216296131453e-06,-61.381790078943055
4F->5F,6.250551925273971,4,5,684.7234658171739,5.795066085760795e-07,1.4921478376628214e-06,-61.16292273801962
4F->5F,6.551285568595508,4,5,692.2660384833986,5.768731747630186e-07,1.4768690440487624e-06,-60.9394497712844
4F->5F,6.866488450043,4,5,699.8916963734622,5.742437501180783e-07,1.4615958458368238e-06,-60.711180744407486
4F->5F,7.196856730011519,4,5,707.6013547128088,5.716220244549022e-07,1.4463381733254232e-06,-60.47798260481309
4F->5F,7.543120063354617,4,5,715.3959388085515,5.690106020725998e-07,1.4311053220691647e-06,-60.23978156618861
4F->5F,7.906043210907698,4,5,723.2763841605233,5.664110390734833e-07,1.4159059838169898e-06,-59.996564351924256
4F->5F,8.286427728546842,4,5,731.2436365735604,5.638238904062353e-07,1.4007482763547768e-06,-59.7483787826963
4F->5F,8.685113737513525,4,5,739.2986522710108,5.612487657818583e-07,1.3856397722493491e-06,-59.4953337063379
4F->5F,9.102981779915218,4,5,747.4423980095056,5.586843934487951e-07,1.3705875264970585e-06,-59.23759828190776
4F->5F,9.54095476349994,4,5,755.6758511949829,5.561286906696334e-07,1.3555981030853176e-06,-58.97540064390071
4F->5F,10.0,4,5,764.0000000000001,5.53578839623999e-07,1.3406776004800402e-06,-58.709025986129284
4F->5G,1.0,4,5,732.9999999999999,2.697779992160219e-06,3.0880140047555202e-06,-12.637054495036082
4F->5G,1.0481131341546857,4,5,760.9837792291471,2.8556746987796624e-06,3.175774426839478e-06,-10.079422686779992
4F->5G,1.0985411419875581,4,5,790.0358966574017,3.0199952171648286e-06,3.2639227835852883e-06,-7.47344782931767
4F->5G,1.1513953993264474,4,5,820.1971382879101,3.190670453758147e-06,3.3524538476349804e-06,-4.825820167247485
4F->5G,1.2067926406393286,4,5,851.509847213186,3.367595721524995e-06,3.4413648061398826e-06,-2.1435996696215764
4F->5G,1.264855216855296,4,5,884.0179830601966,3.55063253129771e-06,3.530655131375871e-06,0.565826997497032
4F->5G,1.3257113655901092,4,5,917.7671837048803,3.7396086795144556e-06,3.6203264532667857e-06,3.294791997004465
4F->5G,1.3894954943731377,4,5,952.8048293427433,3.934318627495893e-06,3.71038243452267e-06,6.035393842145331
4F->5G,1.4563484775012439,4,5,989.1801090054892,4.134524164101071e-06,3.8008286489811033e-06,8.779546407845107
4F->5G,1.5264179671752334,4,5,1026.944089617049,4.339955340654339e-06,3.8916724636327684e-06,11.519028931923803
4F->5G,1.599858719606058,4,5,1066.149787685974,4.550311664429506e-06,3.982922924716156e-06,14.24553651772673
4F->5G,1.676832936811008,4,5,1106.852243734823,4.765263534699173e-06,4.074590648180282e-06,16.95073066609394
4F->5G,1.7575106248547918,4,5,1149.10859957106,4.9844539033891876e-06,4.166687714738071e-06,19.626289384697102
4F->5G,1.842069969326716,4,5,1192.978178507911,5.207500140704703e-06,4.2592275696657046e-06,22.263956445826306
4F->5G,1.93069772888325,4,5,1238.5225686478234,5.433996084706438e-06,4.352224927444549e-06,24.855589389242837
4F->5G,2.023589647725157,4,5,1285.8057093454456,5.6635142527082835e-06,4.445695681291174e-06,27.393205894457793
4F->5G,2.120950887920191,4,5,1334.893980971503,5.895608191539987e-06,4.539656817576948e-06,29.86902817660082
4F->5G,2.2229964825261948,4,5,1385.856298103597,6.129814943171534e-06,4.634126335101345e-06,32.27552509177505
4F->5G,2.329951810515372,4,5,1438.7642062747489,6.365657601926913e-06,4.729123169151279e-06,34.60545167127329
4F->5G,2.442053094548651,4,5,1493.691982415529,6.602647939517688e-06,4.8246671202526165e-06,36.85188583895458
4F->5G,2.5595479226995357,4,5,1550.716739130759,6.8402890743864956e-06,4.9207787874981415e-06,39.008262102029704
4F->5G,2.6826957952797255,4,5,1609.9185329571974,7.078078162345444e-06,5.017479506318943e-06,41.06840204192985
4F->5G,2.8117686979742302,4,5,1671.380476754178,7.3155090861940305e-06,5.114791290552382e-06,43.02654146820481
4F->5G,2.9470517025518106,4,5,1735.1888563850046,7.5520751228702995e-06,5.212736778649336e-06,44.87735413387026
4F->5G,3.088843596477481,4,5,1793.993822290906,7.78727156768903e-06,5.289404797057124e-06,47.2239669011842
4F->5G,3.237457542817644,4,5,1850.1142488818502,8.020598296315383e-06,5.352493665230946e-06,49.84788022106543
4F->5G,3.393221771895328,4,5,1907.9902569255376,8.251562246280962e-06,5.4152039697776285e-06,52.37768129018059
4F->5G,3.5564803062231287,4,5,1967.676765217573,8.479679801050504e-06,5.477557443815515e-06,54.80768368069899
4F->5G,3.72759372031494,4,5,2029.230410545117,8.704479060882802e-06,5.539575658449563e-06,57.13259638589439
4F->5G,3.906939937054617,4,5,2092.709601429779,8.925501986003638e-06,5.601279987657203e-06,59.34754209165729
4F->5G,4.094915062380425,4,5,2158.1745735517175,9.142306398937292e-06,5.662691577373993e-06,61.448072423130796
4F->5G,4.2919342601287775,4,5,2225.6874469075387,9.354467834251132e-06,5.723831318459313e-06,63.430180132720594
4F->5G,4.498432668969445,4,5,2295.3122847562313,9.561581225481714e-06,5.784719823238925e-06,65.29030821976929
4F->5G,4.714866363457394,4,5,2367.1151544090712,9.763262420654432e-06,5.845377405337806e-06,67.02535599735515
4F->5G,4.941713361323834,4,5,2441.164189921182,9.959149519595187e-06,5.905824062533021e-06,68.63268214806395
4F->5G,5.17947467923121,4,5,2509.532206758437,1.014890402816021e-05,5.947126985692066e-06,70.65221665145232
4F->5G,5.428675439323859,4,5,2577.087135330171,1.0332211826557915e-05,5.981605576686613e-06,72.73308468929893
4F->5G,5.689866029018296,4,5,2646.4605973967323,1.0508783951063869e-05,6.015534796990983e-06,74.69409297275521
4F->5G,5.963623316594643,4,5,2717.701546663519,1.0678357190577732e-05,6.0489376386548574e-06,76.53277035523134
4F->5G,6.250551925273971,4,5,2790.8602546369434,1.0840694501567652e-05,6.081836393916642e-06,78.24705893784085
4F->5G,6.551285568595508,4,5,2865.988346098747,1.0995585246914565e-05,6.114252662503327e-06,79.83531027997621
4F->5G,6.866488450043,4,5,2943.1388355352697,1.1142845265930677e-05,6.146207360408519e-06,81.29627935608809
4F->5G,7.196856730011519,4,5,3022.366164547355,1.1282316784318002e-05,6.177720729952777e-06,82.62911642501918
4F->5G,7.543120063354617,4,5,3103.726240267348,1.141386817400787e-05,6.208812350947647e-06,83.83335699082257
4F->5G,7.906043210907698,4,5,3187.276474810191,1.153739357365956e-05,6.2395011528003725e-06,84.90891004133275
4F->5G,8.286427728546842,4,5,3273.0758257865573,1.1652812381100022e-05,6.269805427411467e-06,85.85604475306607
4F->5G,8.685113737513525,4,5,3361.184837906588,1.1760068629188925e-05,6.299742842730831e-06,86.67537584901062
4F->5G,9.102981779915218,4,5,3451.6656857035096,1.1859130256546407e-05,6.32933045685078e-06,87.36784779044436
4F->5G,9.54095476349994,4,5,3544.5822174073974,1.1949988284352623e-05,6.358584732526542e-06,87.93471797621817
4F->5G,10.0,4,5,3639.9999999999973,1.2032655910091519e-05,6.387521552025317e-06,88.37753911415417
